Date,Title
2021-12-01,Don't Own These 10 Stocks? Then You're Probably Underperforming the Market
2021-12-01,Is A Stock Market Crash Like 2000 Possible?
2021-12-01,"Stock market pullback, correction, crash: How to tell the difference"
2021-12-01,"Stock Market News for Dec 1, 2021"
2021-12-01,History says expect strong December for U.S. stocks
2021-12-01,Will the stock market keep going up or crash in 2022? What 2 leading forecast models predict.
2021-12-01,Here's What Wall Street's Biggest Banks Predict For Stocks In 2022—And What To Watch For
2021-12-01,Wall Street strategists see more gains in 2022
2021-12-01,S&P 500 Sees Most Volatile Session Since March on Virus Worries
2021-12-02,What's Next For Royal Caribbean Stock Amid Renewed Covid Fears?
2021-12-02,Apple Stock To The Moon? The Impressive Late November Run
2021-12-02,Should You Hold Las Vegas Sands Stock For Strong Gains?
2021-12-02,"Stock Market Today: Dow, S&P Live Updates for Dec. 3, 2021"
2021-12-02,Picking the Losers is Easier Than Picking the Winners in the Stock Market
2021-12-02,'My retirement returns aren't matching the S&P 500'
2021-12-02,Stocks fall on Friday to cap tumultuous week of trading from new Covid variant threat
2021-12-02,Through the Looking Glass: Predicting S&P 500 Constituent Changes
2021-12-02,Why Tesla (TSLA) Skyrocketed During the Pandemic
2021-12-03,"The Markets Are Confused, but Wall Street Is Still Making Predictions (Published 2021)"
2021-12-03,Intraday swings and volatility pings | Active Trader Commentary
2021-12-03,More Than Half Of S&P 500 Stocks Now Trade Below Their 200-Day Moving Average
2021-12-03,E-mini S&P 500 ESG futures – Answering the liquidity question
2021-12-03,"SolarEdge, FactSet and Signature Bank to join S&P 500 index"
2021-12-03,Industry Analysts Expect S&P 500 To Report Record-High EPS in 2022
2021-12-03,"New S&P 500 Contenders: Fast-Growing FactSet, Molina, Signature"
2021-12-06,Is Private Equity Overrated?
2021-12-06,Hedge Funds' 25 Top Blue-Chip Stocks to Buy Now
2021-12-06,"Stock Market News for Dec 6, 2021"
2021-12-06,"What we get right, and wrong, with our Company of the Year"
2021-12-06,Israeli smart energy tech firm SolarEdge to list on S&P 500 index
2021-12-06,This Day In Market History: The 1974 Bear Market Bottom - SPDR S&P 500 (ARCA:SPY)
2021-12-06,Wall Street regains some ground with help from easing virus fears
2021-12-06,5 Best Inverse-Leveraged ETFs of Last Week
2021-12-06,I'm following Warren Buffett's advice for his wife's money via an S&P 500 ETF
2021-12-06,Speedy Dip-Buying Mini S&P Corrections Has Become a Market Habit
2021-12-07,The Stock Market's Covid Pattern: Faster Recovery From Each Panic (Published 2021)
2021-12-07,"S&P 500 rises for a third day, nears another record as investors bet economy bucks omicron threat"
2021-12-07,Equal-Weight Strategy ETF Outpaces Health Care Index
2021-12-07,Dow surges 500 points after Omicron sell-off
2021-12-07,Japanese Billionaire Yusaku Maezawa Heading Into Space On Wednesday - SPDR S&P 500 (ARCA:SPY)
2021-12-08,"S&P 500 and Stoxx Rebound, Omicron Grip on Equities Lasted Just Two Weeks"
2021-12-08,"Wall Street: How S&P 500, Dow Jones, Nasdaq, Russell 2000 fared on Tuesday"
2021-12-08,S&P 500: The World's Most Misleading Stock Market Indicator?
2021-12-08,Software developer EPAM rises 17% as it joins S&P 500
2021-12-08,"Why this month echoes December 2018 when stocks plummeted, according to top strategist"
2021-12-08,Which ETFs would have tripled your money in five years?
2021-12-08,Wall Street Strategist Forecasts for 2022 Differ by Second-Most in a Decade
2021-12-08,CBOE Volatility Index (VIX): What it is & How to Trade
2021-12-08,Is Helmerich & Payne Stock A Gamble?
2021-12-08,"Move over Real Estate Investing, Art Investing is the Billionaire’s Portfolio Diversification"
2021-12-08,What Investors Can Expect of the SPX for the Rest of 2021
2021-12-08,BofA Says S&P 500 Real Earnings Yield is Lowest Since Harry Truman Was President
2021-12-09,What Goes Up …
2021-12-09,"Stock market news live updates: December 9, 2021"
2021-12-09,What is ESG Investing? MSCI Ratings Focus on Corporate Bottom Line
2021-12-09,"S&P 500 rises to record close Friday despite inflation fears, posts best week since February"
2021-12-09,Devon Energy (DVN) S&P's Top Stock Jumps 184% by Putting Investors Over Growth
2021-12-10,US stocks close at record high after inflation falls short of worst fears
2021-12-10,US stocks surge as inflation data meets expectations
2021-12-10,S&P 500 CY 2022 Earnings Preview: Record-High Net Profit Margin Expected in 2022
2021-12-10,Who are the Longest Serving Active CEOs in the S&P 500?
2021-12-10,The Company With The Youngest 20-Something CEO Tops Warren Buffett
2021-12-13,These 5 stocks are driving the market
2021-12-13,Stocks May Hit Bubble in 2022-'23 on Loose Policy: Stifel
2021-12-13,Daytona Beach insurance firm Brown & Brown hits milestone in a big year - Orlando Business Journal
2021-12-13,These companies dominated 2021
2021-12-13,S&P 500 Buybacks Hit Record After Covid Pullback
2021-12-13,"Highly valued S&P 500 index is ‘near the top of its 85-year trend channel,’ says Deutsche Bank"
2021-12-13,"European Stocks Stoxx 600 May Outperform S&P 500 in 2022, Strategists Say"
2021-12-13,5 giant stocks are driving the S&P 500 to records: Goldman Sachs
2021-12-14,Capped vs. Uncapped Indexed Annuity Strategies
2021-12-14,S&P 500 Bullish Percent Index Turns Positive (Again)
2021-12-14,Grab a Slice of the Discounted Small-Cap Pie
2021-12-14,EPAM Systems Set to Join the S&P 500
2021-12-14,"Stock market news live updates: December 14, 2021"
2021-12-15,Stock Market Outlook: Fed Inflated Bubble Could Drive 45% Upside Ahead
2021-12-15,Top 5 ETFs of 2021
2021-12-15,"After a dazzling 2021, Apple and Tesla stocks are expected to be duds in 2022"
2021-12-15,The Long-term Outlook for the Stock Market Looks Bleak: When and Where Will It Top?
2021-12-16,Are Odds In Favor Of Boeing Stock?
2021-12-16,"Stock Market Today: Dow, S&P Live Updates for Dec. 17, 2021"
2021-12-16,"Dow tumbles more than 500 points to end a volatile week, S&P 500 sheds 1%"
2021-12-16,This Legal Way To Dodge Taxes Is Working Again This Year
2021-12-17,S&P 500 CY 2021 Earnings Preview: Record-High Earnings and Sales Growth in CY 2021
2021-12-17,Gold Makes A Bullish Move: Here's Why That Could Continue
2021-12-17,Leverage Shares Launches 5X Nasdaq 100 Product - ETF Focus on TheStreet: ETF research and Trade Ideas
2021-12-20,"This Day In Market History: NYSE Gets Computerized - SPDR Dow Jones Industrial Average ETF (ARCA:DIA), SP"
2021-12-20,SPY Stock: The S&P 500 ETF | Learn More
2021-12-20,"Stock Market News for Dec 20, 2021"
2021-12-20,"Bitcoin Replaying Pattern From S&P 500, According to Crypto Analyst Nicholas Merten – Here’s His Target"
2021-12-20,Wall Street joins global slump for stocks; S&P 500 down 1.3%
2021-12-20,Walmart Appears To Be Greener Than Costco. But Is It Really?
2021-12-20,S&P 500 Beaters? Bank Of America Names Top 11 Picks For 2022
2021-12-20,"Stock Market Today: Dow, S&P Live Updates for Dec. 21, 2021"
2021-12-20,Where Are Analysts Most Optimistic on Ratings for S&P 500 Companies for 2022?
2021-12-20,What is the Average Annual Return of the S&P 500?
2021-12-21,Stock Market Outlook: 11% Upside Potential in 2022 for 3 Key Reasons
2021-12-21,S&P 500 Dispersion
2021-12-21,"Stock Market News for Dec 21, 2021"
2021-12-21,Tesla Stock Outperforms S&P 500 Since Joining Benchmark a Year Ago
2021-12-22,S&P 500 or Nasdaq? Choosing right ETF to build your US stocks passive investment portfolio | Webinar
2021-12-22,The Nasdaq has a Weight Problem
2021-12-22,15 Stocks That Outperformed the S&P 500 in 2021
2021-12-22,"Harry Dent's Stock Market Crash Predictions, 1999-2021: How Did They Turn"
2021-12-22,VIX and Biotech ETFs Invigorated Amid Pfizer COVID Pill News
2021-12-22,Less rosy outlook for S&P 500 in 2022
2021-12-22,Does This Wildly Accurate S&P 500 Ratio Signal Doom for Investors in 2022?
2021-12-22,"Stock Market News for Dec 22, 2021"
2021-12-22,Is Carnival's Stock Overvalued Or Undervalued? - Carnival (NYSE:CCL)
2021-12-23,S&P 500 hits record close as Omicron fears ebb
2021-12-23,Personal Finance: Here Are Some Cheap Alternatives to Expensive Stocks
2021-12-23,LIVE MARKETS S&P 500 puts another record-high close under the tree
2021-12-23,"After another stunning US stock market year, investors wonder how much gas is left"
2021-12-23,"Stock Market News for Dec 23, 2021"
2021-12-23,"Best Mutual Funds: This One Topped The S&P 500 Over Periods Long, Short"
2021-12-23,Should You Pick Diamondback Energy Stock For Near Term Gains?
2021-12-23,It looks like Santa Claus is on his way to stock investors in the week ahead
2021-12-27,"S&P 500 closes at record, Dow adds 350 points as investors look for Santa rally"
2021-12-27,Did the Tax Cuts and Jobs Act Really Lower Corporate Taxes?
2021-12-27,Apple Stock: What Happens After The Santa Claus Rally?
2021-12-27,Markets Acting Like December 1999 Based on NYSE Stocks Touching New Lows
2021-12-27,"Stock market news live updates: December 27, 2021"
2021-12-28,200 Large Cap ETFs Ranked For 2022 - ETF Focus on TheStreet: ETF research and Trade Ideas
2021-12-28,"Dow adds 95 points, S&P, Nasdaq slip"
2021-12-28,LIVE MARKETS S&P 500: Echoes from 1929 and 2000?
2021-12-28,Stock Market Today: S&P Takes a Small Step Back From Recent Highs
2021-12-28,"Stock market news live updates: December 28, 2021"
2021-12-28,S&P 500 Falls Short of 70th Closing Record as Covid Cases Spike
2021-12-28,"S&P 500 posts 70th record close, Dow rises for sixth straight day"
2021-12-28,Nasdaq is poised to underperform S&P 500 for first time since 2016 as investors shun tech stocks
2021-12-29,"Stock market news live updates: December 29, 2021"
2021-12-29,"4 Ways To Grow $100,000 Into $1 Million for Retirement Savings"
2021-12-29,S&P 500 in 2021: These Were the Year's 10 Worst-Performing Stocks
2021-12-29,S&P 500 in 2021: Here Are the Year's 10 Best-Performing Stocks
2021-12-29,Here's where stock investors should consider putting their money in 2022
2021-12-29,"Stocks finish higher, scoring record highs for S&P 500, Dow"
2021-12-29,"Stock Market News for Dec 29, 2021"
2021-12-29,Investors Lose $201 Billion On These 7 Giant Losers This Year
2021-12-29,"Dow falls, snaps 6-day win streak ahead of 2021's final trading day"
2021-12-29,3 Charts That Show Why the Dow Could Keep Underperforming the S&P 500 and Nasdaq in 2022
2021-12-29,S&P 500: Will Rally Continue?
2021-12-29,"Stock Market Today: Dow Up 6 Straight Days, S&P Sets Another Record"
2021-12-29,What BTC price slump? Bitcoin outperforms stocks and gold for 3rd year in a row
2021-12-29,Arcane Research releases its crypto predictions for 2022
2021-12-29,"Macro Asset: Bitcoin Trounces Gold, S&P 500, & More In 2021 | Bitcoinist.com"
2021-12-29,Bank of America Predicts an S&P 500 Slump in 2022 — But Still Believes in These 3 Sectors
2021-12-29,S&P 500 generates double-digit gains for third consecutive year
2021-12-30,"Stock Market News for Dec 30, 2021"
2021-12-30,"S&P 500 ends 2021 with a nearly 27% gain, but dips in final trading day"
2021-12-30,8 Charts That Tell The Stock Market Story Of 2021
2021-12-30,AI-Powered Stock Fund Bails Out of Mega-Cap FANG Names
2021-12-30,"Stocks Open Slightly Higher; S&P 500, Dow Hover Near Records"
2021-12-30,From The Oilers To The Warriors: The Franchises That Scored Highest Jumps In Value Over The Past 20 Years
2021-12-30,Texas hedge fund reaps profits with convexity strategy
2021-12-30,These are the best-performing S&P 500 and Nasdaq-100 stocks of 2021
2021-12-31,"For First Time, All 11 S&P 500 Sectors in Double Digits: Chart"
2021-12-31,Analysts Are Forecasting The S&P 500 To Rise 9.6% In 2022
2021-12-31,Three Monster Years for the S&P 500 Set a Towering Bar for January
2021-12-31,"2021 stock market recap: high risk, high reward - The Washington Post"
2021-12-31,"Stock market news live updates: December 31, 2021"
2021-12-31,The Stock Market's 2021 Rally Thrashed Wall Street's Year-Ago Estimates
2021-12-31,S&P 500 Notches 70 All-Time Highs In Biden's First Year
2021-12-31,Daily Global Market Summary - 31 December 2021
2021-12-31,Macroeconomic Headwinds To Weigh On Williams Companies Stock
2021-12-31,12 Charts Show 2022's Stock Market Headwinds
2021-12-31,"Stocks surged in 2021, as Wall Street rolled its eyes at Covid"
2021-12-31,"Bitcoin-HODLing Companies Keep Up With S&P 500, But Not Bitcoin"
2021-12-31,71 years of stock market data reveals investors may be happy in the New Year
2021-12-31,"Canadian Stocks Close Out Best Year Since 2009, Led by Energy"
2021-12-31,How Biden's 2021 Stock Market Performance Compares to Trump's First Year
2021-12-31,The S&P 500 rang up 68 records in Biden's 1st year? Here's how stock-market returns stack up for the 46th president against others.
2022-01-03,Byron Wien Sees Stocks Stalling in 2022 as Rates Rise
2022-01-03,"S&P 500, Dow hit record highs on 1st trading day of 2022"
2022-01-03,Charted: S&P 500 recorded 70 closing highs in 2021
2022-01-03,"S&P 500: 12 Stocks Turned $10,000 Into $413,597 In 12 Months"
2022-01-03,The U.S. Stock Market in 2021: Best and Worst Performing Sectors
2022-01-03,How Much $10000 Invested In Tesla Stock 10 Years Ago Is Worth Now
2022-01-03,"Dow, S&P hit records as trading 2022 kicks off"
2022-01-03,What Does Equal Weight S&P500 Say About Top 5 Stocks? - The Big Picture
2022-01-03,2021 was one of the best years ever for stocks. Here's what Wall Street says to expect for 2022
2022-01-03,Top 7 Dividend ETF Picks For 2022 - ETF Focus on TheStreet: ETF research and Trade Ideas
2022-01-03,Volatility Index - How To Trade The VXX & VIX
2022-01-03,2 of the best ETFs for diversification
2022-01-03,5 predictions for the stock market in 2022: Morning Brief
2022-01-04,The maximum amount of money you could have made trading in 2021
2022-01-04,"Stock market news live updates: Stock futures unchanged after Dow, S&P 500 start year at all-time highs"
2022-01-04,"Stock Market Today: Dow, S&P Live Updates for Jan. 5, 2022"
2022-01-04,The world's 500 richest people became $1 trillion richer last year
2022-01-04,Solid Santa Claus Rally Is Signaling Strong Year for Stocks
2022-01-04,There are times when it makes sense to sell stocks. Here are some of them
2022-01-04,2022 stock market predictions: 5 reasons stocks will go down
2022-01-04,"How Every Asset Class, Currency, and S&P 500 Sector Performed in 2021"
2022-01-04,US REIT stocks outperform broader market in 2021
2022-01-04,22.70% vs 15.19%; My Performance vs S&P 500 for Close to 7 Years - PR Newswire APAC
2022-01-04,"Nasdaq, S&P 500 fall with growth shares; banks boost Dow"
2022-01-04,Is This the Greatest Bull Market in History?
2022-01-04,"Dow, S&P 500 Nab Intraday Highs as Bond Yields Rise"
2022-01-04,"Dow drops nearly 400 points in first loss of 2022, as traders brace for a more aggressive Fed"
2022-01-04,Tech stocks slide on S&P 500 while the Dow posts another record close
2022-01-05,What Do Index Futures Contracts Represent?
2022-01-05,LIVE MARKETS 2021 saw a lot less volatility in the S&P 500
2022-01-05,"Gold will outperform the S&P 500 and bitcoin in 2022, Gareth Soloway predicts"
2022-01-05,Barclays likes these 3 dividend stocks to beat the S&P 500 in 2022 — if you're looking for passive income in the new ...
2022-01-05,How Much Can We Trust Index Funds on Climate Change?
2022-01-05,Income Opportunities: Examining Price and Total Return in 2021
2022-01-05,Energy Was The Top-Performing Sector In 2021
2022-01-06,ViacomCBS Stock Slides Below Pre-Covid Level – What's Next?
2022-01-06,What goes up must come down: The stock market cycle
2022-01-06,"Stock Market News for Jan 6, 2022"
2022-01-06,Video; The Best Performing S&P 500 Stocks in 2021
2022-01-06,"Stock market news live updates: January 6, 2022"
2022-01-07,More S&P 500 Companies Issuing Negative EPS Guidance for First Time Since Q2 2020
2022-01-07,The Winners and Losers on the U.S. Stock Market
2022-01-07,Charts: The Footprints of the Flow of Money
2022-01-07,"Stock Market News for Jan 7, 2022"
2022-01-07,How Markets Reacted To Anheuser-Busch InBev's Proposed Entry Into Biotech?
2022-01-07,Nancy Pelosi makes millions off tech stocks – and scoffs at push to ban congressional trades
2022-01-10,5 Reasons Why You Should Invest in S&P Global (SPGI) Stock
2022-01-10,How much money 45-year-olds should invest each month to become a millionaire by age 65
2022-01-10,LIVE MARKETS S&P 500 Q4 EPS expected to grow 20%
2022-01-10,Energy Was the S&P 500's Best-Performing Sector in 2021. Can the Outperformance Continue?
2022-01-10,How to Beat the S&P 500 in 2022
2022-01-10,Three new Risk-Managed Income ETFs seek to offer income and downside protection
2022-01-10,Apple is still bigger than all these companies combined
2022-01-10,Autoshop owner sued after dumping 500 pounds of pennies on ex-employee's driveway
2022-01-10,Earnings are the most important driver of stock prices
2022-01-11,"Crypto Prices Move More in Sync With Stocks, Posing New Risks"
2022-01-11,2021: The year in review
2022-01-11,"Bitcoin and Stocks Are More Correlated, Posing Market Risks, Says IMF"
2022-01-11,"Stock market news live updates: January 11, 2022"
2022-01-11,"Bitcoin’s Correlation With S&P 500, Nasdaq Hits Highest Level Since July 2020"
2022-01-11,Why Isn't the Stock Market Down More Right Now?
2022-01-11,Bitcoin is trading in tandem with stocks? This chart shows that relationship as markets face a more hawkish Fed
2022-01-12,"Stock Market News for Jan 12, 2022"
2022-01-12,This Dividend Yield Indicator Shows Why The S&P 500 Could Disappoint Investors In 2022
2022-01-12,"Target, McDonald’s among stocks with the best income compounders from the S&P 500 Dividend Aristocrats over 5 years"
2022-01-12,Insights from JP Morgan's «Guide to Financial Markets 2022»
2022-01-12,Time for a Nancy Pelosi ETF?
2022-01-12,Big Lots is opening 500 stores
2022-01-12,"Stock Market Today: Dow, S&P Live Updates for Jan. 13, 2022"
2022-01-13,"Bitcoin Outperformed Crude Oil, S&P 500, NASDAQ, and Gold in 2021 (CoinGecko Report)"
2022-01-13,Op-ed: These big names propelled the S&P 500 last year. Here’s what’s ahead for 2022
2022-01-13,10 of the Oldest Companies in the S&P 500
2022-01-13,Hedge funds still can't match the S&P 500
2022-01-13,Your Money: Stock dividends are a great way to beat inflation
2022-01-13,"Profits for S&P 500 companies rose 22% in the fourth quarter and nearly 50% in 2021, estimates show"
2022-01-14,"Diversity continues to rise among CFOs and CEOs, survey shows"
2022-01-14,How To Invest In The S&P 500 - A Step by Step Guide
2022-01-14,Netflix shares slide as streamer tees up Q4 earnings
2022-01-14,TikTok Stars Like the D'Amelio Sisters and Addison Rae Are Earning More Than Many S&P 500 CEOs
2022-01-14,Is the Fed Responsible for an 800% Gain in the Stock Market?
2022-01-14,"Stock Sectors Are Risky Bets, Rising and Falling Frequently"
2022-01-14,Bear Market Mania With Charlie Bilello
2022-01-14,BlackRock now manages more than $10 trillion in assets
2022-01-18,What happens to the stock market when interest rates rise?
2022-01-18,LIVE MARKETS U.S. stocks body-slammed
2022-01-18,Big Tech Needs Big Profits With Multiples Under Fire: Tech Watch
2022-01-18,Investors Race To Buy 13 'Cheap' S&P 500 Value Stocks
2022-01-18,S&P 500 Likely to Report Earnings Growth of More Than 25% for the Fourth Straight Quarter
2022-01-18,Motilal Oswal AMC halts lump sum investments in 3 international funds
2022-01-18,"Stock market news live updates: January 18, 2022"
2022-01-19,LIVE MARKETS Stifel's Bannister sees S&P 500 drop to 4200 possible in Q1
2022-01-19,"Flush with cash, big companies are ready to buy up rivals and reward investors"
2022-01-19,"Wall Street sell-off deepens, Nasdaq confirms correction"
2022-01-19,Cathie Wood's Famous Outperformance Versus the S&P 500 Is Fading
2022-01-19,Does the S&P 500 Need to Touch this Line? See the Technical History
2022-01-19,"Women Make Gains on Bank Boards, But Men Still Hold the Power"
2022-01-19,"Short interest declines in US stocks, signaling a bear retreat"
2022-01-19,Here's What Happens To The Stock Market If Republicans Take Congress In November
2022-01-20,How Often Should You Expect a Stock Market Correction?
2022-01-20,LIVE MARKETS S&P 500: Enough already?
2022-01-20,Report: Stark Gap in Climate Disclosures Exists Between Large & Small Public Companies
2022-01-20,Why The S&P 500 Is A Useless Benchmark For Actively Traded Funds
2022-01-20,What’s Happening With BioNTech Stock?
2022-01-20,Biden stock market gets Trumped
2022-01-20,"Stock Market News for Jan 20, 2022"
2022-01-20,"Stock Market Today: Dow, S&P Live Updates for Jan. 21, 2022"
2022-01-21,"US stock markets closing: How S&P 500, Dow Jones, Nasdaq, Russell 2000 fared on Thursday"
2022-01-21,Netflix Drop Highlights Benefits of Equal Weighting
2022-01-21,The S&P 500 Has Outperformed Cathie Wood's ARKK Since March 2020 Crash
2022-01-21,"S&P 500, Nasdaq post worst weeks since pandemic start as Netflix woes deepen slide"
2022-01-21,Nasdaq Correction Deepens as Stocks Slide on Rate Concerns
2022-01-21,S&P 500 Risk Profile
2022-01-21,Double Your Exposure to the S&P 500 With an Equal-Weight Strategy
2022-01-21,VIX Curve Inverts in Time-Honored Bull Signal Tied to Peak Panic
2022-01-21,"Clyburn To Join IFF, Become Latest Black CEO Of Major U.S. Corporation"
2022-01-21,S&P 500 Gets Hammered to Break Major Support for the Week
2022-01-21,ETFs Most Exposed To Netflix's Epic Sell-Off
2022-01-21,"Historical Returns For Stocks, Bonds & Cash Back to 1928"
2022-01-21,"अमेरिकी शेयर मार्केट 2 साल के निचले स्तर पर: नैस्डैक और S&P-500 में मार्च 2020 के बाद सबसे बड़ी गिरावट, बिट..."
2022-01-24,These stocks in the S&P 500 had price swings of 10% or more Monday
2022-01-24,Stock Market 'Panic Is Setting In' As S&P 500 Briefly Enters Correction Territory Then Rebounds
2022-01-24,S&P 500 eyes first correction since 2020 pandemic collapse
2022-01-24,S&P 500 (SPX) Having Worst Start to Year Ever
2022-01-24,"Stock-Market News: Stocks Sink With Fed Meeting, Tech Earnings on Tap"
2022-01-24,"Dow closes lower, but well off session lows in another massive comeback"
2022-01-24,Here's why stocks are on such shaky ground to start January
2022-01-24,"Stock markets rebound after Dow, S&P 500 and Nasdaq all enter ""correction"" territory"
2022-01-24,Preparing for the Next S&P 500 Sector Shakeup
2022-01-24,S&P 500 Follows Nasdaq Into Correction Territory as Fear Index Rises
2022-01-24,US shares rebound after Russia-Ukraine tensions hit markets
2022-01-24,"Wall Street reverses, ends higher in late session rally"
2022-01-24,"Stock Market Rout, in Charts (SPX, INDU, NDX, CCMP)"
2022-01-24,Sidestep Volatility With This Downside Hedging ETF
2022-01-24,Congress Beats Wall Street at Its Own Game
2022-01-24,Millennium Has Quietly Minted Billions on America's Passive-Investing Craze
2022-01-24,'Meme Stocks' Officially Over As Crash Wipes Out $191 Billion
2022-01-24,"Unlike Trump, Biden doesn't use stocks to judge the economy, White House says"
2022-01-24,Wondering How To Trade In A Bear Market? Here Are 4 Easy Tips - SPDR S&P 500 (ARCA:SPY)
2022-01-24,Wall Street plunges through 'white knuckle' zone before closing slightly higher
2022-01-24,The U.S. Stock Market Just Did Something It May Never Do Again
2022-01-24,"Stock Market Today: Dow, S&P Live Updates for Jan. 25, 2022"
2022-01-24,Bitcoin (BTC USD) Crypto Price Correlation With Stocks Like Never Before
2022-01-24,'Catastrophic' Stock Market Crash Isn't Over—Here's How Much Worse It Could Get
2022-01-25,REITs outperformed the S&P 500 in 2021. Here's what to watch in 2022
2022-01-25,This is Normal
2022-01-25,"Stock market news live updates: January 25, 2022"
2022-01-25,"Stock Market Today: Dow, S&P Live Updates for Jan. 26, 2022"
2022-01-25,How to Survive When Stocks Behave Badly
2022-01-25,"When Performance Matters: Nasdaq-100 vs. S&P 500, Fourth Quarter '21"
2022-01-25,Long-term investors shouldn't worry too much about stocks being 10% off their highs
2022-01-25,Strategists Predict Trouble for U.S. Stocks After Massive U-Turn
2022-01-26,Here’s what history says about stock-market returns during Fed rate-hike periods
2022-01-26,"How the 'world's first' AI-managed ETF stacks up, almost five years later"
2022-01-26,Don't Sweat the S&P 500's Pullback to This Key Trendline
2022-01-26,Primecap Odyssey Growth Has a Rough Year
2022-01-26,On My Radar: Three Sigma – Three Events in the Last 100 Years (Until Now)
2022-01-26,"Stock Market News for Jan 26, 2022"
2022-01-26,"S&P 500 closes lower, gives up earlier gains as volatility continues"
2022-01-26,"Gap to leave S&P 500 next week, moving to midcap index"
2022-01-26,LIVE MARKETS S&P 500: On track for biggest January drop in its history
2022-01-26,Webull to Offer Cboe’s Nanos S&P 500 Index Options to Its Retail Traders
2022-01-26,Do Innovative Companies Outperform?
2022-01-27,These Funds Blow Away Cathie Wood's ARK Innovation
2022-01-27,Dow gains more than 500 points in best day of 2022 to wrap up wild week
2022-01-27,Bitcoin's cover blown? It's moving 'more like a risk asset'
2022-01-27,Gap Cut From S&P 500
2022-01-27,"Stock Market Today: Dow, S&P Live Updates for Jan. 28, 2022"
2022-01-28,Commentary: Perception of value equity's low risk may not be accurate
2022-01-28,Economic Update — Reviewing Q4 2021
2022-01-28,"We still expect a 20% correction in the S&P 500, says Dan Niles"
2022-01-28,Stocks Week In Review: Boomerang Market Ends Up Going No Where
2022-01-28,Economic Indicators
2022-01-28,A Typical Correction Or The Start Of A Bear Market?
2022-01-28,"Stock Market News for Jan 28, 2022"
2022-01-31,"Stock Market Today: Dow, S&P Live Updates for Feb. 1, 2022"
2022-01-31,Stock Market Outlook: Factory Data Point to S&P 500 Struggling in 2022
2022-01-31,SEC May Investigate Index Providers
2022-01-31,"January Was Bad for Stocks, but Wall Street Expects a Better Year"
2022-01-31,"Stocks rise for a third day to extend market’s comeback from January sell-off, Dow jumps 270 points"
2022-01-31,Is Q4 the Bottom for S&P 500 Net Profit Margins?
2022-01-31,Turbulent January could bode poorly for rest of year for U.S. stocks
2022-01-31,January was worst month for U.S. stocks since pandemic began
2022-01-31,Meet Some of the New 2022 Dividend Aristocrats
2022-01-31,Secrets of index funds
2022-01-31,"Stock Market News for Jan 31, 2022"
2022-02-01,Worst Outflows for SPY as QQQ Loses Most Since Dot-Com
2022-02-01,NANOS Index Options
2022-02-01,"Stock Market News for Feb 1, 2022"
2022-02-01,Ether ($ETH USD) Correlation With US Stocks Reaches Record: Chart
2022-02-01,Here's The 'New AT&T' If You Want A Rock-Solid Dividend
2022-02-02,"Stock Market Today: Dow, S&P Live Updates for Feb. 3, 2022"
2022-02-02,Warren Buffett Wins in 2022: ETF Lessons to Learn From
2022-02-02,"Alphabet stock split may trigger retail buying, Dow inclusion"
2022-02-02,"Stock Market News for Feb 2, 2022"
2022-02-02,Does linking ESG performance to executive pay actually make a difference?
2022-02-02,"If January Predicts the Rest of the Year, Investors Could Be Hurting"
2022-02-02,Sean Keyes on investing: Ireland's tech industry is powering up - The Currency
2022-02-02,S&P 500: U.S. Congress Members Load Up On 10 Stocks
2022-02-03,Job Listings at S&P 500 Companies up 1.8% in January 2022 According to S&P 500 LinkUp Jobs Index
2022-02-03,Chart Of The Day: SPDR® S&P 500 ETF
2022-02-03,Short sellers building positions against consumer discretionary stocks
2022-02-03,"Brown & Brown, Inc. added to S&P 500 Dividend Aristocrats Index"
2022-02-03,Facebook is one of only four companies in the S&P 500 to make this remarkable achievement over the past 10 years — and its stock is already cheap
2022-02-03,"Cboe Plans to List SPX Tuesday, Thursday-Expiring Weeklys Options"
2022-02-03,Tech Rout on Meta Miss Jeopardizes S&P 500's Winning Streak
2022-02-03,Ken Griffin's Hedge Fund Reportedly Crushed S&P 500 in January
2022-02-03,Sellers Looking to Drive E-mini S&P into 4419.25 – 4327.50
2022-02-03,"S&P 500 rises to end best week of the year so far, Amazon pushes Nasdaq 1.6% higher on Friday"
2022-02-04,Retiree Investors: A Historical Perspective On Stock Market Returns Can Help Calm Jittery Nerves
2022-02-04,How to Use a Put Option Overlay to Minimize Market Risk
2022-02-04,S&P 500 Gives up Majority Again
2022-02-04,14 Crashing Stocks You May Own Are Already In Serious Trouble
2022-02-04,"Relative Strength Line Is A Simple, Yet Effective Stock Indicator"
2022-02-04,"S&P 500 Earnings Season Update: February 4, 2022"
2022-02-04,Capital Gains: When Being Below Average Is A Good Thing
2022-02-04,Apple Poised To Outperform The S&P 500 Index
2022-02-07,Wall Street ends lower as Meta Platforms weighs
2022-02-07,CAPITAL IDEAS: When will the stock market bottom?
2022-02-07,First Decrease in EPS Estimates for S&P 500 Companies for Q1 2022 Since Q2 2020
2022-02-07,Fintech-friendly banks lead best-performing US bank stocks in January
2022-02-07,"Stock Market News for Feb 7, 2022"
2022-02-07,Quiet Day for the S&P 500 and Wall Street
2022-02-07,"If You Need Downside Protection, Buffer ETFs Are Having A Moment"
2022-02-07,"SPY ETF: The Good, Bad and Ugly Factors to Consider in 2022"
2022-02-07,High Dividend ETFs Get Energy Boost
2022-02-07,The UK stocks that have matched the US tech giants over 10 years
2022-02-07,Beat the S&P 500 With Its Less Risky Cousin
2022-02-07,Will ADP Stock Trend Lower?
2022-02-08,This Is What Gets In The Way Of Another Stock Market Rally In 2022
2022-02-08,"S&P Global (SPGI) Q4 Earnings & Revenues Beat Mark, Rise Y/Y"
2022-02-08,"LIVE MARKETS S&P 500 eases early, with Pfizer a drag"
2022-02-08,Better Buy: S&P 500 vs. Total Market ETF
2022-02-08,What's In Your Value ETF Might Surprise You
2022-02-08,"DocuSign Stock Is Down 60% From Highs, Should You Buy Now?"
2022-02-08,ETF Battles: QQQ Vs SCHG Vs VOOG
2022-02-08,"Stock Market News for Feb 8, 2022"
2022-02-08,A 50% Decline Will Only Be A Correction | investing.com
2022-02-08,Commentary: Paul Ebeling on Wall Street and Beyond
2022-02-08,29 Energy ETFs Ranked For 2022 - ETF Focus on TheStreet: ETF research and Trade Ideas
2022-02-09,New York's Pension Fund Plans to Restrict Its Investments in Oil and Gas Companies
2022-02-09,Biggest Single-Day Market Cap Drops in U.S. Stocks
2022-02-09,LIVE MARKETS Super Bowl showdown: Will the S&P 500 score or fumble?
2022-02-09,"Now More Than Ever, the Stock Market Doesn't Matter"
2022-02-09,"LIVE MARKETS S&P 500, Nasdaq up 1% early as mega caps gain"
2022-02-09,Energy stocks emerge as big winners in market's oil sensitivity
2022-02-09,Why Apple Stock Shot Higher On Tuesday
2022-02-09,Pluang Users Can Now Invest in US Stocks CFD
2022-02-09,The Fed's coming rate hikes don't spell doom for stocks
2022-02-09,"S&P 500, Nasdaq slip as Pfizer, megacap stocks drag"
2022-02-10,"Stock Market News for Feb 10, 2022"
2022-02-10,Futures Definition | Investing Dictionary | U.S. News
2022-02-10,The Drum
2022-02-10,Warren Buffett Recommends a Portfolio: Here's How to Create it With Just 2 ETFs
2022-02-10,SPY: 3 Charts that PROVE Future Direction of Stock Market
2022-02-10,SPDR S&P 500 ETF Trust (SPY) News and Forecast: Will the SPY go up or down after CPI data?
2022-02-10,Fed rate hike anticipation pushes investors into value stocks over growth
2022-02-11,"Stocks Fall With Nasdaq, S&P 500 Heading for Weekly Declines"
2022-02-11,"Stock Market News for Feb 11, 2022"
2022-02-11,"S&P 500 Earnings Season Update: February 11, 2022"
2022-02-11,S&P 500 Opens Up on Diversity After Floyd as Investors Seek More
2022-02-11,LIVE MARKETS S&P 500: Looking for a breakout
2022-02-11,Better Buy: Vanguard S&P 500 ETF or ARK Innovation ETF
2022-02-11,Want to Invest in the S&P 500 as a Canadian? Here Are 3 Ways You Can
2022-02-11,Top 10 On Syfe Trade: What To Know About The Stocks & ETFs That Investors Are Snapping Up
2022-02-11,Is the stock market really a better investment than an MLB team?
2022-02-11,These were the most bought ISA stocks and shares last month
2022-02-14,Russia-Ukraine crisis: What happens to the stock market amid geopolitical shocks
2022-02-14,"Dow, S&P slide, Nasdaq ends flat as oil hits $95 per barrel"
2022-02-14,"The state of net zero, for now"
2022-02-14,"BofA's Subramanian Says We'll Be 'Shocked by the Volatility' in 2022, but Remains Bullish on These 3 Sectors"
2022-02-14,10 tech value stocks that at least 75% of analysts rate as a 'buy' right now
2022-02-14,Can 'buying the dip' beat the S&P 500?
2022-02-14,What The Rock's arms and the S&P 500 all have in common
2022-02-14,The Pros' 10 Best S&P 500 Stocks to Buy Now
2022-02-15,20 Percent of TSP C Fund Invested in FAANG Stocks
2022-02-15,What The Fed's Balance Sheet Reduction Will Mean For The S&P 500 - SPDR S&P 500 (ARCA:SPY)
2022-02-15,LIVE MARKETS S&P 500 futures weigh Russia relief vs PPI pop
2022-02-15,"S&P 500 closes flat on Wednesday as investors assess the Fed's next move, Russia-Ukraine risk"
2022-02-15,"Stock Market News for Feb 15, 2022"
2022-02-15,"US T-bond yields fade week-start rebound, S&P 500 Futures remain indecisive"
2022-02-15,"$ARKK, Shopify & Tesla's PE – What's Trending on YCharts?"
2022-02-16,"Female Executives Earned 25% Less Than Men Do, a Nine Year High"
2022-02-16,How $200 Per Month Could Make You a Stock Market Millionaire
2022-02-16,"With Energy Stocks, It's the Volatility That Kills You"
2022-02-17,This investment strategy is an extremely effective way to beat the S&P 500
2022-02-17,Ukraine fears drive sharp losses in US stocks
2022-02-17,Is Schwab S&P 500 (SWPPX) a Strong Mutual Fund Pick Right Now?
2022-02-18,How To Make An Easy $2335 In Your Brokerage Account
2022-02-18,10 Biggest Losers in the S&P 500 This Year
2022-02-18,"The S&P 500 will surge 20% by year-end and recession fears are overblown, BMO strategy chief says"
2022-02-18,"S&P 500 earnings, week of Feb. 21: 29 companies to report"
2022-02-18,Market Rewarding Positive EPS Surprises Less Than Average for S&P 500 Companies for Q4
2022-02-18,LIVE MARKETS What history says about geopolitics and the market
2022-02-22,S&P 500 Charts Are So Bad Even Bulls Are Looking to Adjust Bets
2022-02-22,S&P 500 logs first correction in 2 years as Russia-Ukraine conflict escalates. Here's what history says happens next to U.S. stock-market benchmark
2022-02-22,What Is a Stock Market Correction?
2022-02-22,S&P 500 confirms correction as stocks stumble on war fears
2022-02-22,S&P 500 confirms correction; Ukraine-Russia crisis keeps investors on edge
2022-02-22,"Dow closes at its lowest level of 2022 so far, S&P 500 drops further into correction territory"
2022-02-22,"U.S. market fallout from Russia-Ukraine strife may be brief, some strategists say"
2022-02-22,Stocks Hit Correction Territory as the West Announces Russia Sanctions
2022-02-22,S&P 500 could test 3800 level -strategist
2022-02-22,How Options Expiration Keeps Crushing the Stock Market
2022-02-22,Think VAS is the best ASX index fund? These ETFs have beaten it over the past decade...
2022-02-22,4 Charts That Show Why Investors Should Invest in Real Estate in 2022
2022-02-23,"LIVE MARKETS For the S&P 500, it's looking a lot like 2018"
2022-02-23,Russia-Ukraine Crisis Troubles the Stock Market
2022-02-23,How the Russia-Ukraine Crisis Is Shaking Markets and Portfolios
2022-02-23,"Stock market news live updates: S&P 500 sinks further into correction, setting new 2022 low with Russia-Ukraine in focus"
2022-02-23,Global stocks plunge as Russia attacks Ukraine
2022-02-23,VIP Hedge Fund Stocks See Worst-Ever Performance Relative to S&P 500
2022-02-23,S&P 500 Falls Deeper Into Correction Territory As Ukraine Declares State Of Emergency
2022-02-23,"S&P 500 closes 1.5% higher after sharp reversal, as traders shake off Russia's invasion of Ukraine"
2022-02-23,False Safe Haven: Bitcoin Correlation With S&P 500 Hits ATH
2022-02-23,The Russia-Ukraine Conflict Is Rattling the Stock Market. Here's What Investors Should Do Now
2022-02-23,Reliance Standard Launches New Annuity Product: Reliance Accumulator™
2022-02-23,S&P/NZX50 Index slides 3.3 per cent into correction after Russia attacks Ukraine
2022-02-23,Four Large-Cap Value ETFs That Morningstar Likes
2022-02-23,Home Depot Hit Affects 300 ETFs
2022-02-23,Can Quality ETFs be Good Bets as Russia-Ukraine Tensions Rise?
2022-02-23,Is Flowserve Stock A Buy At $32?
2022-02-23,Corporate America's strong earnings into 2022 is good news for stocks: strategist
2022-02-24,Wall St rallies as West hits Russia with new sanctions
2022-02-24,"Stock Market Today: Dow, S&P Live Updates for Feb. 25, 2022"
2022-02-24,LIVE MARKETS S&P 500 valuations starting to look not half bad
2022-02-24,5 Income Stocks That Have Beaten the S&P 500 For a Decade
2022-02-24,S&P 500 Plunges to Nine-Month Low as Russia Invades Ukraine
2022-02-24,How The Stock Market Performs In Times Of War - SPDR S&P 500 (ARCA:SPY)
2022-02-24,These 13 Stocks Implode As The World Prepares For War
2022-02-24,"Stock Market News for Feb 24, 2022"
2022-02-24,Moneybox moves into ETFs with expanded investment offering
2022-02-24,Lessons from the last war that rocked global markets
2022-02-24,"Most overpaid CEOs in S&P 500: Paycom, GE, T-Mobile, Nike"
2022-02-24,Kevin O'Leary Predicts Crypto Will Be 12th Sector Of S&P 500 In The 'Next Few Years'
2022-02-24,Introducing the Global X Dow 30 Covered Call ETF (DJIA)
2022-02-25,Corporate America's 2021 profits were higher than ever
2022-02-25,S&P 500 Forward P/E Ratio Falls Below Five-Year Average for First Time Since Q2 2020
2022-02-25,3 Options Trades to Play Market Volatility
2022-02-25,Live updates: US stocks rise as Russia opens possibility of diplomacy
2022-02-25,What Is CAPM?
2022-02-25,"S&P 500 earnings, Feb. 28-March 18: 19 companies to report"
2022-02-28,Charts Show That The S&P 500 Could Fall Another 10% To 25%
2022-02-28,LIVE MARKETS S&P 500 Index attempts to hammer out a low
2022-02-28,Stock Bulls Buy the Dip as Goldman Warns of Liquidity Risk
2022-02-28,Bitcoin Bucks S&P Correlation Trend With Uptick as Ukraine Crisis Escalates
2022-02-28,Charts Show Energy Stocks Will Outperform Through Broader Market Gloom
2022-02-28,"AMC Stock, GME Stock, Meme ETF: Key Takeaways So Far In 2022"
2022-03-01,Not All Indexes Are Created Equal (or Cap-Weighted)
2022-03-01,These 15 Stocks And 10 Funds Are Overexposed To Russia And Ukraine
2022-03-01,Short bets against energy stocks rise to highest level since 2020
2022-03-01,"Bitcoin, crypto soar, decouple from stocks as Russia-Ukraine moves from bad to worse"
2022-03-01,LIVE MARKETS President Biden's first SOTU address: 'So too' goes the S&P 500
2022-03-01,Why Markets Bounced Back So Quickly After the Russian Invasion of Ukraine
2022-03-01,"SPDR S&P 500 ETF Trust SPY Stock News and Forecast: Bears in charge, but volatile swings still possible"
2022-03-01,"Stock Market Today: Dow, S&P Live Updates for Mar. 2, 2022"
2022-03-02,How to Make Money Investing in Whiskey Stocks in 2022
2022-03-02,Apple Stock: Resilient To Turbulence In 2022 - Apple Maven
2022-03-02,"Stock Market News for Mar 2, 2022"
2022-03-02,"Stock Market Today: Dow, S&P Live Updates for Mar. 3, 2022"
2022-03-02,History Shows Ukraine War Will Be a Stock Price Blip
2022-03-02,War and Stock Prices: The Pattern Is Surprising
2022-03-02,U.S. large-cap discounts stack up to S&P 500 6% below fair value | Insights
2022-03-03,UBS: How the S&P 500 will react to three Russia-Ukraine scenarios
2022-03-03,Short Interest in Decline
2022-03-03,"Stock Market News for Mar 3, 2022"
2022-03-03,Are emerging markets like India cheaper than the US market? | Mint
2022-03-03,"S&P 500 Crash: If Not Now, When?"
2022-03-04,VFV vs VSP – To Hedge or Not to Hedge?
2022-03-04,VOO Stock Price Forecast as the Fear and Greed Index Retreats
2022-03-04,"S&P Dow Jones is removing Russia stocks from indexes, stripping country of emerging market status"
2022-03-04,"Stock Market News for Mar 4, 2022"
2022-03-04,3 Vanguard ETFs to Buy in 2022
2022-03-04,S&P 500 analysis: The top 5 gainers and losers in February
2022-03-04,Largest Decrease in EPS Estimates for S&P 500 Companies Since Q2 2020
2022-03-04,S&P Dow Jones will remove all Russia stocks from its indices
2022-03-04,Apollo Is Next S&P 500 Contender as Athene Deal Opens Door
2022-03-07,Vanguard Dividend Appreciation ETF (VIG) Has Turned Into One Of The Worst Dividend ETFs Of 2022
2022-03-07,Why the TSX Outperformed the Nasdaq in the 2022 Market Downturn
2022-03-07,S&P 500 Bearish Triangle May Lead To Additional 8% Decline!
2022-03-07,Don't Pass Up This High-Flying Energy ETF
2022-03-07,"Stock Market News for Mar 7, 2022"
2022-03-07,Dow drops 180 points after volatile session as traders try to assess impact of Russia-Ukraine war
2022-03-07,Long-Suffering Europe Stocks May Get What They Need Most
2022-03-07,Examining the relationship between equity volatility and liquidity – A longer-term perspective
2022-03-08,"Stock Market News for Mar 8, 2022"
2022-03-08,Will Market Forces Continue To Weigh On Scientific Games Stock?
2022-03-09,"Stock Market News for Mar 9, 2022"
2022-03-09,"US Inflation Skyrockets, 64% of Americans Live Paycheck to Paycheck, S&P 500 Chart Shows Death Cross Imminent ..."
2022-03-09,S&P 500 falls on Thursday as stocks resume their downward move from Russia-Ukraine war
2022-03-09,This Day In Market History: S&P 500's Lowest Closing Price Of The Great Recession - SPDR S&P 500 (ARCA:SP
2022-03-09,US stocks surge the most since June 2020
2022-03-09,Why you may miss the market’s best days if you sell amid high volatility
2022-03-09,Stock Market Outlook: a Technical 'Death Cross' Is Imminent in S&P 500
2022-03-10,Ethereum Shows Even Closer Correlation with the S&P 500 Index than Bitcoin
2022-03-10,SPHB: The Real Damage Isn't Done Yet
2022-03-10,"Stock Market News for Mar 10, 2022"
2022-03-10,Ukraine and the financial markets: the winners and losers so far
2022-03-10,"People's United Financial Stock Outperformed S&P500 Over The Last Week, What To Expect?"
2022-03-11,S&P 500 vs. S&P/TSX 60: Which 1 Is the Better Long-Term Investment?
2022-03-11,S&P 500 Returns Top 50% Since Global Pandemic Declared Two Years Ago
2022-03-11,S&P 500 & FTSE 100 Forecast: Option Expiry Headwinds Return
2022-03-11,"S&P 500 Bears Are Ahead Year-to-Date, but Bulls Are Winning the Past Year"
2022-03-11,"Stock Market News for Mar 11, 2022"
2022-03-11,Missed Amazon's Split? These Stocks Are Next For The Easy Money
2022-03-11,Highest Number of S&P 500 Companies Citing “Inflation” on Q4 Earnings Calls in Over 10 Years
2022-03-11,"LIVE MARKETS Bulls beware, S&P 500 still expensive -BofA"
2022-03-11,Some Thoughts on Bear Markets
2022-03-14,Tech Giants Risk Losing Top S&P 500 Spots After $2 Trillion Wipeout
2022-03-14,"Barclays Suspends 'OIL,' 'VXX' Creations"
2022-03-14,"Dow jumps nearly 600 points, S&P 500 snaps 3-day losing streak as tech stocks bounce, oil prices slide"
2022-03-14,S&P 500 Slides Into Death Cross After 13% Drop From January Peak
2022-03-14,"Tech, growth stocks lead Wall Street to lower close as investors focus on interest rates"
2022-03-14,"Stock market's Monday rally can't halt death cross forming in S&P 500 amid inflation fears, Russia-Ukraine clash"
2022-03-14,"Stock Market News for Mar 14, 2022"
2022-03-14,"Daily ETF Fund Flows For March 11, 2022"
2022-03-14,It's Been One Of The Top 5 Worst Starts To A Year For Stocks And Bonds
2022-03-14,"Weekly S&P 500 ChartStorm: Midterm Pullbacks, Bear Markets' Volatility, Oil Shock"
2022-03-14,How the stock market performed around recessions
2022-03-14,Are current market cycles similar to the GFC of 2007–2009? - MINING.COM
2022-03-15,S&P 500 Buybacks Set Quarterly and Annual Record
2022-03-15,Best ETFs for Roth IRAs
2022-03-15,"Stock-market bounce could see S&P 500 pop 5% higher before bigger drop, says veteran market watcher"
2022-03-15,These Are The 12 Worst Bear Market Tech Stocks You Can Own
2022-03-15,WallStreetBets vs. Barclays: Retail Traders Are Now Jumping on the “Unmoored” iPath Series B S&P 500 VIX Short-term Futures ETN (VXX) To Create an Explosive Upward Momentum
2022-03-15,NFTs As Investments - How Are They Performing?
2022-03-16,How Warren Buffett's disciples have evaded the 'stealth bear market'
2022-03-16,Explained: Can market concentration determine future returns? Take a look at S&P 500's past
2022-03-16,History shows stocks can weather rate hike cycle
2022-03-16,Bullish or Bearish? The S&P 500 Faces a Death Cross as It Tries to Break a Falling Trendline | Market Insights
2022-03-16,S&P 500 History Shows Gains After Multiple Fed Rate Hikes
2022-03-16,"S&P 500, Nasdaq rally for a third day as investors get comfortable with the Fed's rate-hike plan"
2022-03-16,"2022's Stores of Value: Gold, Oil and Grains"
2022-03-16,FTSE vs. property: which performs best over the longer term?
2022-03-16,Breaking Down the S&P 500's First 50 Days of 2022
2022-03-16,S&P 500 and Global Stock Market Dividend Yield 2000-2020 — My Money Blog
2022-03-16,5 Low-Vol Dividend Aristocrats to Survive a Stormy Market
2022-03-16,"Stock Market News for Mar 16, 2022"
2022-03-17,Market Too Dull? New Fund Will Target Most-Volatile Big Companies
2022-03-17,"US banks with highest forward price-to-earnings ratios, March 2022"
2022-03-17,"Wall Street closes higher as worries ease around Fed, Russian default"
2022-03-17,"Dow jumps 417 as stocks rally, oil hits $102"
2022-03-17,Rob Carrick's 2022 ETF Buyer's Guide: Best U.S. equity funds
2022-03-17,"Stock Market News for Mar 17, 2022"
2022-03-18,Stock traders brace for a $3.5 trillion ‘triple witching’ event
2022-03-18,Second Highest Number of S&P 500 Cos. Citing “Supply Chain” on Q4 Earnings Calls in Over 10 Years
2022-03-18,S&P 500 Leads Three-Day Charge While Market Awaits Biden-Xi Talk on Russia
2022-03-18,"Stock Market News for Mar 18, 2022"
2022-03-18,Feeling Short on Energy? Try This Inverse ETF
2022-03-18,Consumer Staples: 5 Things To Know About This Defensive Sector
2022-03-21,A Historical Look at Equities During Rising Rate Environments
2022-03-21,"Top Growth Fund Baron Partners Retail Stays The Course, Mostly"
2022-03-21,"Odds are, you’re better off buying an index fund. Here’s why"
2022-03-21,"Best Mutual Funds 2022 Topping Their Categories And Beat Benchmarks Over 1, 3, 5 & 10 Years"
2022-03-21,Bullish Signals for Stocks Emerge Under Market's Gloomy Surface
2022-03-21,"Stock Market News for Mar 21, 2022"
2022-03-21,Today the SPDR S&P 500 ETF Is a Certain Buy
2022-03-21,ETF Edge: Active Versus Passive Performance Gap
2022-03-21,Presenting the Bullish Elliott Wave Case for the S&P 500 Index
2022-03-21,S&P 500 Rallied 300 Points - Is Holding Long Position Still Justified?
2022-03-22,S&P 500 companies regain some market cap after shedding trillions in 2022
2022-03-22,Investing in the stock market is more important than ever amid rising inflation
2022-03-22,Stock Market Outlook: 5-Day Decline in VIX Signals More Upside
2022-03-22,Is Investing in S&P 500 Worth the Risk?
2022-03-23,"S&P 500, Nasdaq 100 Clear Fibonacci Resistance and Break Out Higher. What’s Next?"
2022-03-23,Motilal Oswal Mutual Fund pauses SIPs in three international schemes | Mint
2022-03-23,Bitcoin's Correlation to S&P 500 Hits 17-Month High
2022-03-23,The stock market hit its COVID low 2 years ago today. Here's how its performance since then stacks up.
2022-03-23,Motilal Oswal MF stops existing SIP and STP investments in three international schemes
2022-03-23,Oil Stocks Negatively Correlated to Market First Time Since 2001
2022-03-23,"Stock Market News for Mar 23, 2022"
2022-03-23,Throw Caution to the Wind and Leverage an Equal-Weight Strategy
2022-03-23,E&S Metrics and Executive Compensation
2022-03-24,Stifel Stock Chief Warns of 0% Returns Over the Next Decade
2022-03-24,Investing in Dividend Aristocrats ETFs
2022-03-24,Bitcoin and Stocks Have Recently Seen Eye to Eye
2022-03-24,The Path to the Corner Office
2022-03-24,ETF of the Week: Vanguard S&P 500 ETF 'VOO'
2022-03-24,When does Motilal MF invest in Vanguard? | Mint
2022-03-24,Stock Splits Coming For These Popular ETFs?
2022-03-24,Wall Street Firms Are Slashing S&P 500 Price Targets—Here's What They Predict For Markets
2022-03-25,The SPY ETF Is an Attractive Long-Term Option to Buy in April
2022-03-25,Not All Index Funds Charge Low Fees
2022-03-25,How to Use a Jade Lizard Options Strategy to Trade the S&P 500 (SPY)
2022-03-25,Highest Number of S&P 500 Companies Issuing Negative EPS Guidance Since Q4 2019
2022-03-25,"Stock Market News for Mar 25, 2022"
2022-03-28,Stocks Face At Least 5 Headwinds Heading Into First Quarter Earnings
2022-03-28,"Industry Analysts Still Predict the S&P 500 Price Will Close Above 5,000 in the Next 12 Months"
2022-03-28,S&P 500 climbs for third straight day as Tesla leads
2022-03-28,"Stock Market Today: Dow, S&P Live Updates for Mar. 29, 2022"
2022-03-28,Four Companies That Pay CEOs 'Peanuts' Don't Make Investors Richer
2022-03-28,BofA's Savita Subramanian: Stocks Are in for a Volatile Year
2022-03-28,"Stock Market News for Mar 28, 2022"
2022-03-28,20 High-Volatility Stocks for the Market's Next Swing
2022-03-28,How Contemporary Art Has Outperformed The S&P 500 For The Past 25 Years
2022-03-28,Three Charts Show That The Stock Market's Recent Rally Could Continue Or Roll Over
2022-03-29,Curb Your Bearish Enthusiasm and Invest in SPY Stock
2022-03-29,Fab 4 Real Estate Stocks That Top the S&P 500 10 Years Running
2022-03-29,"Dow drops to snap four-day winning streak, Nasdaq falls more than 1%"
2022-03-29,"Stock Market News for Mar 29, 2022"
2022-03-29,"Transport Stocks: What Do They Signal for Market, Economy?"
2022-03-29,Using Covered Calls To Turn 2% Yields Into 12% Yields - ETF Focus on TheStreet: ETF research and Trade Ideas
2022-03-30,SPY Stock Is a Safe Investment During Times of Volatility
2022-03-30,U.S. stock rally defies economic unease
2022-03-30,Dow drops 500 points to end worst quarter for stocks in 2 years
2022-03-30,Why the main semiconductor stock index is a better bet than the S&P 500 right now
2022-03-30,"Caution! This stock surge is a bear market trap, warns BofA"
2022-03-30,Chart Of The Week: S&P 500 Vertiginous Valuations
2022-03-31,Occidental Petroleum (OXY) Stock Up 100% for Best Quarter Ever
2022-03-31,Investment return gap widened for equity investors in 2021
2022-03-31,Short sellers are increasing their bets on a stock market crash
2022-03-31,Stocks Rebounded in March After a Major Slide
2022-03-31,Wall Street falls as S&P suffers biggest quarterly drop in two years
2022-03-31,US stocks end quarter with worst performance in two years
2022-03-31,Oil and Gas Stocks on the S&P 500 Were the Biggest Winners in Q1
2022-04-01,S&P 500 Tweaks to Cut Tech’s Weight as Payment Firms Move Sector
2022-04-01,Canada Stocks Beat U.S. by Most in 13 Years and Have Room to Run
2022-04-01,Alphabet vs. the S&P 500: Which Is the Better First Investment?
2022-04-01,4 Bullish Ways to Get Tactical Exposure to the S&P 500
2022-04-01,Bitcoin Ends Q1 Closely Following S&P 500
2022-04-01,Beat the Market with ML. Building a Machine Learning Model using… | by Carl Westerby
2022-04-01,Massive S&P options trade may have roiled U.S. stocks on Thursday
2022-04-01,"How Stocks Perform Before, During, And After Recessions May Surprise You"
2022-04-01,Wall St Week Ahead: 'Robust' corporate cash may buoy stocks after rocky quarter
2022-04-01,Wall Street posts modest gains as jobs report keeps Fed hikes on track
2022-04-04,Camden Property Trust Completes Acquisition of Fund Partnership Interests and Joins S&P 500
2022-04-04,"Molina Moves to S&P 500 Index, Capping Huge Share Price Runup"
2022-04-04,Why the Best Advice May Be to 'Just Keep Buying'
2022-04-04,"W. R. Berkley Stock Has Outperformed S&P500 Over The Last Month, Is It A Buy?"
2022-04-04,It Could Be Time to Sell Some Stocks
2022-04-04,"S&P 500 relief rally has 'good breadth,' provides a selling opportunity: Strategist"
2022-04-04,The most popular ETFs with investors so far this year
2022-04-04,Here's why the performance of ASX 200 shares is smashing the S&P 500
2022-04-04,Best Performing Dividend ETFs For Q1 2022 - ETF Focus on TheStreet: ETF research and Trade Ideas
2022-04-04,Franklin Custodian Funds' Dynatech Fund: Don't Buy This Dip – Legacy Fund Ratings Are Misleading
2022-04-04,"S&P 500, Nasdaq Futures Move Higher After Weekly Wins"
2022-04-05,"Stock Market News for Apr 5, 2022"
2022-04-05,Analysts Have Most “Buy” Ratings on S&P 500 Stocks Since at Least 2010
2022-04-05,"Utilities, energy outperform other S&P 500 sectors in March"
2022-04-05,Yield Curve Inversion Signals Possible Recession - Is the S&P 500 in the Danger Zone?
2022-04-05,Default risk rises across most US sectors in Q1
2022-04-05,Elon Musk Vs. Warren Buffett: Who Is The Best Bet For Your Money?
2022-04-06,"Stock Market Today: Dow Jones, S&P 500 Opens Lower On Hawkish Fed Remarks; Tilray Up On Strong Earnings"
2022-04-06,S&P 500 Stocks: Three Top Gainers Today; Eli Lilly Leads Winners As Casinos Are Bad Bet
2022-04-06,S&P 500: A Rare 10% Q1 Drop And Pop Is Positive
2022-04-06,S&P 500 bounces back following two straight days of losses tied to Fed
2022-04-06,Wall Street ends lower after Fed minutes
2022-04-06,Deutsche Bank warns of a 20% bear market in 2023
2022-04-06,Is There More Steam In Valero Energy Stock?
2022-04-06,"Ethereum Fee Has Dropped 90% Since Nov 2021, ETH Shows Stronger Correlation With S&P 500"
2022-04-07,How Much Is The S&P 500 Index (Really) Worth And Which ETFs Can We Use?
2022-04-07,12 'Cash Machine' Stocks Will Churn Out $506 Billion This Year
2022-04-07,VFV vs. HXS: Which Index ETF Is the Better Buy for Canadian Investors?
2022-04-07,Utility stocks cap Q1'22 with modest gains as broader markets dip
2022-04-07,"Stock Market News for Apr 7, 2022"
2022-04-07,"Stock Market Today: Dow, S&P Live Updates for Apr. 8, 2022"
2022-04-07,Companies That Merged With SPACs Have Underperformed the S&P 500 by a Stunning Margin Since 2018
2022-04-08,"The great ASX rebalancing act, and how it can impact share prices"
2022-04-08,1 ETF I'm Stocking Up On If the Market Crashes
2022-04-08,S&P 500 & Sectors: ROIC Vs. WACC Through 4Q21: ROIC Rockets Higher To New High
2022-04-08,"Dow gains, S&P 500 ends lower as market weighs Fed rate hikes"
2022-04-08,S&P 500 Likely to Report Earnings Growth of More Than 10% for Fifth Straight Quarter
2022-04-08,Why do we report the Dow first?
2022-04-11,Sector Rotation Strategy Reveals The Outperforming Sectors For Trend Trading
2022-04-11,The Importance of a Long-Term Investment Perspective
2022-04-11,4 Reasons to Be Cautious About the S&P 500 Right Now
2022-04-11,"Stock Market News for Apr 11, 2022"
2022-04-11,"S&P 500: These 5 Billionaires Make You Filthy Rich, Too"
2022-04-11,S&P 500 & Sectors: Free Cash Flow Yield Rises Above Pre-Pandemic Levels
2022-04-12,Saudi banks to benefit from possible interest rate hikes: S&P
2022-04-12,"'Big Short' Michael Burry Warns S&P 500 Is Overvalued, Poised to Slump"
2022-04-12,15 Companies Growing Like Crazy Are About To Double In Size
2022-04-12,"Stock Market News for Apr 12, 2022"
2022-04-12,"A new world order for the stock market is coming, explains BlackRock CIO"
2022-04-13,Here's How the S&P 500 Could React to its Recent Drought
2022-04-13,"Saving and Investing App Chip Adds Two New Investment Funds, Introduces Product-to-product Transfers, and ..."
2022-04-13,What Are Stock Index Futures? This Guide to E-Minis Has Key Facts | Market Insights
2022-04-13,This Hedge Fund Manager Says Index-Tracking Investors Are Tracking The Wrong Index
2022-04-13,Determining Bitcoin's (BTC) Correlation to the Dollar Index and the S&P 500
2022-04-13,Cboe to Add Tuesday and Thursday Expirations for SPX Weeklys Options
2022-04-13,"Stock Market News for Apr 13, 2022"
2022-04-13,Study: The Most Correlated and Non-Correlated Assets
2022-04-13,12 REITs Flaunting Fast-Growing Dividends
2022-04-13,Improve Your Portfolio's Health By Investing In Health Care Stocks
2022-04-14,"Stock Market Today: Dow, S&P Live Updates for Apr. 15, 2022"
2022-04-14,S&P 500 Net Profit Margin is Expected to Decline for Third Straight Quarter
2022-04-14,Equal Weighting Outperforms During Peaks in S&P 500 Concentration
2022-04-14,VTI vs. SPY: How Total Market ETFs Measure Up Against The S&P 500
2022-04-14,Cautious Scenario for Dividend Growth
2022-04-14,"3 Reasons to Consider the Invesco QQQ ETF for Your Portfolio, and 1 Reason Not to"
2022-04-14,"Corporate profit is at a level well beyond what we have ever seen, and it's expected to keep growing"
2022-04-14,Here's How the Stock Market Could Turn $150000 Into $500000
2022-04-14,Updates to Catholic Investing Guidelines Signal a Shift
2022-04-14,"Cboe to add Tuesday, Thursday Expirations for SPX Weeklys Options"
2022-04-18,The Good And Bad: Nokia Corporation & Dycom Industries
2022-04-18,Don't Let Goldman Sachs' Recession Forecast Shake You Out of SPDR S&P 500 ETF Trust
2022-04-18,Top Mid-Cap Industrials
2022-04-18,Digital Funds Seeks to Launch Tokenized S&P 500 Fund
2022-04-18,"Inflation is raging, but these 16 companies have pricing power"
2022-04-18,Overstated Operating Earnings Increase Risk For The S&P 500 Even After Index Falls In 2022
2022-04-18,S&P 500 E-Mini: Double Top Bear Flag
2022-04-19,ETFs Most Exposed To Netflix After Earnings Rout
2022-04-19,SPY: Why the Stock Market May Have Digested Most of the Bad News
2022-04-19,"Markets Rise Despite Another New 2-Year High For US 10-Year Treasury Note - Invesco QQQ Trust, Series 1 ("
2022-04-19,"Stock Market News for Apr 19, 2022"
2022-04-19,"Here's how much money you'll have at retirement if you start saving $500 a month in your 20s, 30s, or 40s"
2022-04-19,Can an Index Fund Investor Lose Everything?
2022-04-19,Netflix just lost $50 billion in market cap
2022-04-20,"Stock Market News for Apr 20, 2022"
2022-04-20,Actively managed funds performed badly compared to indexes
2022-04-20,Netflix's world has been turned upside down as stock plunges 35%
2022-04-20,S&P 500 Gives Up Gains as Netflix Crater Sours Sentiment
2022-04-20,Only 8 CEOs Own Decent Chunks Of Their Companies' Stock
2022-04-20,What Do Crazy High Oil Prices Mean for the S&P 500?
2022-04-20,"Stock Market Today: Dow, S&P Live Updates for Apr. 21, 2022"
2022-04-20,Positive real yields may spell more trouble for U.S. stocks
2022-04-21,JPMorgan Expects S&P 500 Earnings to Blow Past Gloomy Estimates
2022-04-21,"Dow plunges more than 900 points for its worst day since 2020, falls for a fourth straight week"
2022-04-21,"Stock Market Today: Dow, S&P Live Updates for Apr. 22, 2022"
2022-04-21,Kevin O'Leary's No. 1 money mistake to avoid during periods of high inflation
2022-04-22,Beware the 'melt-up:' Analysts say stocks may soar just before they collapse
2022-04-22,What is the Volatility Index (VIX)?
2022-04-22,"Stock Market News for Apr 22, 2022"
2022-04-22,S&P 500 vs Nasdaq 100: Recession outlook - Stocks
2022-04-22,"Beat the Market with Spin Offs. An overview of Spin-offs, why they beat… | by Carl Westerby"
2022-04-22,"S&P 500 Earnings Season Update: April 22, 2022"
2022-04-22,"Dow falls 980 points, S&P, Nasdaq crater 2%+ on rate hike fears"
2022-04-25,"Stock Market News for Apr 25, 2022"
2022-04-25,"S&P 500 Ready to Join Bear Market, Says Morgan Stanley"
2022-04-25,This Inverse S&P 500 ETF Is up 15% the Past Month
2022-04-25,This big selloff is what stock market investing is all about
2022-04-25,S&P 500 Companies With More Global Exposure Reporting Higher Earnings Growth in Q1
2022-04-25,"How Netflix’s awful week mars its 20,000% climb in four charts"
2022-04-25,This Inverse S&P 500 ETF Is up 15% the Past Month
2022-04-26,Watch Nasdaq and S&P 500 Plunge Before Close
2022-04-26,Can We See the 1994 Sign and Open Up Our Eyes?
2022-04-26,Why Bonds and Fine Art Might Be the Best Assets During a Recession
2022-04-26,Big Companies Take a Shine to Stock Splits
2022-04-26,You shouldn't look at your investment accounts every day—here's why
2022-04-26,US STOCKS-Futures edge lower as investors focus on Big Tech earnings
2022-04-26,3 Factors Affecting the U.S. Stock Market Today
2022-04-26,These 19 Fortune 100 Companies Paid Next to Nothing—or Nothing at All—in Taxes in 2021
2022-04-27,Strategies to Trade Volatility Effectively With VIX
2022-04-27,Morgan Stanley's Slimmon Sees S&P 500 Near 5000 by Year End
2022-04-27,Green business building: Lessons from sustainability startups
2022-04-27,S&P 500: Light Volume Test Of Monday's Low Suggests Technical Bottom Is Forming | investing.com
2022-04-27,Venmo owner PayPal is one of the worst stocks of 2022
2022-04-27,"'Past performance is no guarantee of future results,' in one chart"
2022-04-27,Warren Buffett's simple investing advice that's beaten most pros for 12 straight years: Morning Brief
2022-04-27,ETFs With The Highest & Lowest Trading Spreads
2022-04-27,The S&P 500's Fair P/E Ratio: Valuation Considering Interest Rates
2022-04-27,"Stock Market News for Apr 27, 2022"
2022-04-28,Dow tumbles more than 900 points and the Nasdaq drops 4% on Friday to close out a brutal month
2022-04-28,This Inverse S&P 500 ETF Is up 15% In the Past Month
2022-04-28,Investors Love These 15 Dirt-Cheap Stocks Paying Big Dividends
2022-04-28,Barclays Suspends Sales For 30 iPath ETNs
2022-04-29,Stocks Haven't Been This Expensive Vs. Bonds In A Decade | investing.com
2022-04-29,America's S&P 500 suffers its worst April in 52 years
2022-04-29,"S&P 500 Earnings Season Update: April 29, 2022"
2022-04-29,"Dow sinks 900 points, as S&P 500, Nasdaq post worst month since March 2020"
2022-04-29,Understanding The Wilshire 5000 Index
2022-04-29,Why Netflix Is the Worst Performing Stock in the S&P 500 (Published 2022)
2022-04-29,"As Stocks Fall, Economic Fears Rise, Along With Inflation"
2022-04-29,"Tech stocks sink again, Nasdaq has worst month since 2008"
2022-04-29,ETH’s correlation to S&P 500 and ‘climbing’ whale transaction hint at…
2022-04-29,S&P 500 Has Worst Month Since Virus Shock as Tech Gets Crushed
2022-04-29,A rough 4 months for stocks: S&P 500 books the worst start to a year since 1939. Here's what pros say you should do now.
2022-04-29,The S&P 500's Prospects Are Poor
2022-04-29,Stocks for the Long Run
2022-04-29,A brutal April knocked the S&P 500 into its second stock-market correction of 2022
2022-04-29,"Dow, S&P 500 book worst April since 1970 as U.S. stocks close sharply lower"
2022-04-29,"Stock market news live updates: Stocks sink as Amazon, Apple shares decline after quarterly reports"
2022-05-02,Warren Buffett says 'monkeys' could do as good a job investing as Wall Street financial advisors
2022-05-02,Stock Market Outlook: 17% Downside As Stocks' Inflation Hedge Fades
2022-05-02,The S&P is having its worst start to a year since 1939
2022-05-02,Why Has Mondelez International Stock Underperformed The S&P Since 2018?
2022-05-02,Weekly S&P 500 ChartStorm: Asset Performance Stats; Equity Risk Drivers
2022-05-02,The FANG Stock Crash Flushes $1.4 Trillion Down The Drain
2022-05-02,VFV vs. ZSP: Which S&P 500 Index ETF Is the Better Buy for Canadian Investors?
2022-05-02,"Stock market news live updates: Stocks rise, tech shares rebound as traders look ahead to Fed, earnings"
2022-05-02,Amazon's Impact On Consumer Discretionary ETFs
2022-05-03,Blue Hens beat the S&P 500 Index | UDaily
2022-05-03,Should You Buy the Worst-Performing S&P 500 Stocks?
2022-05-03,Why Does the Stock Market Go Up Over the Long-Term?
2022-05-03,S&P500 Update: a Sustained Bottom Could In
2022-05-03,Here's why the FTSE 100 has outperformed the S&P 500 this year
2022-05-03,Big Stock Bears Say S&P 500 Bottom Still Another 700 Points Away
2022-05-04,"Live updates: May 4, 2022 stock market coverage"
2022-05-04,Is the Big Tech crash already over?
2022-05-04,"Johnson Control stock leads S&P 500 losers as supply-chain troubles trump strong demand, leading to lowered outlook"
2022-05-04,"Stock Market Today: Dow, S&P Live Updates for May 5, 2022"
2022-05-04,A full recap of the Fed's rate hike and big market rally
2022-05-04,SPDR S&P 500 ETF Trust and the Joe Biden Phenomenon
2022-05-04,Best Performing Dividend ETFs For April 2022 - ETF Focus on TheStreet: ETF research and Trade Ideas
2022-05-04,"Dow tumbles 1,000 points for the worst day since 2020, Nasdaq drops 5%"
2022-05-05,Wall Street tumbles as investors fret over bigger Fed rate hikes
2022-05-05,Why SPY Stock Is a Big-Time Buy Today
2022-05-05,"Sell in May and Go Away': Definition, Statistics, and Drawbacks"
2022-05-05,Technicals Point To More Stock Market Carnage Ahead
2022-05-05,"Stock Market Today: Dow, S&P Live Updates for May. 6, 2022"
2022-05-05,Stock market news live updates: Stocks slide in violent U-turn from prior session; Nasdaq drops 5%
2022-05-05,15 REITs That Are Outperforming the S&P 500
2022-05-05,"S&P 500 Dividend Yield: Past, Present, Future"
2022-05-05,Capex growth up 19% last quarter despite macroeconomic concerns: BofA
2022-05-05,"Stock Market News for May 5, 2022"
2022-05-05,"Stocks fall on Friday to close out tumultuous week, Dow drops for sixth straight week"
2022-05-05,Should You Sell Your Stocks When The Market Tanks? The Myth Of Missing The Best 10 Days
2022-05-05,"4 Top Stock Trades for Friday: SPY, Ethereum, NIO, AMD"
2022-05-06,Here's what's 'dangerous' about the latest stock market plunge
2022-05-06,"Stock Market News for May 6, 2022"
2022-05-06,This 'Markets In Turmoil' Indicator Has Worked 100% Of The Time: Here's What Traders Need To Know - SPDR
2022-05-06,S&P 500 Outlook: How Far Will SPY Stock Fall From Here?
2022-05-06,"Historic Rout Isn't Over Yet, Bank of America Strategists Say"
2022-05-06,Chart Of The Day: Post-FOMC Dump Of S&P 500 Set To Continue
2022-05-06,"S&P 500 Earnings Season Update: May 6, 2022"
2022-05-06,Purchasing Managers Index
2022-05-09,Why the Stock Market Keeps Plunging
2022-05-09,S&P 500 Forward P/E Ratio Dips Below 18.0 for the First Time Since Q2 2020
2022-05-09,Dow slips for a fourth day ahead of key inflation data
2022-05-09,Here’s what U.S. yield curve inversion means for the S&P 500 outlook | Insights
2022-05-09,Whispers of S&P 500 bear market grow louder as U.S. stock decline continues
2022-05-09,S&P 500 ends below 4000 for 1st time since March 2021; growth shares lead decline
2022-05-09,Qualcomm Stock Has Returned 2x More Than The S&P 500 Since 2018- Here’s Why
2022-05-09,Goldman and the Rest of Wall Street Are Souring on the S&P 500
2022-05-09,"Stock Market Outlook: S&P 500 to Hit Record High in 2023, Says Yardeni"
2022-05-09,This Wall Street legend has lived through every bear market since the 1950s. He says the one coming could hit the S&P 500 with a 30% loss
2022-05-09,"Stock markets fall to lowest levels of 2022 on inflation, COVID worries"
2022-05-09,S&P 500 reaches lowest point so far in 2022
2022-05-09,"If history repeats itself, the bear market has 6 months of pain ahead, Bank of America's chief strategist says"
2022-05-09,This Income ETF Is Good for These Turbulent Times
2022-05-09,"How I'd Invest $50,000 for Retirement If I Had To Start From Scratch"
2022-05-09,Wall Street's losses worsen as markets tumble worldwide
2022-05-09,VFV vs. VOO: Should Canadians Buy CAD- or USD-Listed S&P 500 ETFs?
2022-05-09,Stocks and bonds are in a simultaneous correction for the first time in 50-plus years
2022-05-10,Explainer: Why the U.S. stock market is tumbling in 2022
2022-05-10,"Stock Market Today: Dow, S&P Live Updates for May. 11, 2022"
2022-05-10,Nifty500 & S&P500: Will jittery US stocks keep haunting Dalal Street?
2022-05-10,The S&P 500 is having its worst year so far in six decades: DataTrek
2022-05-10,"Stock Market Crash: the S&P 500 Will Fall 20%, Economist Warns"
2022-05-10,"S&P 500, Nasdaq end higher in choppy session as inflation data looms"
2022-05-10,Economic Update — Reviewing Q1 2022
2022-05-10,WEAT Rises as Stocks Fall
2022-05-10,Stocks turn mixed on Wall Street a day after big sell-off
2022-05-10,S&P 500 Price Forecast – Stock Markets Continue to Show Hesitation
2022-05-10,SEC Issues Sample Comment Letter on Disclosure Obligations Related to Russia’s Actions in Ukraine; White & Case ...
2022-05-10,Albert Edwards: The Fed Put is 3000 on the S&P 500
2022-05-10,"S&P 500, NASDAQ 100 Oversold And Ready For A Potential Reversal | investing.com"
2022-05-10,Cathie Wood’s Ark Gives Up All The Outperformance It Once Enjoyed Against SPX
2022-05-10,Bitcoin correlation with the S&P 500 reaches a new all-time high
2022-05-10,Cathie Wood's Flagship Fund Trails S&P 500 for Five Years
2022-05-11,Stock market news live updates: Stock losses accelerate into the close after inflation comes in hotter-than-expected
2022-05-11,S&P 500 Definition | Investing Dictionary | U.S. News
2022-05-11,How to Invest in the S&P 500
2022-05-11,"Chart Of The Day: While The S&P 500 May Bounce, Its Trajectory Is Lower"
2022-05-11,S&P 500 Moving Averages Bulls Should Focus on Right Now
2022-05-11,How biotechs can rethink their strategies after the market downturn
2022-05-11,"Rising Inflation, Volatile Market: What Would Buffett Do?"
2022-05-11,Dow falls for a sixth straight day after another wild session
2022-05-11,Falling valuations ≠ falling stock prices
2022-05-11,Why the stock market and bitcoin keep crashing
2022-05-11,Skeptical on Buying the S&P 500 Dip? Check Out This ETF
2022-05-11,"Nasdaq 100, S&P 500, Dow crumble as US inflation comes hotter than expected"
2022-05-11,US STOCKS-Nasdaq falls more than 3% as U.S. inflation data gives little relief to investors
2022-05-11,"Bitcoin Needs to Reclaim $36K to Invalidate the Bearish Thesis, BTC's Correlation with S&P 500 Hits ATH"
2022-05-11,Paycom shows off amenity-filled Grapevine office
2022-05-11,Battered Stocks and Bitcoin Are Increasingly Correlated | Chief Investment Officer
2022-05-11,VOO vs. VTI: Should Investors Buy the S&P 500 Index or Total U.S. Stock Market?
2022-05-12,S&P 500 Falls to Brink of Bear Market Before Rally (SPX)
2022-05-12,S&P 500: Dozens Of Major Stocks Now Down By More Than 70%
2022-05-12,"Opinion | BlackRock, Vanguard and State Street Control a Piece of Nearly Everything"
2022-05-12,ETF of the month: Invesco S&P 500 High Dividend Low Volatility UCITS ETF (HDLG)
2022-05-12,More than $7 trillion has been wiped out from the stock market this year
2022-05-12,S&P 500 set for 'bear market'. How much further can US stocks fall?
2022-05-12,This Is Still The Best Place To Put Your Money Long Term
2022-05-12,VUN vs. VTI: Should Canadians Buy CAD- or USD-Listed Total U.S. Market ETFs?
2022-05-12,"Stock Market Today: Dow, S&P Live Updates for May. 13, 2022"
2022-05-12,S&P 500 Drops More Than US$7 Trillion In Market Value
2022-05-12,VSP vs. XSP: Which Currency-Hedged S&P 500 ETF Should Canadians Buy?
2022-05-13,More than $10 trillion has been wiped out from the US stock market this year
2022-05-13,85% of S&P 500 Companies Are Citing “Inflation” on Q1 Earnings Calls
2022-05-13,S&P 500 on brink of bear market
2022-05-13,"S&P 500 earnings, week of May 16: 12 companies to report"
2022-05-13,Apple Bounce Can't Shake Off Chilling Signal for Stock Market
2022-05-13,"US Treasury yields, S&P 500 Futures stage rebound ahead of US Michigan Consumer Sentiment"
2022-05-13,Five Imploding $40 Billion Companies Are Shadows Of What They Were
2022-05-13,"Stock Market News for May 13, 2022"
2022-05-13,The Case for Venture Capital in an Uncertain Market
2022-05-13,Do you have the right investments for your retirement savings? This idiot-proof portfolio might help
2022-05-13,Wall Street looks to claw back losses from a dismal week | Loop Barbados
2022-05-13,"Stocks Return to Earth, With the S&P 500 Nearing a Bear Market"
2022-05-16,Key Themes of Human Capital Management Disclosure
2022-05-16,"Trading Curb: What It is, Levels, History"
2022-05-16,S&P 500 Forward P/E Ratio Falls Below 10-Year Average for the First Time Since Q2 2020
2022-05-16,"S&P 500 ends lower as Tesla falls, while energy rallies"
2022-05-16,"Index inclusion boosts stock demand and distorts valuations, study finds"
2022-05-16,Stock Market Outlook: S&P 500 to Fall 11% If Recession Hits
2022-05-16,Index Fund Definition | Investing Dictionary | U.S. News
2022-05-16,Stock Market Average Return
2022-05-16,3 Stocks Crushing the S&P 500 in 2022
2022-05-16,"Stocks end mostly lower, extending losing streak for S&P 500"
2022-05-16,Tesla (TSLA) Stock Price Forecast Gap Is Widest in S&P500
2022-05-16,Stock Market Bottom Or Bull Trap? The Wyckoff Method Reveals Insights
2022-05-16,A handful of US states are birthplace hotbeds for CEOs.
2022-05-17,"Consumer staples' valuations are extreme, even compared to bonds | Insights"
2022-05-17,"When Performance Matters: Nasdaq-100 vs. S&P 500, First Quarter '22"
2022-05-17,"Warren Buffett, Jack Bogle and financial planners agree: When stocks are down, 'don't watch the market closely'"
2022-05-17,$300 a Month in These 3 Stocks Could Make You a Millionaire by Retirement
2022-05-17,How does Warren Buffett beat the stock market?
2022-05-17,How To Use S&P 500 Futures To Predict Market Movement - NVR (NYSE:NVR)
2022-05-18,"Sustainability Index Drops Tesla, Prompting Insult from Musk (Published 2022)"
2022-05-18,Why S&P booted Tesla from its ESG index
2022-05-18,Is It Finally Time to Target the S&P 500 After 6 Weeks of Losses?
2022-05-18,S&P 500's ESG index boots Tesla
2022-05-18,S&P Drops Tesla From S&P 500 ESG Index
2022-05-18,Wall Street ends sharply lower as Target and growth stocks sink
2022-05-18,Why Tesla was kicked out of the S&P 500's ESG index
2022-05-18,"S&P 500 falls again on Thursday, inching closer to bear market territory"
2022-05-18,"Stock Market News for May 18, 2022"
2022-05-18,Tesla Removed From Widely-Tracked ESG Index
2022-05-18,Tesla got booted from S&P 500 ESG index and Musk is mad
2022-05-18,"Why Tesla Was Kicked Out Of S&P 500 ESG Index, And How Musk Responded"
2022-05-18,Elon vs ESG
2022-05-18,The 10 Best Stocks for a Bear Market
2022-05-18,Musk Says ESG 'An Outrageous Scam' After Tesla Index Exclusion
2022-05-18,Why Was Tesla Removed From the S&P 500 ESG Index?
2022-05-18,Tesla is REMOVED from S&P 500 ESG index over Autopilot crashes and racial discrimination claims
2022-05-18,Elon Musk rips 'phony social justice warriors' as Tesla booted from S&P 500 ESG index
2022-05-18,S&P 500 Slips as Rout in Target Triggers Selloff Storm; Dow Down 1200
2022-05-18,"Tesla gets taken off the S&P 500 Environmental, Social and Governance (ESG) Index"
2022-05-19,Tesla cut from S&P 500 ESG index; Musk claims provider 'lacks integrity'
2022-05-19,"Tesla removed from S&P 500 ESG Index, prompting Musk pushback"
2022-05-19,"Tesla cut from S&P 500 ESG Index, and Elon Musk tweets his fury"
2022-05-19,Tesla's Removal From S&P Index Sparks Debate About ESG Ratings
2022-05-19,"Here's The Worst Case Scenario For Stocks, According To Goldman, Deutsche Bank And Bank Of America"
2022-05-19,"Tesla Removed from S&P 500 ESG Index on Lack of Low Carbon Strategy, Controversy Risk"
2022-05-19,Stocks close flat in wild session Friday that saw the S&P 500 briefly fall into a bear market
2022-05-19,Why was Tesla cut from S&P 500 ESG Index?
2022-05-19,The S&P 500 Just Printed A Rare Demark Buy Signal
2022-05-19,"Stocks tumble on recession fears, with the S&P 500 nearing a bear market"
2022-05-19,Bear Markets & Market Bottoms - Investing
2022-05-19,Elon Musk lashes out at S&P 500 ESG Index after Tesla was removed
2022-05-19,An Update on the S&P 500's Prospects
2022-05-19,Cathie Wood slams Tesla's removal from S&P 500 ESG index: 'Ridiculous'
2022-05-19,"The Stock Market Correction Feels Bad, But So Far It’s About Average"
2022-05-19,How Michael Burry Could Be Right About Apple Stock
2022-05-19,"Tesla cut from S&P 500 ESG Index, Musk tweets fury"
2022-05-19,"S&P 500 ESG Index: Tesla Out, ExxonMobil In - ETF Focus on TheStreet: ETF research and Trade Ideas"
2022-05-19,S&P500 SPX Today: Stocks Option Expiration Might Stir up More Volatility
2022-05-19,"Nasdaq, S&P 500 drop 3% as growth stocks rally wanes"
2022-05-20,"Stock Market News for May 20, 2022"
2022-05-20,"Tesla Drags Down S&P 500 as Twitter Waffling, China Hit Stock"
2022-05-20,"Stanley Druckenmiller Reveals Bet Against S&P 500, Buys Energy Stocks"
2022-05-20,Wall Street ends mixed after punishing week
2022-05-20,S&P 500: Largest Negative Price Reaction to Positive EPS Surprises Since 2011
2022-05-20,Strategic and International Experience on US Corporate Boards Decline
2022-05-20,"Stocks Rally Out of Bear Market Territory, but End Lower for a 7th Week"
2022-05-20,S&P 500 claws back from the brink of a bear market
2022-05-20,The Dow is on its longest weekly losing streak since 1923
2022-05-20,S&P 500 Price Forecast – The Stock Market Continues to See Sellers
2022-05-20,S&P 500 approaches bear market territory
2022-05-20,"Tesla Removed From S&P 500 ESG Index, Musk: ""ESG Is a Scam"""
2022-05-20,"Stock market will tank in stagflation scenario, Bank of America warns"
2022-05-20,Tesla is Kicked Off an Index For Socially Responsible Companies While Exxon Remains
2022-05-20,Final-hour rally prevents Wall Street from plunge into bear market | Arkansas Democrat Gazette
2022-05-20,Stocks edging towards another bear market | Business
2022-05-20,Coca-Cola vs. PepsiCo: Which Stock Looks More Promising Moving Forward?
2022-05-20,Tesla Stock News and Forecast: TSLA regains $700 despite cut from S&P 500 ESG Index
2022-05-20,How Far Will Stocks and the S&P 500 Index Fall in 2022?
2022-05-23,Here's How Long It Takes For Stocks To Recover From Bear Markets
2022-05-23,Defensive factor screening gains 3% in 2022 even as S&P 500 fell | Insights
2022-05-23,US inflation and stocks: Inflation hammers S&P expectations as margin pressures build | Insights
2022-05-23,What history says happens to stocks if there's a recession
2022-05-23,Stock Market Downgrades Are Dragging The S&P 500 Lower
2022-05-23,Third Highest Number of S&P 500 Cos. Citing “Supply Chain” on Q1 Earnings Calls in Over 10 Years
2022-05-23,Can Elon Musk save ESG?
2022-05-23,"Australian Dollar, S&P 500 At Risk As Snapchat Earnings Sink Social Media Stocks"
2022-05-23,Should I sell all my stocks and buy back in when the market is lower? Expert Michael Farr says that market timing is ...
2022-05-23,The SEC Goes After Greenwashing
2022-05-23,6 Best Inverse/Leveraged ETF Areas of Last Week
2022-05-23,Stock Market Downgrades Are Dragging The S&P 500 Lower
2022-05-23,5 Must-See Stock Correction and Bear Market Statistics That'll Put Your Mind at Ease
2022-05-23,Alphabet: Big Value In Big Tech
2022-05-24,Coinbase Becomes First Crypto Company to Enter Fortune 500
2022-05-24,How to Trade S&P 500 Futures: A Quick Walk-Through for Investors
2022-05-24,Here are the youngest CEOs on the Fortune 500
2022-05-24,How a sustainability index can keep Exxon but drop Tesla – and 3 ways to fix ESG ratings to meet investors' expectations
2022-05-24,ETF industry at loggerheads following Tesla ejection from S&P 500 ESG index
2022-05-24,"Strategy Webinar: DXY, EUR/USD, USD/CAD, S&P 500 & Gold Technicals"
2022-05-24,Why the TSX is finally finding some love from investors jilted by U.S. stock markets
2022-05-24,"Eight Companies Are Actually Doing Great Right Now, Analysts Say"
2022-05-24,"After rocky period, U.S. stocks will end year up from current levels: Reuters poll"
2022-05-24,Meet Fortune 500's most senior CEOs
2022-05-24,Is American Funds Growth Portfolio A (GWPAX) a Strong Mutual Fund Pick Right Now?
2022-05-24,"A ""Lost Decade"" Ahead For Markets? - RIA"
2022-05-24,Concerns Emerge Even as Dividends Rise
2022-05-25,"Stock Market Today: Dow Jones, S&P 500 Rise, Wendy’s Stock Gains On Potential Deal"
2022-05-25,Stock market forecast 2022: Will equities rebound?
2022-05-25,Diversify your US exposure for difficult markets
2022-05-25,"In the stock market, time pays - by Sam Ro, CFA"
2022-05-25,Strong insider buying suggests a 15% rally in the S&P 500 from here
2022-05-25,How to divest from guns
2022-05-25,"Dow rises for a fifth straight day, S&P 500 and Nasdaq on pace to snap 7-week losing streaks"
2022-05-25,Don't Panic! What History Tells Us After 7 S&P 500 Losing Weeks
2022-05-25,S&P 500 healthcare index seen as gaining on defensive investing strength
2022-05-25,Why Tesla CEO Elon Musk Is Calling ESG a 'Scam'
2022-05-26,Earnings Insight: Q1 '22 by the Numbers [Infographic]
2022-05-26,"S&P 500, Dow snap losing streaks for best week since November 2020"
2022-05-26,'Woke' ESG Funds Are Now Costing You Money
2022-05-26,"As CEO pay grows even bigger, so does its complexity"
2022-05-26,How a Sustainability Index Can Keep Exxon but Drop Tesla – And 3 Ways to Fix ESG Ratings to Meet Investors ...
2022-05-26,S&P 500 Believers See Light Forming in the Market
2022-05-26,"Women in CEO jobs hit median pay of $16M in 2021, but numbers lag"
2022-05-26,How to build a better Sipp
2022-05-26,6 Best ESG ETFs in 2024
2022-05-27,Investors should sell the rallies; S&P 500 can fall another 10%: Chris Wood
2022-05-27,Is ESG a 'scam'? Why Tesla Technoking Elon Musk may have a point
2022-05-27,S&P 500 company CEO salaries reach record high in 2021 - Bizwomen
2022-05-27,Wall Street stocks snap seven-week losing streak
2022-05-27,"Dow Surges Over 500 Points, Market Rebound Continues As Stocks Snap Seven Week Losing Streak"
2022-05-27,Fine Wine Continues To Outperform The Stock Market
2022-05-27,How a sustainability index can keep Exxon but drop Tesla – and three ways to fix ESG ratings to meet investors ...
2022-05-27,Stock Market News: S&P 500 Snaps 7-Week Slump As Inflation Cools
2022-05-27,Defense Stocks Are Beating the S&P 500 This Year Amid Ukraine War
2022-05-27,A risk in market timing that 122 years of backtesting failed to reveal!
2022-05-31,"Fewer men, more Black directors: Corporate board diversity is growing"
2022-05-31,Variability in ESG ratings makes a murky picture for investors
2022-05-31,Jeremy Grantham warns the S&P 500 will 'likely' plunge another 40% minimum — here are 3 shockproof stocks in his ...
2022-05-31,This ETF Shows That Sometimes High Payout Ratios Work
2022-05-31,Active Managers Are on a Winning Streak. That Won't Last.
2022-05-31,"After a Bumper 2021, Companies Might Struggle to Increase Profits (Published 2022)"
2022-05-31,BofA's Subramanian Sees 3200 as Floor for S&P 500
2022-06-01,Best Performing Dividend ETFs For May 2022 - ETF Focus on TheStreet: ETF research and Trade Ideas
2022-06-01,Bear Stearns: A Lesson in Bear Market Bounces - Articles
2022-06-01,Chances are fairly high that you're investing in a gun retailer. Here's how to tell
2022-06-01,4 ETFs to help hedge against a market crash
2022-06-01,"Key Technical Areas In The E-mini S&P, Nasdaq & Russell 2000 for CME_MINI:M2K1! by anthonycrudele"
2022-06-01,Stocks slip on Wall Street to close out a messy May | Arkansas Democrat Gazette
2022-06-01,"SureFire Capital's Multi-Strategy Hedge Fund Achieves +22.1% in April 2022, Outperforming the S&P 500 and Nasdaq ..."
2022-06-02,Top ETFs SelfWealth Investors Buy
2022-06-02,"Hewlett-Packard Enterprise, Held By 233 ETFs, Sees Earnings Hit"
2022-06-02,"Fear gauge decouples from S&P 500 amid sell-off, confounding market"
2022-06-02,How Does The Market Perform During An Economic Recession? You May Be Surprised
2022-06-02,What Nobel Prize-winning economist Robert Shiller thinks about the stock market right now
2022-06-02,S&P 500 & Sectors: Beware The GAAP Gap In S&P 500 Earnings
2022-06-03,The Inverse Cramer ETF Is Still Beating the S&P 500 Index by Nearly 7 Percent
2022-06-03,Amazon Stock: What to Expect for June 2022
2022-06-03,Industrial CEO Tenures Get Shorter and Busier
2022-06-03,UPS vs. FedEx: Which Company Is Currently a Better Buy?
2022-06-03,Fossil-Fuel Shares Lead the Stock Market. How Awkward. (Published 2022)
2022-06-03,"At $300,000, Alphabet, Meta had highest-paid median workers in 2021: Report"
2022-06-03,"US Stock Market Performance: How S&P 500, Nasdaq 100 and Dow 30 fared in May 2022"
2022-06-03,3 Alternative Investments That Have Beaten The Stock Market For The Past 5 Years
2022-06-06,11 Stocks Hold Up Best During Corrections (And 2 Even Gain)
2022-06-06,VFV vs. XUS vs. ZSP: Which S&P 500 ETF Is the Better Buy for Canadians?
2022-06-06,3 Discounted Dividend Aristocrats - Dividend Strategists
2022-06-06,Under Armour dropped from S&P 500 index - Baltimore Business Journal
2022-06-06,Under Armour downgraded from S&P 500 stock market index
2022-06-06,Roper Technologies Stock Finds New Home on S&P 500 IT (NYSE:ROP)
2022-06-06,Male Executives Control 99 Times More S&P 500 Shares Than Women
2022-06-07,Gig economy: ride-hailing and takeaway firms may not survive the cost of living crisis
2022-06-07,RadarScreen Is One of TradeStation's Powerful Tools. Get Started With This Lesson | Market Insights
2022-06-07,Under Armour To Be Dropped From S&P 500 Stock Index
2022-06-07,Target's Profit Warnings Weigh on the S&P 500's Worst Sector This Year
2022-06-07,Private equity beta is lower than many think
2022-06-07,S&P 500 falls 1% as investors gauge chances of economic slowdown
2022-06-07,Is it time to consider investing in international ETFs?
2022-06-08,The S&P 500 Utilities Index Is Up and So Is This ETF
2022-06-08,Passive ownership of S&P 500 doubles in seven years
2022-06-08,"Stock Market Today: Dow, S&P Live Updates for Jun. 9, 2022"
2022-06-08,Have Stocks Hit Bottom? Is Now a Buying Opportunity?
2022-06-08,"Stock Market News for Jun 8, 2022"
2022-06-08,"Investing in the Stock Market Could Turn Your $1,000 Into $576,000. Here's How."
2022-06-08,Stacking VTI or VOO: Get Excited About S&P 500 and US Total Market Stock ETFs
2022-06-08,"Stocks fall sharply, Dow drops more than 600 points ahead of pivotal inflation data"
2022-06-09,Exxon Mobil Leads Energy Higher
2022-06-09,"Dow dives 800 points, S&P 500 posts worst week since January after inflation hits 40-year high"
2022-06-09,"Stock Market Today: Dow, S&P Live Updates for Jun. 10, 2022"
2022-06-09,"S&P 500 ETFs to watch in 2022: VOO, SPY, and IVV - Blog Syfe AU"
2022-06-09,S&P 500 or EURUSD: Which Breaks First?
2022-06-09,19 Stocks You'll Wish You Own When The Recession Hits
2022-06-09,ETF investing for beginners - 4 benefits explained - Blog Syfe AU
2022-06-09,S&P500 Index - Multi timeframe analysis with the Ichimoku Cloud for SP:SPX by entertheroach
2022-06-09,"Stock Market News for Jun 9, 2022"
2022-06-09,S&P 500 Welcomes Casino REIT VICI Properties To List
2022-06-09,"Despite Steady Gains, Procter & Gamble Stock Has Underperformed The S&P 500 Since 2018"
2022-06-09,Facebook (Meta's) New Stock Symbol Didn't Fool Anyone
2022-06-10,The US funds beating the S&P 500 over the short and long term
2022-06-10,These 19 large-cap stocks have now dropped at least 60% from their 52-week highs
2022-06-10,Vanguard: The 60% Stock-40% Bond Portfolio Isn't Dead
2022-06-10,"Stock Market News for Jun 10, 2022"
2022-06-10,Highest Number of S&P 500 Companies Citing “Inflation” on Q1 Earnings Calls in Over 10 Years
2022-06-10,VIX Index's Prolonged Discount to S&P 500 Volatility Narrows
2022-06-10,Valuation Trauma Is Refusing to End for S&P 500 in Free Fall
2022-06-10,Stock market's post-CPI slide in keeping with recent history
2022-06-10,ESG metrics making their way into more S&P 500 firms' incentive plans
2022-06-13,Bear market confirmed as U.S. stocks' 2022 descent deepens
2022-06-13,How big is the stock-market selloff? The S&P 500 erased $9.3 trillion from its market cap
2022-06-13,The S&P 500 has now lost all of its gains since Biden took office
2022-06-13,"As S&P 500 confirms bear market, most of its components look worse"
2022-06-13,The S&P 500 just confirmed a bear market: What investors need to know
2022-06-13,"The S&P 500 is now in an official bear market, according to S&P Dow Jones Indices"
2022-06-13,S&P 500 Enters Bear Market With Help From the Fed
2022-06-13,S&P 500 confirms bear market as recession worry grows
2022-06-13,Stock Market News Today: S&P 500 Enters Bear Market Territory
2022-06-13,Welcome to the year of the bear
2022-06-13,Stock market selloff worsens ahead of Fed meeting this week
2022-06-13,Sell-Everything Markets Are Serving Up Healthier Doses of Panic
2022-06-13,Inflation angst drags S&P 500 into bear market; bonds skid
2022-06-13,"What is a bear market? S&P 500 slides more than 20% from peak, confirming the end of its pandemic bull run"
2022-06-13,"S&P 500 falls for a fifth day, slips deeper into bear market territory ahead of Fed decision"
2022-06-13,S&P 500 Falls Into Bear Market
2022-06-13,Global markets plunge as Fed mulls biggest rate rise in decades
2022-06-13,When Stocks Become Bear Markets
2022-06-13,Wharton professor Jeremy Siegel is one of the best stock watchers alive. He says the S&P 500 is already pricing in a ...
2022-06-13,"Stocks Enter Bear Market, a Grim Signal of Economic Fears"
2022-06-13,"Stock Market Today: Dow, S&P Live Updates for June 13, 2022"
2022-06-13,"Stock Market Today: Dow, S&P Live Updates for Jun. 14, 2022"
2022-06-13,S&P 500 slips into bear territory as inflation surges
2022-06-13,"Stock Bloodbath Continues, Pushing S&P 500 Into Bear Market Ahead Of Critical Fed Meeting - SPDR S&P 500"
2022-06-13,"S&P sinks to bear market, stock crisis gets worse"
2022-06-13,Wall Street enters a bear market as the S&P 500 dives
2022-06-13,Stock declines signal a bear market; here's what that means
2022-06-13,7 Founder-Led Stocks to Buy and Hold Forever
2022-06-13,Chart: Every S&P 500 Bear and Bull Market in History
2022-06-13,Canadian Investors: Recreate Warren Buffett's 90/10 Portfolio With These 2 BMO ETFs
2022-06-13,"It's a bear market! What you need to know about stocks, inflation, the Fed, and what's to blame."
2022-06-13,What to Do During a Bear Market? Stay Calm
2022-06-13,S&P 500 Index price tests bear market territory after crash and raises recession concerns
2022-06-13,How Long Does the Average Bear Market Last?
2022-06-14,BofA survey signals 'deeper investor misery' as S&P enters bear market
2022-06-14,Bear Market Stock Tips: Investing Moves to Consider Now
2022-06-14,Stocks have officially entered bear market territory—here's what that means and what you should do
2022-06-14,"Stock Market Today: Dow, S&P Live Updates for Jun. 15, 2022"
2022-06-14,S&P 500 Hits Bear Market Territory
2022-06-14,Is Bitcoin Correlated to the S&P 500?
2022-06-14,"What to know as S&P 500 enters bear market territory: ‘The bottom line is, it’s a tough time,’ says financial advisor"
2022-06-14,The Risk of Mean Reversion Has Stocks Staring at a Profit Squeeze
2022-06-14,"Inflation, inflation, and more inflation"
2022-06-14,The S&P 500 is in a bear market; here's what that means
2022-06-14,Wall Street is in a bear market. Here's what that means for your money.
2022-06-14,Find 'Strong Buy' Stocks After the S&P 500 Entered a Bear Market
2022-06-14,Explainer: What led to the US stock market rout and how will it affect Asian markets?
2022-06-14,"Bears Take a Bite Out of Cable Stocks, Too"
2022-06-14,S&P 500 Index Price Tests Bear Market Territory After Crash
2022-06-14,Limit Your Downside Risk During a Bear Market
2022-06-14,Stocks Cross the Line Into 'Bear Market' as Inflation Worries Peak Before Pivotal Fed Meeting | Market Insights
2022-06-14,Billionaire Leon Cooperman calls cryptocurrency 'crap'
2022-06-14,What Dollar Tree and Target stocks imply about the economy
2022-06-14,25 Best S&P 500 Stocks of the Pandemic Bull Market
2022-06-14,S&P 500 confirms bear market as fears of a recession mount
2022-06-15,What a Bear Market Means for Consumers and the U.S. Economy
2022-06-15,SPY: Is Michael Burry Right Again About a Market Crash?
2022-06-15,"Stock Market Today: Dow, S&P Live Updates for Jun. 16, 2022"
2022-06-15,"Stock Market News for Jun 15, 2022"
2022-06-15,S&P 500 Earnings Yield Spread — Indicator by alexjnelson
2022-06-15,Super Rich People Own Just One Asset That's Not Falling Apart
2022-06-15,A stock market drop doesn't predict a recession - The Washington Post
2022-06-15,"For Signs Of Relief Rally, Watch the S&P 500 versus Retail Stocks"
2022-06-16,"वैश्विक आर्थिक महामंदी की आहट और दुनियाभर के गिरते बाजार, आखिर क्या है बीयर मार्केट?"
2022-06-16,"Stock Market News for Jun 16, 2022"
2022-06-16,CHART OF THE DAY: S&P 500 Has Already Crashed This Year
2022-06-16,What Is the Longest Bear Market in US History?
2022-06-16,Should I Sell Stocks Now: Advisers Tell Clients to Stay Invested in Bear Market
2022-06-16,Live updates: Stocks tumble after Fed takes historic action on inflation
2022-06-16,Stock Markets Fall After Fed Rally Fades
2022-06-16,Wall Street plunges as recession fears grow
2022-06-16,S&P 500 Crash 2022: Here Comes The Bottom
2022-06-16,JPMorgan Strategists Say Stocks Imply 85% Chance of US Recession
2022-06-17,"History says the next bull market is just months away, and it could carry the S&P 500 to the 6,000 level, according to Bank of America"
2022-06-17,Analysts Continue to Have An Unusually High Number of “Buy” Ratings on S&P 500 Stocks
2022-06-17,Best Stocks in 2022: Energy Stocks Only S&P Sector Rising
2022-06-17,"ProShares: What it is, How it Works, FAQs"
2022-06-17,U.S. stocks meander after sharp drop on economic concerns
2022-06-17,S&P 500 Weekly Price Forecast – S&P 500 Slams Into the 200 Week EMA
2022-06-17,Wall St ends up but still down on week as volatility rules
2022-06-17,"Stock Market News for Jun 17, 2022"
2022-06-17,Has the S&P500 Put In a Multi-Year Top?
2022-06-17,Does the car market correspond to the stock market?
2022-06-17,Bitcoin Stock Market Correlation: What Do the Charts Say?
2022-06-21,Inside Volatility Trading: Breaking Down the VIX Index and its Correlation to the S&P 500 Index
2022-06-21,AP Style Update: Financial Markets
2022-06-21,"Stock Market News for Jun 21, 2022"
2022-06-21,What Is a Circuit Breaker in Trading? How Is It Triggered?
2022-06-21,"Stock Market Outlook: Next Bull Run Could Send S&P 500 to 8,900 by 2028"
2022-06-21,"Stock Market Today: Dow, S&P Live Updates for Jun. 22, 2022"
2022-06-22,Reasons To Include International Investments In Your Portfolio
2022-06-22,Five ETFs for a looming recession
2022-06-22,Kevin O’Leary reveals 1 important lesson that every young trader needs to learn
2022-06-22,"Stock Market News for Jun 22, 2022"
2022-06-22,3 Low P/E Shipping Stocks Outperforming the S&P 500 in 2022
2022-06-22,The S&P 500 could slide another 33% in a '70s-style inflation environment: Société Générale
2022-06-23,Will SPY Lose Its Asset Crown?
2022-06-23,Study: Could Sports Cards Be the Best Store of Value During Tough Economic Times?
2022-06-23,Corporate Profit Estimates Everyone Else Hates Still Backed by Analysts
2022-06-23,Stock Market Indices: All You Need To Know
2022-06-23,"S&P 500 May Be 24% From Nadir, 150 Years of Market History Shows"
2022-06-23,Bear Market Rallies - Investing
2022-06-23,Stock Performance in Every Recession Since 1980
2022-06-24,S&P 500 Weekly Price Forecast – S&P 500 Finds Support for the Week
2022-06-24,"Stocks rally, driving Wall Street to a rare winning week"
2022-06-24,Here's what a bear market is and why it matters • New Hampshire Bulletin
2022-06-24,Stagflation investing: Five key charts to watch
2022-06-24,When Can S&P 500 Volatility Break a Stock Diversification Strategy? Analyzing the VIX
2022-06-24,Here's how much S&P 500 companies that make most of their money in U.S. have outperformed their global-faced rivals
2022-06-24,"Stocks jump to close out second best week of 2022: S&P 500 gains 3.1%, Dow adds 800+ points"
2022-06-24,S&P 500: 14 Stocks Paying Huge Dividends Totally Burn Investors
2022-06-24,S&P 500 May Fall Another 15%
2022-06-24,"Stock Market News for Jun 24, 2022"
2022-06-24,"Stock markets end week on high note, after weeks of declines"
2022-06-24,"Bottom-Up Target Price for S&P 500 Drops Below 5,000 for First Time Since August 2021"
2022-06-24,A Recession May Be Coming. But Here's a Silver Lining
2022-06-27,Where the S&P Goes from Here
2022-06-27,The Russell 3000 Index – Forbes Advisor
2022-06-27,Dow falls nearly 500 points as bear market bounce loses steam
2022-06-27,"Stock Market Today: Dow, S&P Live Updates for Jun. 28, 2022"
2022-06-27,SPDR S&P 500 ETF Trust (SPY) Forecast: Equities rally in reponse to record low Michigan sentiment reading
2022-06-27,3 Dividend Aristocrats That Income Investors Can't Ignore
2022-06-27,Which U.S. Companies are Most Exposed to Europe?
2022-06-27,Vladimir Putin's Old Horseriding Photos Crack Up G7 Leaders - SPDR S&P 500 (ARCA:SPY)
2022-06-27,The Russell 1000 Index – Forbes Advisor - Investing
2022-06-27,"3 Tools to Buy the Dip: S&P500, VIX, and Google Trends"
2022-06-28,"US Profit Margin Estimates Are Too Optimistic, Goldman Strategists Say"
2022-06-28,ETF Seeks to Exploit an Under-the-Radar Phenomenon in the Stock Market
2022-06-28,US Share Market Today: US market falls as economic concerns weigh; check top gainers and losers
2022-06-28,Stocks' Best Two Weeks Start Now (Here Are The 7 Top Ones To Own)
2022-06-28,The Equity Bear Market Won't Be Over Before Recession Begins
2022-06-28,Managing Sector Rotation with Derived Blocks
2022-06-28,Stocks went down after Conference Board consumer confidence report
2022-06-28,Optimistic Financial Advisors Expect 4.4% Return In 2022 According To Survey
2022-06-28,The most important pattern in history's bear markets
2022-06-28,"Stock Market News for Jun 28, 2022"
2022-06-28,"If You Invested $1000 In SPY At The End Of The Last Recession, Here's How Much You Have Now"
2022-06-28,How a massive options trade by a JP Morgan fund can move markets
2022-06-28,"Why the S&P 500 may be in for a 1966-style bear market, according to DWS Group"
2022-06-29,"Stock Market Today: Dow, S&P Live Updates for Jun. 30, 2022"
2022-06-29,"S&P 500 posts worst first half since 1970, Nasdaq falls more than 1% to end the quarter"
2022-06-29,"Global stocks fall on weak US consumer data; S&P 500, Nasdaq fall over 2%"
2022-06-29,S&P 500 limps to slightly lower close as quarter-end looms
2022-06-29,Top Healthcare Stocks: Is Healthcare Ultimate Defensive Play?
2022-06-29,S&P 500 Board Composition: Over a 100 Seats Open Give Diversity a Bump
2022-06-29,Stocks Are Crashing But History Shows This Bear Market Could Recover Faster Than Others
2022-06-29,Crypto's Correlation to Equities Dips Following All-time Highs in May
2022-06-29,"Stock Market News for Jun 29, 2022"
2022-06-29,What's next for biotech and health care
2022-06-29,Two More Reasons This Bear Market Isn't Over
2022-06-29,60-Year Wall Street Veteran Says S&P 500 Will Sink to 3100
2022-06-30,US stocks suffer sharpest first-half drop in more than 50 years
2022-06-30,"Stocks slide to close worst first half in 52 years: S&P 500 plunges 20.6% YTD, 8.4% in June"
2022-06-30,These 10 stocks in the S&P 500 lost $4.2 trillion of investors' money during the first half of 2022
2022-06-30,US stocks see worst first half drop in more than 50 years
2022-06-30,S&P 500 Has Worst First Half Since 1970 Is No Indicator for Second Half
2022-06-30,S&P 500 ends brutal first half '22 with largest percentage loss since 1970
2022-06-30,US Stock Market Today: Dow ends 0.8% lower as slowdown concerns weigh; check top gainers and losers
2022-06-30,"Wall Street slides, Dow Jones set for worst first-half since 1962"
2022-06-30,Amazon vs. the S&P 500: Which Is the Better First Investment?
2022-06-30,Wynn Tops BofA List of US Stocks with China Exposure
2022-06-30,Live updates: The stock market posted the worst first half of any year since 1970
2022-06-30,Wells Fargo: Here's The Best Asset To Own When Inflation Strikes
2022-06-30,"After Stock Market's Worst Start in 50 Years, Some See More Pain Ahead (Published 2022)"
2022-06-30,What past market crashes have looked like
2022-06-30,"The S&P 500 has dipped into bear market territory, plunging as much as 25% from its January’s peak. Where could the ..."
2022-06-30,What Recession? This Fortune 500 Company Continues Its Winning Ways
2022-06-30,"Stocks rally to end the first day of the second half, Dow jumps 300 points"
2022-06-30,Investing In Stocks In The First Half Stunk; Will H2 Be Better?
2022-07-01,S&P 500 Weekly Price Forecast – The Stock Market Continues to Plummet
2022-07-01,What's Priced Into the Stock Market?
2022-07-01,Meet The Midwestern Retailer Quietly Making A Fortune Selling Used Stuff—And Beating The S&P 500
2022-07-01,Markets 2022: These 3 charts show just how bad assets performed
2022-07-01,S&P 500 sees worst first half year in 50 years
2022-07-01,The Rise of RILA
2022-07-01,This Is How Warren Buffett's Estate Will Invest 90% of His Non-Donated Portfolio
2022-07-01,S&P 500 Price Forecast – Stock Markets Look Miserable
2022-07-01,The stock market had its worst first half since 1970
2022-07-01,S&P 500 Posts Worst First Half Loss Since 1970: What It Means And What Could Be Next
2022-07-01,"The S&P 500 just had its worst first half in more than 50 years, which 'stressed' this classic investment strategy"
2022-07-01,Stock market news lives updates: Stocks kicks of July with gains after the S&P 500's worst first half since 1970
2022-07-05,My favorite visualization of short-term stock market performance
2022-07-05,India aims to add 500 GW of renewables by 2030
2022-07-05,"Don't be duped by doomsayers, JPMorgan says — the S&P 500 will rebound to 4900. Here are 3 stocks it's using to bet ..."
2022-07-05,S&P 500 Negative EPS Guidance Is Above Average but Not at Peak Levels
2022-07-05,S&P 500 rises for third straight session as Fed restates commitment to bringing down inflation
2022-07-05,Using MACD To Identify Long Term Trends for SP:SPX by CMT_Association
2022-07-05,"Stock Market News for Jul 5, 2022"
2022-07-05,"Despite A Drop In Sales, Coherent Stock Has Managed To Strongly Outperform The S&P 500"
2022-07-05,Here's how investors can avoid violating ‘wash sale rules’ when realizing tax losses
2022-07-05,VFV vs. VUN: Should Canadian Investors Buy the S&P 500 or Total U.S. Stock Market?
2022-07-05,Bank of America's 'stagflation playbook' for investors
2022-07-06,VOO vs. SPY vs. IVV: What’s The Best S&P 500 ETF In Singapore?
2022-07-06,2022 Say on Pay & Proxy Results
2022-07-06,The Value of Equal Weighting by Sector
2022-07-06,Ray Dalio's Bridgewater Is a Huge Winner in 2022. He's Betting Big on These 5 Stocks.
2022-07-06,What This Sideways Chop Tells Us About The Bear Market | investing.com
2022-07-06,"As stocks and crypto crash, is sports betting a better option?"
2022-07-07,Argentina’s Merval Sees Sharpest Gain Since 2020; S&P 500 Extends Upward Streak
2022-07-07,Key Metrics Suggest the S&P 500 Is Still Overvalued
2022-07-07,"S&P 500, Nasdaq 100, Dow Jones Technical Outlook Remains Positive"
2022-07-07,What Should Long-Term Investors Buy During a Bear Market?
2022-07-08,3 ETFs You Can Hold for the Next 3 Decades
2022-07-08,Energy Stocks Were the Place to Hide Out This Year. Not Anymore
2022-07-08,"The bears took control of the market, but refrained from gold - MINING.COM"
2022-07-08,Feel Bad About Your Portfolio's Losers? Hope You Didn't Buy These
2022-07-08,"If you buy the S&P 500 Index now, there is only a 4% chance you'll be paying too much"
2022-07-11,NFO Alert: Mirae Asset Launches S&P 500 Top 50 ETF Fund of Fund
2022-07-11,2 ETFs Warren Buffett Owns Through Berkshire Hathaway -- Should You Buy Them Too?
2022-07-11,Does gold's value increase during recessions? - MINING.COM
2022-07-11,Earnings Season Kicks Off
2022-07-11,The First Half of 2022 Was the Worst in 50 Years. Here's How Hedge Funds Did.
2022-07-11,"Prepare for the U.S. dollar hit on S&P 500, big tech earnings"
2022-07-11,This is what doomed Elon Musk's Twitter deal
2022-07-12,US REITs edge higher than broader market amid rising interest rates
2022-07-12,The 3 Most Oversold Stocks in the S&P 500
2022-07-12,The S&P 500 Is In A Bear Market: How Much Lower Could It Go?
2022-07-13,Bruised investors seek shelter in U.S. healthcare stocks
2022-07-13,4 ETFs That Have Been Soundly Beating the S&P This Year
2022-07-13,These 7 beaten-down value stocks are a buy
2022-07-13,"US inflation hit 40-year high in June, driven by record gas prices"
2022-07-13,Fed Meets to Set Rates: Fed Raises Rates Half a Point as It Tries to Tame Inflation (Published 2022)
2022-07-13,What to Expect After the Yield Curve Inversion
2022-07-13,Wells Fargo Says These Eight Energy Stocks Can Weather a Recession
2022-07-14,Moving TSP Money to G-Fund? Here's Why You Should Proceed with Caution
2022-07-14,Here's The One Guaranteed Way To Lose Less Money In This Market
2022-07-14,Dow and S&P 500 closed lower today after JPM missed on earnings
2022-07-14,"Cummins Makes Rumsey CEO, Adding to Female Leaders in S&P 500"
2022-07-14,The 7 Best S&P 500 Stocks to Buy Now
2022-07-14,Bank of America slashes S&P 500 target to ‘lowest on the Street’ after recession forecast
2022-07-15,Why GameStop Stock Is Outperforming the S&P 500 In 2022
2022-07-15,Live updates: Stocks sinks as recession fears grip Wall Street
2022-07-15,"If Equal Weight Is More Volatile, Why Is It Consistently Outperforming?"
2022-07-15,"Overnight trading: Stock Markets, Apparently, Only Make Money At Night"
2022-07-15,Really Bad News Is Coming To These 10 Companies Next
2022-07-18,New Investors: 2 Low-Cost Vanguard ETFs to Buy and Hold Forever
2022-07-18,Here's How This Stock Sets Up Wyckoff Accumulation For The Next Big Move
2022-07-18,Mark Spiegel's Stanphyl Capital Is Having a Great Year
2022-07-18,The age of 'greedflation' is here: See how obscene CEO-to-worker pay ratios are right now
2022-07-18,"CEOs Made 324 Times More Than Their Median Workers In 2021, Union Report Finds"
2022-07-18,The Good And Bad: Popular Inc. And Realty Income
2022-07-18,Stock market news live updates: Stocks tumble as earnings season picks up
2022-07-18,"CEO pay gains far outpace rising wages, says U.S. union report"
2022-07-18,"Morgan Stanley's Mike Wilson says S&P 500 trough could be around 3,400"
2022-07-18,One thing is beating inflation in this economy: CEO pay
2022-07-18,S&P 500 Reporting Year-Over Year Decline in Net Profit Margins For Second Straight Quarter
2022-07-19,S&P 500 struts stuff with best day in three weeks
2022-07-19,America's CEOs made 324 times more than you last year
2022-07-19,Bernie Sanders calls out 'obscene' asset hoarding of 'Big Three'
2022-07-19,This is how much more an S&P 500 CEO earned than the typical worker last year
2022-07-19,"Stocks add to gains, shrug off Fed and data fears"
2022-07-19,S&P 500 Price Forecast – S&P 500 Continues to Threaten a Breakout
2022-07-20,"When Performance Matters: Nasdaq-100® vs. S&P 500, Second Quarter '22"
2022-07-20,ETF of the month: Invesco S&P China A MidCap 500 Swap UCITS ETF (C500)
2022-07-20,Can the S&P 500 Keep Pace With Red-Hot Inflation?
2022-07-21,How to invest like Warren Buffett during a recession
2022-07-21,"Correlation between India and US markets hits 17-month high, shows data"
2022-07-21,"S&P 500 sheds nearly 1% Friday on Snap-led tech sell-off, but finishes higher on week"
2022-07-21,Racial and Ethnic Diversity on U.S. Corporate Boards—Progress Since 2020
2022-07-21,The biggest bear on Wall Street: BofA's Subramanian just slashed her S&P price target to 3600. But here's what she ...
2022-07-21,"Sanders’ Tweet on Power of Vanguard, BlackRock, State Street Raises Eyebrows"
2022-07-21,Stock Market vs The Economy | Chase
2022-07-21,Bear Market Rallies Can Lead To Lower Bitcoin Price
2022-07-21,Wall Street closes higher boosted by strong Tesla earnings
2022-07-22,Treasury Outperformance Means Good Things For Stocks? History Says Yes
2022-07-22,Best Performing Dividend ETFs For The 1st Half Of 2022
2022-07-22,7 S&P 500 Stocks Trading at a Huge Discount Right Now
2022-07-22,"Bear-market bottom for U.S. stocks? What the pros say as S&P 500 tests 4,000"
2022-07-22,More companies are setting age limits to help refresh their boards
2022-07-22,Finding Market Bottom: The Cause Is The Cure
2022-07-22,The 20 companies with the biggest CEO-to-worker pay ratios: AFL-CIO
2022-07-25,Stocks are on track for the best month of the year — for now
2022-07-25,Wyckoff Method Reveals Where The Stock Market Could Head To
2022-07-25,"Yardeni Says S&P 500 Has Already Bottomed, Sees No Hard Landing"
2022-07-25,How IBM Could Become A Digital Winner
2022-07-25,S&P 500 Companies with More Global Exposure Reporting Higher Earnings Growth in Q2
2022-07-25,The Most Consistently Profitable Hedge Funds Continue to Prove Their Edge
2022-07-25,"US STOCKS-Wall Street ends choppy session nearly flat; investors eye Fed, earnings"
2022-07-26,Study finds crypto is ‘fool’s gold’ when it comes to hedging
2022-07-26,VIX: Understanding the Market Volatility Index
2022-07-27,"Semiconductor stocks have been hit hard, but many are poised for rapid growth. Here are 15 expected to shine through 2024"
2022-07-27,Stock market news live updates: Stocks surge as Fed hikes rates by 75 basis points
2022-07-27,Investors shown to be actively pursuing passive funds
2022-07-27,Bear markets don't go paw-in-paw with recessions
2022-07-27,The Globe and Mail
2022-07-28,"If Congress won't raise the minimum wage, companies should pay up"
2022-07-28,Jeff Bezos Says Inflation 'Most Hurts The Least Affluent' Which May Be Why These Assets Are Performing Better Than ...
2022-07-28,Top 7 High Yield Covered Call ETFs For 2022 (Updated July 2022)
2022-07-28,"Stocks rally for a third day to cap a winning week, major averages post best month since 2020"
2022-07-29,"S&P 500: 7 Stocks Turned $10,000 To $76,175 In 7 Months"
2022-07-29,"Stocks rally, closing out best month for the S&P 500 since November 2020"
2022-07-29,July Marked Best Month For Stocks Since November 2020: Here Are The Market's Biggest Winners And Losers
2022-07-29,Was That the Bottom?
2022-07-29,"Recession or not, the stock market is doing fine - Economy"
2022-07-29,Executive Churn In Retail C-Suites Is Unsustainable
2022-08-01,"Apple, Google, Meta: All of the tech companies hitting the brakes on hiring"
2022-08-01,Oppenheimer Says S&P 500 Could Rise Another 12% by Year-End — and These Stocks Could Follow
2022-08-01,Market's future: Chart shows history of S&P 500's annual returns
2022-08-01,Stocks slip to begin August following their best month since 2020
2022-08-01,Are Passive ETFs Better Than Active Funds? Where to Put Money as Markets Slump
2022-08-01,Analysts Making Larger Cuts Than Average to EPS Estimates for S&P 500 Companies for Q3
2022-08-01,"Study: Could Investment Wine Be a High Return, Low Risk Unicorn?"
2022-08-01,Incredibly accurate S&P 500 stock market model forecasts huge end to 2022
2022-08-01,Surging Stock Market Is Heading Into Riskiest Months of the Year
2022-08-01,"After S&P 500's best month since 2020, analysts look for bear market's end"
2022-08-01,"Stock Market News for Aug 1, 2022"
2022-08-02,Hints of 1982 have one strategist saying the bear market is over: Morning Brief
2022-08-02,S&P 500 ends see-saw session lower as Pelosi visits Taiwan
2022-08-02,"Stock Market News for Aug 2, 2022"
2022-08-02,Low volatility and high dividend ETFs shoot the lights out so far in 2022
2022-08-02,"Why the stock market rallied in July and what comes next, according to experts"
2022-08-02,7 Ways to Invest in the S&P 500 Using ETFs
2022-08-03,Ben & Jerry's says Unilever froze directors' salaries over Israel
2022-08-03,Can the S&P 500 Maintain Its July Momentum?
2022-08-03,3 S&P 500 Companies Generating Substantial Cash
2022-08-03,"Stocks rally to reverse two-day slide, surging on rosy earnings results and economic data"
2022-08-03,Stocks have made five times more than the real estate since the 1950s
2022-08-03,Where's the Fear? VIX Keeps Sliding as Big Events Fail to Lift Volatility | Market Insights
2022-08-04,Nightshare ETFs Trying to Make Investors Money Overnight Stumble
2022-08-04,Wall Street ends mixed as investors eye jobs data
2022-08-04,S&P 500 annual returns over the past 25 years
2022-08-04,US Market Today: Top gainers and losers on Nasdaq and S&P 500
2022-08-04,Straits Times Index | Hang Seng Index | S&P 500 Index: How To Gain Both Long & Short Exposure To These Indices ...
2022-08-04,Meta Makes Bond-Market Debut With Four-Part Offering
2022-08-04,FAANG Stocks Sales Are Slipping - RIA
2022-08-04,Has the Stock Market Hit Bottom? Experts Share Their Top Investment Ideas
2022-08-04,"Stock Market News for Aug 4, 2022"
2022-08-05,What the 1980s Can Teach Us About Interest Rates and Inflation
2022-08-05,11 Big $600-A-Share Stocks Really Ought To Split After Tesla
2022-08-08,Stock market news live updates: Stocks cap session muted amid busy week of inflation data
2022-08-08,Market Not Punishing Negative EPS Surprises Reported by S&P 500 Companies for Q2
2022-08-08,10 Growth Stocks Analysts Say You'll Be Glad You Bought
2022-08-08,MicroStrategy has outperformed 97% of S&P 500 stocks since adopting BTC strategy in 2020
2022-08-08,How To Live Off Dividends In Retirement
2022-08-08,BlackRock launches S&P 500 equal weight and ESG ETFs
2022-08-08,"Stocks: The Argument for ""Doing Nothing"""
2022-08-08,Today marks an important day for diversity on Wall Street. Here's why
2022-08-08,"More than 500 US flights canceled and more than 2,000 delayed on Monday"
2022-08-09,2022 Mid-Year Factor Views
2022-08-09,"What The Stock Buyback Tax Means For Apple, S&P 500"
2022-08-10,ESG is essential for companies to maintain their social license | McKinsey
2022-08-10,Is the worst over for US stocks?
2022-08-10,Retirement Strategy: 5 ETFs For Safely Adding A 7% Yield To Your Portfolio
2022-08-10,Was Tom Lee Right About 2022?
2022-08-10,Why GICs might be a better investment than stocks and bonds
2022-08-10,"Mocked by Everyone, Stock Rally Sits at Cusp of a Chart Landmark"
2022-08-10,"Stocks soar, S&P 500 hits highest level in three months after key report shows slowdown in inflation"
2022-08-10,"Stock Market Today: Dow Jones, S&P 500 Rally On Less-Than-Expected Inflation Report"
2022-08-10,Term Limits Alone Won't Achieve Desired Board Turnover
2022-08-10,S&P 500: What Happens In August? These 7 Stocks Are The Best
2022-08-11,"Elon Musk sold nearly $7 billion worth of Tesla stock—here’s how much money you’d have if you’d invested $1,000 in the company 10 years ago"
2022-08-11,"Ex-Energy, S&P 500 Reporting a Year-Over-Year Decline in Earnings of 4% for Q2"
2022-08-11,Why Companies Aren't Living Up to Their Climate Pledges
2022-08-11,Stock market bulls eye technical signal for further gains
2022-08-11,What Is An Index Fund And How Do They Work?
2022-08-11,"S&P 500 closes flat, Nasdaq dips as market comeback rally takes a breather"
2022-08-12,3 Best Funds for Aggressive Investors
2022-08-12,The Technical Indicator That Always Calls the End of Bear Markets
2022-08-12,Long Term Returns Are Unsustainable - RIA
2022-08-12,Apple's Big Rally Gives Stock Bulls Something to Cheer About
2022-08-12,"Dow closes up 400 points, S&P 500 rises for fourth straight week as investors warm to cooler inflation"
2022-08-12,"U.S. stock market: Is it a bull, a bear, or a bull in a bear?"
2022-08-12,Stock market news live updates: Stocks notch longest winning streak since late 2021
2022-08-12,"Dow jumps 400 points as S&P 500, Nasdaq clinch longest winning streak since November"
2022-08-12,"Stocks Record Best Stretch of Year, as Inflation Fears Recede (Published 2022)"
2022-08-12,Out of the Woods? The S&P 500 Recovers 50% of Year's Drawdown
2022-08-15,One Investor Is The Largest Owner Of Two-Thirds Of U.S. Companies
2022-08-15,Fortune 1000: Annual List of Largest American Companies
2022-08-15,"S&P 500, Nasdaq close up 4th straight week as optimism grows"
2022-08-15,S&P 500: Bull Leg In Trading Range?
2022-08-15,Stock market news live updates: Stocks rise as Wall Street gears up for retail earnings
2022-08-15,"Stock Market News for Aug 15, 2022"
2022-08-15,SPY: Could This Actually Be the Start of a New Bull Market?
2022-08-15,"Why stock market bulls are applauding the S&P 500's close above 4,231"
2022-08-15,"S&P 500 closes higher on Monday, building on its four-week win streak"
2022-08-16,Watch What The VIX/VXV Ratio Is Showing | investing.com
2022-08-16,US STOCKS-S&P 500 near unchanged; Walmart and other retailers gain
2022-08-16,Morgan Stanley Sees Risk of S&P 500 Profit Reversal on Leverage
2022-08-16,"Dow, S&P 500 climb as upbeat results from Walmart, others boost optimism"
2022-08-17,Warren Buffett Finally Throws In The Towel On 4 Lousy Stocks
2022-08-17,Downloading Free Price Data for All S&P500 Stocks in 50 Lines of Python Code
2022-08-17,Target's Earnings Weigh on SPY
2022-08-17,"Stock Market Crash Isn't Over, According To Indicator With 'Perfect' Track Record"
2022-08-17,BofA Quants Say a Winning Stock Signal Is Bad Omen for Bulls
2022-08-17,"Dow closes lower Wednesday to end 5-day win streak, Wall Street mulls new retail data"
2022-08-17,S&P 3500 By Year End If QT Continues - RIA
2022-08-17,3 Reasons to Invest in an S&P 500 ETF Right Now
2022-08-17,"Stock markets rally, S&P 500 reaches fourth consecutive week of gains"
2022-08-18,Why junk food stocks are surging
2022-08-18,Technical Analyst Says S&P 500 Rally Could Run Out Of Steam And Fall Almost 1000 Points To 3330
2022-08-18,What is the S&P 500?
2022-08-18,Some stock market charts worth your consideration
2022-08-18,Hedge funds are sitting on a record level of bearish bets on the stock market
2022-08-18,"JPMorgan's Kolanovic Defends Dip-Buying Call, Warns of Fed Error"
2022-08-18,"Stock Market News for Aug 18, 2022"
2022-08-18,Annuities | What are buffer annuities
2022-08-18,Best Small Cap ETFs (Updated August 2022) - ETF Focus on TheStreet: ETF research and Trade Ideas
2022-08-18,Marko Kolanovic: S&P 500 Going to 4800
2022-08-19,"Investors lose N36 billion in Access Bank, UBA, GTCO as sell pressure intensifies"
2022-08-19,"US STOCKS-S&P 500, Nasdaq eye weekly loss as rate-hike worries hit growth stocks"
2022-08-19,2021: The Year of CFO Turnover and Strides in Gender Diversity
2022-08-19,Bear Market Rally Or New Bull Run: What Should Investors Do?
2022-08-19,Investors fret over durability of summer rally in US markets
2022-08-19,S&P 500 ETFs: Why Is SPY More Popular Than VOO?
2022-08-22,These 16 Investors Collect $2.7 Billion A Year In Dividends Alone
2022-08-22,The Measure of Financial Influence with Mrs. Dow Jones
2022-08-22,Wall Street ends sharply lower on fears of aggressive Fed
2022-08-22,ESG + Incentives 2022 Report
2022-08-22,Netflix Is Now The Worst-Performing Stock In The S&P 500 As Shares Plunge Over 60% In 2022
2022-08-22,9 Charts Every Investor Should See
2022-08-22,Best Energy ETFs (Updated August 2022) - ETF Focus on TheStreet: ETF research and Trade Ideas
2022-08-22,Alfred Cowles: The Origins of the S&P 500 Index
2022-08-23,"Dow, S&P 500 fall Tuesday, notching three-day losing streak"
2022-08-23,"S&P 500 Futures lick its wounds, yields retreat as markets brace for Jackson Hole"
2022-08-23,Warren Buffett Boldly Loads Up On 4 Of His Best Stocks
2022-08-24,Retirement Plans Outperformed the S&P 500 During a Volatile Second Quarter | PLANSPONSOR
2022-08-24,The Unsung Hero of Fundstrat: Mark Newton
2022-08-24,"Why the stock market slumped and what comes next, according to experts"
2022-08-24,"Growth stocks lift Wall Street, all eyes on Jackson Hole; Tesla rises"
2022-08-24,"Stocks end Wednesday higher, Dow and S&P 500 snap three-day slide"
2022-08-25,"S&P 500, Nasdaq Futures Firm Up Ahead Of Fed Jackson Hole Event, Q2 GDP Data; Tesla In Focus Today"
2022-08-25,"Stock Market News for Aug 25, 2022"
2022-08-25,How Has the Dividend Aristocrat Index Performed Relative to the S&P 500 Index?
2022-08-26,Hedge fund 'Hot Dogs' point to volatility ahead for stocks: RBC
2022-08-26,2015 Flash Crash (August 24) Made Trading History
2022-08-26,Stock market live updates: Stocks tank after Powell's hawkish Jackson Hole message
2022-08-26,SPDR S&P 500 ETF Trust (SPY) News and Forecast: Jackson Hole looking increasingly hawkish
2022-08-26,"Powell comments fuel 1,000-point market rout Friday as stocks slide for a second week"
2022-08-26,Fed Chair Powell's 1970s Lesson Casts Doubt On Quick Pivot; S&P 500 Falls
2022-08-26,Live updates: Stocks sink as Fed Chair Jerome Powell promises 'forceful and rapid' action on inflation
2022-08-26,Dow Jones drop 3 percent after Fed Chair Powell warns interest rates to stay high
2022-08-29,Panic Button Is Nowhere in Sight as Memory of 7th S&P Rout Fades
2022-08-29,"To make money in the stock market, do nothing"
2022-08-29,"Bermuda Public Companies Update, August 2022"
2022-08-29,The 8 Most Profitable U.S. Companies Practically Print Money
2022-08-29,Japan's Nikkei slumps to 2-week trough on Fed rate-hike angst
2022-08-29,"Gaps Galore on the Stock Market, Where Is the Market Headed and When?"
2022-08-29,Is this chart going up or down?
2022-08-29,"Dow closes 100 points lower as sell-off continues, surging Treasury yields reflect mounting rate fears"
2022-08-30,"S&P 500 slumps as ""new bull market"" fizzles"
2022-08-30,NEOS Investments Launches Suite of Next Evolution Options Income ETFs
2022-08-30,The S&P 500 Just Flashed A Significant Signal
2022-08-30,It's Different This Time
2022-08-30,Highest Beta stocks in the S&P 500
2022-08-30,"Here's How The ""Top 50"" Hedge Funds Generate Consistent Returns"
2022-08-30,"US Markets: US Stock Market Data - Dow Jones, NASDAQ, S&P 500, US Market News – Moneycontrol"
2022-08-30,"Stock Market News for Aug 30, 2022"
2022-08-31,"S&P 500, Nasdaq, Dow Pull Back: Good News is Bad News for Stocks"
2022-08-31,What is in store for S&P 500 ahead.
2022-08-31,Vanguard Launches First Index Fund For US Retail Investors 46 Years Ago Today - Vanguard S&P 500 ETF (ARC
2022-08-31,"S&P 500: 8 Stocks Turned $10,000 Into $95,509 In 8 Months"
2022-08-31,Here are the worst (and best) performing stocks of August and for 2022
2022-08-31,Tesla vs. the S&P 500: Which Is the Better First Investment?
2022-08-31,"S&P/TSX composite down in late-morning trading, U.S. stock markets also lower"
2022-08-31,Coca-Cola Helps S&P 500 Boards That Are Half Women Reach Record
2022-08-31,MSFT: 1 Stock That Continues to Outperform the S&P 500
2022-08-31,What Happens When Large Speculators Go Short
2022-08-31,"Welcome to September, the Worst Month for Stocks | Chief Investment Officer"
2022-08-31,"Dow, S&P 500 fall for a fourth day, major averages end August with losses"
2022-08-31,"Stock Market Today: Dow, S&P Live Updates for Sept. 1"
2022-08-31,S&P 500 Bracing For More Pain Ahead Of NFP?
2022-09-01,Earnings Insight: Q2 '22 by the Numbers [Infographic]
2022-09-01,"CBRE Group, an S&P 500 company announces the findings of its latest retail report"
2022-09-01,"Stock market news live updates: S&P 500, Dow turn positive after turbulent start to September"
2022-09-01,Advisors Concerned About S&P 500 Concentration
2022-09-01,'Big Short' Legend Michael Burry Hints Stock Market Crash Is Underway
2022-09-01,Stock Market Volatility: Frequent S&P 500 Swings in 2022
2022-09-01,Stock Market Tips: Why Is September a Bad Month for Stocks?
2022-09-01,"Dow, S&P 500 close higher to snap four-day losing streak and begin September"
2022-09-01,The S&P 500 will tumble another 9% in 2022 even as the bear-market rally propelled a rebound in sentiment on Wall ...
2022-09-01,"Stock Market Today: Dow, S&P Live Updates for Sept. 2"
2022-09-01,What's Happening With Gilead Sciences Stock?
2022-09-01,"Stock Market News for Sep 1, 2022"
2022-09-01,Why You Can't Trust Friday's Jobs Report
2022-09-01,"'Big Short' sage Michael Burry's 'mother of all crashes' prediction is underway, he says"
2022-09-01,How to invest in the S&P 500 from Canada
2022-09-01,The Stock Market's Summer Rally Is Over And Investors Should Prepare For A Rough September
2022-09-02,The stock market could still rally to new highs by the end of the year as plunging oil prices help tame inflation ...
2022-09-02,Is the US stock market a crystal ball for the ASX?
2022-09-02,These 12 Stocks Help You Avoid Losing Money In September
2022-09-02,Markets Should Prepare For An Ugly September
2022-09-02,Penn National dropped from S&P 500 for one of America's largest institutional landlords
2022-09-02,Stock market seasonal trends: When is the best and worst time to invest in stocks?
2022-09-02,Larger Cuts Than Average to EPS Estimates for S&P 500 Cos. in July & August for Q3
2022-09-02,"US Stock Market Has Yet to Find a Bottom, Bank of America's Subramanian Says"
2022-09-06,2 Simple Ways You Can Make $1 Million Investing in the Stock Market
2022-09-06,Does the iShares S&P 500 ETF (IVV) pay dividends?
2022-09-06,SPY vs. QQQ: Which ETF Wins in 2022?
2022-09-06,Jeremy Grantham Bets 10 Stocks Will Protect Him From 'Superbubble'
2022-09-06,The Secret Sauce Behind the World's Greatest Investors
2022-09-06,Dow closes more than 100 points lower in post-Labor Day session as interest rates pop
2022-09-06,The coming long-run slowdown in corporate profit growth and stock returns
2022-09-06,The stock market has been in free fall since the Fed said 'pain was coming.' Morgan Stanley says buckle up for another ...
2022-09-07,"Stock market news live updates: Tech leads afternoon rally, oil plunges to seven-month low"
2022-09-07,Will S&P 500 Fall to a New Low in 2022? Morgan Stanley Believes So
2022-09-07,Best US S&P 500 Index Funds | 2023 Guide
2022-09-07,S&P 500 & Sectors: ROIC Climbs Higher Again In 2Q22
2022-09-07,"Stock Market News for Sep 7, 2022"
2022-09-07,"Target, United Airlines rallied. The stock market closed higher Wednesday"
2022-09-08,New Fidelity® Hedged Equity Fund Expands Fidelity's Liquid Alts Lineup for Investors and Advisors
2022-09-08,"Got $6,000? Here are the 2 Best ETFs to Buy Right Now"
2022-09-08,S&P 500: 10 Companies Raise Their Juicy Dividends Like Crazy
2022-09-08,Why Fibonacci Levels Matter for the S&P Right Now
2022-09-08,Expectations for S&P 500 earnings are slipping
2022-09-08,S&P 500 & Sectors: Free Cash Flow Yield Posts Quarterly Decline In 2Q22
2022-09-09,S&P 500 & Sectors: Price-To-Economic Book Value Holds Steady In 2Q22
2022-09-09,"How to boost your portfolio 'without doing anything,' from a chief investment strategist: You can 'improve your performance by a third'"
2022-09-09,Ukraine's surprising comeback could be giving markets a boost
2022-09-09,Stock market news live updates: Stocks gain for a second straight day as rebound continues
2022-09-09,Solar Stocks Lead The Market This Year As Energy Crisis Heats Up
2022-09-09,Highest Number of S&P 500 Companies Citing “Recession” on Q2 Earnings Calls in Over 10 Years
2022-09-09,"S&P 500, Dow and Nasdaq rise as market contemplates Fed rate moves"
2022-09-09,"Crypto’s S&P 500: CoinDesk Unveils Broad-Market, Digital-Asset Index"
2022-09-12,Credit Calculus Turns Against Stocks With Yield Edge Over Bonds Vanishing
2022-09-12,CoStar Group Selected for Inclusion in S&P 500 Index
2022-09-12,These are the best and worst performing Nifty indices in 2022 so far
2022-09-12,A History Lesson: S&P 500 to Gold Ratio - OpenMarkets
2022-09-12,"Stock Market News for Sep 12, 2022"
2022-09-12,6 Best Stock Market Books to Read in 2022
2022-09-12,15 Stocks Billionaire Investors Agree It's Smart To Buy Now
2022-09-12,'A Dangerous Looking Moment in Global Economics' — Veteran Investor Jeremy Grantham Warns S&P 500 Could ...
2022-09-12,Why JPMorgan Stock Could Have More Upside Potential Than The S&P 500 With Inflation Data Ahead - JPMorgan
2022-09-12,"Index Fund 101: If You Invest in ONE Index Fund, Make it This One"
2022-09-12,Don't believe the hedge-fund hype – you're better off in index-tracking ETFs
2022-09-13,Markets Plunge as Inflation Data Undercuts Wall Street's Optimism (Published 2022)
2022-09-13,Warren Buffett's Advice Is OK but S&P 500 Is 'Worst Thing to Own' Near Term
2022-09-13,Wall St tumbles to biggest loss in two years following CPI data
2022-09-13,S&P 500 Economic Earnings: WACC Is Still A Drag In 2Q22
2022-09-13,Live updates: Stock market tumbles as America's prices keep rising
2022-09-13,How to Know If the SPY ETF is Right for You
2022-09-13,S&P 500 Faces Biggest Drop This Year As Inflation Remains Stubbornly High
2022-09-13,Take Advantage of Market Rotation by Using a High Beta and Low Volatility Rotation Strategy
2022-09-13,U.S. stock markets plunge as inflation report suggests even more rate hikes to come
2022-09-13,Asian markets open lower after price data slam Wall Street
2022-09-13,“Big Short” Michael Burry Says SPY's Downturn Has Not Reached Its Bottom Yet
2022-09-13,What Warren Buffett Would Most Likely Recommend Investors Do Right Now
2022-09-13,S&P 500 Outlook Turns Bearish (Elliott wave forecast & analysis)
2022-09-13,Dollar Reversal and S&P 500 Rally Amplify the Focus on Today’s US CPI Release
2022-09-14,S&P Reveals Fallout From Climate Change on Asset Values
2022-09-14,"US market biggest fall since June 2020! What triggered downfall in Dow Jones, S&P 500 and Nasdaq"
2022-09-14,"To Make Money in the Stock Market, Do Nothing (Published 2022)"
2022-09-14,Stock Market's $1.6 Trillion One-Day Implosion Reveals A Problem
2022-09-14,It's Time To Embrace Another 25% Decline In The S&P 500
2022-09-14,S&P 500 Vs Nasdaq 100 Vs Dow 30: Difference between indices and the divergence in returns
2022-09-14,Is the stock market already pricing in a recession? What the S&P 500's tumble shows.
2022-09-14,"Investors Were Expecting A Rebound From Tuesday's Plunge In The S&P 500. Based On History, It Was A Lot Less ..."
2022-09-14,What Investor Uncertainty Could Mean for the S&P 500
2022-09-14,The S&P 500 just had its worst day since June 2020 – here’s why
2022-09-14,"CoStar Group, Inc. Announces Public Offering of Common Stock in Conjunction with Inclusion into the S&P 500 Index"
2022-09-15,Stocks Sink in Worst Week Since Bottoming in June: Markets Wrap
2022-09-15,S&P 500 Slid Toward Key 3900 Level But Held Its Ground Thanks to Options
2022-09-15,Timeline: Longest reigning CEOs in the S&P 500
2022-09-15,S&P 500 futures drop after FedEx stokes fears about economy
2022-09-15,A fine art: Investing to beat inflation
2022-09-15,"Stock Market Today: Dow, S&P Live Updates for Sept. 15"
2022-09-15,"Stock market news live updates: Stocks slide as traders mull economic data, corporate news"
2022-09-15,Here's What Happens To Stocks When The Fed Raises Rates By 100 Basis Points
2022-09-15,Strive Brings 'Anti-Woke' Thesis to Large Caps
2022-09-15,Why Are Investors Allocating to RSP?
2022-09-16,"Down 19%, Is It Safe to Invest in the S&P 500 Right Now?"
2022-09-16,Stock-market bears seen keeping upper hand as S&P 500 drops below 3900
2022-09-16,Active funds reach decade-high rate of S&P 500 outperformance – report
2022-09-16,S&P 500 could see another '10-15% correction downwards': Strategist
2022-09-16,Asset Bubbles & Forward Returns - RIA
2022-09-16,Using SP Global PMI survey data as an indicator corporate earnings
2022-09-16,Stocks Slide in One of Wall Street's Worst Weeks This Year (Published 2022)
2022-09-16,A 2023 Guide to Dividend Investing For Singapore Investors
2022-09-16,"Big Market Swings are Tough, but Staying Invested is Crucial | Chase"
2022-09-16,Quants That Surf Intraday Market Trends Bounce Back Amid US Stock Chaos
2022-09-16,US Stock Market Forecasts: Bank of America Sees New Low for S&P 500 Index
2022-09-19,"दिन का चार्ट: सभी S&P 500 ट्रेंड्स सिंक्रनाइज़ हो रहे हैं, और वे निचले स्तर पर जा रहे हैं | Investing.com"
2022-09-19,"Utilities Have Outperformed, but Staying Power Isn't Certain"
2022-09-19,How To Respond After S&P 500 Plunged 5%
2022-09-19,Cboe to Further Expand S&P 500 Index Options Suite with New and Additional Daily Expirations
2022-09-19,Wall Street ends choppy session higher with focus firmly on Fed
2022-09-19,S&P 500: What History Says About Years That Started As Badly As 2022?
2022-09-19,A History Lesson: S&P 500 to Gold Ratio
2022-09-19,CEO Succession Practices in the Russell 3000 and S&P 500: 2022 Edition
2022-09-19,S&P 500 Weakness Passes Ominous Milestone for Chart Watchers
2022-09-19,Recession or Not? We Could Be in the Eye of the Storm
2022-09-20,Excell with Options: Trading FOMC market volatility with Short-Dated E-mini S&P 500 options
2022-09-20,Warren Buffett recommends low-cost index funds for most folks — but BofA says the S&P 500 is the 'worst thing to hold ...
2022-09-20,"S&P 500, Nasdaq, Dow Consolidate as FOMC Nears"
2022-09-20,9 Companies' Revenue Is About To Boom Up To 937% This Quarter
2022-09-20,Strive unveils anti-ESG US large-cap ETF
2022-09-20,Gap is laying off 500 corporate employees as challenges mount
2022-09-20,"“Dr. Doom” Roubini Expects a 'Long, Ugly' Recession and Stocks Sinking 40%"
2022-09-21,4 alternative investments that can lead to big returns
2022-09-21,High Shareholder Opposition to Pay in 2022: Major Reasons and Examples
2022-09-21,This Investment Strategy Has Made Money 103 Out of 103 Times
2022-09-21,Think Your Losses Hurt? 5 Hardest-Hit Investors Lose $160 Billion
2022-09-21,"FOMC Decision Scenarios and Potential S&P 500, Dollar Impact"
2022-09-21,What does Warren Buffett think about investing in ETFs?
2022-09-21,3 reasons why Nifty has outperformed other major global indices in 2022
2022-09-21,Trends in S&P 500 share utilization
2022-09-21,S&P 500 History Points to a Sharp Bounce After Fed Meeting
2022-09-21,Dow closes 500 points lower after the Fed delivers another aggressive rate hike
2022-09-22,Stock Market Outlook: S&P 500 Has 17% Upside Ahead of Data-Driven Fed Pause
2022-09-22,S&P 500 List: Companies to be added and removed from the index effective September 19
2022-09-22,S&P 500 index to gold ratio: What does it mean and where might it go?
2022-09-22,Burned by Tech Stocks? Try These 3 ETFs Instead
2022-09-22,"Stock market news live updates: Stocks fall for third day as investors mull rate hike, Powell remarks"
2022-09-22,8.8% Fortune 500 CEOs are women - the highest of all indices - according to the Women CEOs in America Report 2022
2022-09-22,10 Super Low-Risk Ways To Profit From The Fed's Rate Hikes
2022-09-23,How To Deal With A Stock Market Correction – Forbes Advisor
2022-09-23,Goldman Slashes S&P 500 Target Citing Higher Fed Rates Path
2022-09-23,US bank CEOs say they could exit China if it ever attacks Taiwan
2022-09-23,S&P 500 Circles New 2022 Lows Following Latest Fed Rate Hike: Is A Recession Inevitable? - SPDR S&P 500 (
2022-09-23,"Adobe Stock Lost 23% In One Week, What's Next?"
2022-09-23,Goldman Sachs Cuts S&P 500 Price Target By 16%
2022-09-23,Goldman Sachs Slashes Year-End Target on S&P 500 to 3600 By Investing.com
2022-09-23,"S&P 500, Dow, Nasdaq slide amid economic and interest rate worries"
2022-09-23,Dow drops nearly 500 points to close at new low for 2022 on rising recession fears
2022-09-23,How We Handled Swing Trading S&P 500 In A Bear Market
2022-09-23,Industry Analysts Project More Than 25% Increase in S&P 500 Price Over the Next 12 Months
2022-09-23,Rampaging Stock Bears Slowed at Key S&P 500 Technical Level
2022-09-23,Goldman Sachs cuts 2022 target for S&P 500 by 16%
2022-09-23,How To Prepare For A Market Correction
2022-09-26,"PG&E stock jumps on S&P 500 inclusion, a little more than 2 years after emerging from bankruptcy"
2022-09-26,"S&P 500 notches new closing low for 2022, Dow falls into bear market as dollar surges"
2022-09-26,"Stock market news live updates: S&P hits new closing low, stocks tumble again as Fed fears, currency turmoil persist"
2022-09-26,US Stocks Approach Crucial Test of How Far Bear Market Will Go
2022-09-26,The S&P 500's Biggest Earners Look Relatively Cheap
2022-09-26,Crypto on pace to outperform S&P 500 for Q3
2022-09-26,EQT to join S&P 500 - Pittsburgh Business Times
2022-09-26,PG&E Corporation (PCG) Stock Pops Following Inclusion in the S&P 500
2022-09-26,"Live news updates from September 26: Sterling falls to record low, S&P 500 closes at 21-month low"
2022-09-26,Here’s why Constellation Software is a Buy right now
2022-09-26,Black Boardroom Power 2022: Momentum to Increase Black Directors Continues but Challenges to Significantly Boost ...
2022-09-27,14 Ailing Companies Are About To Lose An Obscene Amount Of Money
2022-09-27,"2 Investing Moves to Make Now That the S&P 500, Nasdaq and Dow Are All in Bear Markets"
2022-09-27,"S&P 500 Hits 2022 Low, Markets Dip For 6th Straight Day"
2022-09-27,"S&P 500 tumbles as interest rates, inflation rise"
2022-09-27,"S&P 500 falls to two-year low, bear market rally snuffed out"
2022-09-27,"S&P 500 ends Tuesday down after notching a fresh bear market low, Dow slips more than 100 points"
2022-09-27,SPDR S&P 500 ETF Trust (SPY) News and Forecast: Turnaround Tuesday or pump and dump?
2022-09-27,US corporate cash ratios fall below pre-pandemic levels
2022-09-27,"Wall Street ends lower, Dow confirms bear market"
2022-09-27,'Biggest crash in world history': Robert Kiyosaki issues another dire warning and now avoids 'anything that can be ...
2022-09-27,"S&P 500 and Bitcoin, different twins"
2022-09-27,Kondratieff Cycle: Where Do Stocks Go From Here?
2022-09-27,There’s an Option for that – Flexibly Trade Using Equity Weekly Options
2022-09-27,Procter & Gamble Stock Has Outperformed The S&P 500 Since 2017 End: Here's Why
2022-09-28,Why these fund managers see the TSX outperforming the S&P 500
2022-09-28,JPMorgan's $23 Billion Whale Gives a Lesson on Rebalancing Luck
2022-09-28,"Stocks rebound from 2022 low, Dow closes up more than 500 points and snaps six-day losing streak"
2022-09-28,"Stock Market Today: Relief Rally Fizzles for Dow, S&P 500"
2022-09-28,"Equities-Gold Trends Amid Inflation, Global Events"
2022-09-28,Wealth Can Be Created On The Way Down In The Stock Market. It’s Just Not Obvious. Here’s How.
2022-09-28,"How low the stock market could fall and what investors should do, according to experts"
2022-09-29,Growth Stock Rout Resets Valuation Landscape - Context | AB
2022-09-29,Correlations: Crypto is growing up
2022-09-29,A Closer Look A Systematic ETF To Implement Value And Quality
2022-09-29,"S&P 500 closes at new 2022 low, as Apple helms broad market sell-off"
2022-09-29,Wall Street ends down sharply; investors fret over economy
2022-09-29,Looking back: What does the 'long term' really mean?
2022-09-29,ASX 200 takes a battering in September with it losing 7.5pc in a month
2022-09-29,The S&P 500 just dropped to its lowest level since late 2020
2022-09-29,Tech IPO market faces worst year since global financial crisis
2022-09-29,S&P 500 Tumbles Deeper Into Bear Market as Apple Leads Tech Rout
2022-09-29,The bond market is crumbling. That's bad for Wall Street and Main Street
2022-09-29,"'Don't try to be a hero': The stock market will — eventually — roar back, history shows"
2022-09-29,What’s Driving Vertex Pharmaceuticals Stock Higher?
2022-09-29,"Recession's Market Impact May Already Be Priced In, Says Vanguard CIO | Chief Investment Officer"
2022-09-29,What Is The Fear & Greed Index? | Advantages and Disadvantages
2022-09-30,September was the worst month for stocks since the pandemic hit the U.S.
2022-09-30,"Microsoft, Google parent Alphabet, and nearly a fifth of S&P 500 hits 52-week lows"
2022-09-30,Expect A Wild October
2022-09-30,Stock market news live updates: Stocks plummet to close out brutal third quarter for Wall Street
2022-09-30,"S&P 500: 9 Stocks Turned $10,000 Into $130,465 In 9 Months"
2022-09-30,Explainer: How a massive options trade by a JP Morgan fund can move markets
2022-09-30,How a massive options trade by a JP Morgan fund can move markets
2022-09-30,"Stock Market News for Sep 30, 2022"
2022-09-30,"Dow Closes Worst September In 20 Years, Stocks Plunge As Bear Market Roars"
2022-09-30,Target Joins List of Boards With Majority Women and Minorities
2022-09-30,"Wall St posts third straight quarterly loss as inflation weighs, recession looms"
2022-09-30,"Hurricane Ian Highlights the Importance of Flood Insurance, a Hedge on Your Investment"
2022-09-30,"If You Invested $10,000 in Realty Income at the Turn of the Century, This Is How Much You Would Have Today"
2022-09-30,Data hints at correlation between the S&P 500 now and during the 2008 collapse
2022-09-30,The Advisors Guide to Complementing RSP With Factor ETFs
2022-10-03,"Stock Market Today: Dow, S&P Live Updates for Oct. 4, 2022"
2022-10-03,"Stocks surge to kick off October and a new quarter as bond yields tumble, Dow closes up 760 points"
2022-10-03,S&P 500 falls another 9% in September as recession fears grow
2022-10-03,Sector Views: S&P 500 Sensitivity to Global Factors
2022-10-03,S&P 500 enjoys its biggest gain since July
2022-10-03,Billionaire Warren Buffett swears by this inexpensive investing strategy that anyone can try
2022-10-03,Blog Theme - Details
2022-10-03,Is The S&P 500 A Bargain Now? | investing.com
2022-10-03,Is It Safer to Pull Your Money Out of the Stock Market or Keep Investing for Now?
2022-10-03,"Credit Suisse, Citi cut 2022 year-end target for S&P 500"
2022-10-03,"Build to last: 25-year-old SaaS giant, Netcore Cloud targets major euro-expansion"
2022-10-03,The 'kiss of death' signal just triggered on the markets
2022-10-03,Stock market news live updates: Stocks surge as Wall Street crawls out of a brutal September
2022-10-03,3 Active ETFs Outperformed the S&P 500 in September
2022-10-04,This stock market comeback is unprecedented by one measure
2022-10-04,"What Are S&P 500 Futures? Definition, Calculation & Example"
2022-10-04,"Dow rallies more than 1,500 points in two days, S&P 500 posts best 2-day gain since 2020"
2022-10-04,Record dollar strength ravages stocks with most overseas exposure
2022-10-04,"Stock Market Today: Dow, S&P Live Updates for Oct. 5"
2022-10-04,The S&P 500 is down over 20% this year—here's why it's smart to keep investing anyway
2022-10-04,"With S&P 500 down 20% this year, retirement investors flee to safety and reconsider stock, bond strategy"
2022-10-04,Analysts Think 9 Cheapest Of The Cheap Stocks Are Worth A Shot
2022-10-04,Stock market news live updates: Stocks soar for second straight day as October relief rally intensifies
2022-10-04,US REIT stocks fall deeper into negative territory in Q3
2022-10-04,AMD: 1 S&P 500 Stock to Buy Hand Over Fist and 1 to Avoid
2022-10-04,Most Actively Traded ETFs
2022-10-04,A Repeat of 2000 And 2008 Luming? A Critical Look At The S&P 500.
2022-10-04,What the Experts Are Saying | The
2022-10-04,S&P 500 and Nasdaq 100 Extend Gains Despite Weak ISM Manufacturing Data
2022-10-05,This Is When Apple Stock Will Outperform The S&P 500
2022-10-05,"One Big Option Trade Fueled S&P 500's Midday Jump, Wells Fargo Says"
2022-10-05,Gas utility stocks slumped in Q3'22 as pricey sector entered correction
2022-10-05,10 High-Yield Stocks Only Warren Buffett Could Love
2022-10-05,Why Michael 'Big Short' Burry Is Feeling Greedy About a S&P 500 Rebound
2022-10-05,Should You Buy Linde Stock At $270?
2022-10-05,VOO vs. SPY: Which S&P 500 ETF is Best for Your Portfolio?
2022-10-05,7 S&P 500 Sleeper Stocks to Buy Before Wall Street Wakes Up
2022-10-05,"US Stock Rally Is Sending a Bullish Signal, BofA Strategist Says"
2022-10-06,3 ETFs to Invest Globally
2022-10-06,5 Stocks To Avoid Like The Plague When The Recession Starts
2022-10-06,5 Cool thinkorswim® Stock Charting Tools You'll Want to Learn
2022-10-06,S&P versus CRE: Comparing the Numbers
2022-10-06,7 reasons Bank of America thinks the TSX will outperform the S&P 500
2022-10-07,Tesla's Week to Forget Is the Anchor Weighing On the S&P 500
2022-10-07,Dollar's gains spell earnings pain for U.S. companies
2022-10-07,Is the S&P 500 All You Need to Retire a Millionaire?
2022-10-07,"Why are stock indexes like the Dow, S&P 500 and S&P/TSX so closely watched?"
2022-10-07,Two Stocks Beat Tesla By A Mile For Your $10000 Investment
2022-10-07,What's Driving The Growth For STERIS Stock?
2022-10-07,Tired of 'Mad Money' Picks? This ETF Shorts Jim Cramer
2022-10-07,"Why we can expect a decade of TSX outperformance. Plus, big banks offer tempting 'special' GIC rates"
2022-10-07,Why the Nasdaq Isn't a Particularly Good Investment
2022-10-10,US stocks open higher after three-day selloff
2022-10-10,What Is The VIX Index? – Forbes Advisor UK
2022-10-10,"Stock market news live updates: Stocks fall to start busy week of earnings, inflation data"
2022-10-10,Are We Heading Into Another ‘Lost Decade’ Of Investing?
2022-10-10,"S&P 500 E-Mini: Breakout Pullback, Tight Bear Channel"
2022-10-11,The stock market rarely produces average returns: Morning Brief
2022-10-11,"S&P 500 closes lower, notches 5-day losing streak ahead of key inflation report"
2022-10-11,"Jamie Dimon's S&P 500 Bear Market: Brutal, Far From Unimaginable"
2022-10-11,Nasdaq registers lowest close since July 2020; chips stocks fall
2022-10-11,9 Companies Wield A Secret Weapon Against Inflation And The Fed
2022-10-11,Understand Recession Realities
2022-10-12,How Long Will This S&P 500 Bear Market Last? Here's What History Says
2022-10-12,What Dimon's 'Easy 20%' Drop in the S&P 500 From Here Looks Like
2022-10-12,Understanding the S&P 500 Equal Weight Index's Factor Tilts
2022-10-12,Here’s what could happen to S&P 500 according to Wyckoff’s efforts vs results [Video]
2022-10-12,"S&P 500 closes lower, notching six days of losses ahead of key inflation report"
2022-10-12,"If You Invested $1000 In The Dow Jones When Donald Trump Left White House, Here's How Much You'd Have Now"
2022-10-12,What’s Happening With Hologic Stock?
2022-10-12,Targa Resources Becomes 4th Midstream C-Corp in S&P 500
2022-10-12,"Stock Market Today: Dow, S&P Live Updates for Oct. 13"
2022-10-12,Stock Market and S&P 500 Seasonal Patterns
2022-10-12,Which ETF is a Dependable Stock Market Indicator
2022-10-12,"How I'd Invest $20,000 Today if I Had to Start From Scratch -- Including Real Estate"
2022-10-12,"Stock Market News for Oct 12, 2022"
2022-10-13,Wall Street ends up 2% after sharp reversal; technicals help
2022-10-13,I Never Invested in the Stock Market Until I Understood This
2022-10-13,Dow closes 800 points higher after a historic one-day turnaround
2022-10-13,Animation: Berkshire Hathaway's Holdings Since 1994
2022-10-13,'A Head-Scratcher': Dow Posts Best Day Of 2022 In Wild Swing After Still-Hot Inflation Reading
2022-10-13,S&P 500 (SPY) Dives Towards 3500 As Inflation Rate Exceeds Expectations
2022-10-13,"The stock market is poised for a 'significant relief rally' after the S&P 500 tests key 3500 support level, Katie Stockton says"
2022-10-13,Wood's flagship Ark Innovation ETF is down roughly 62% this year
2022-10-13,"Stock Market News for Oct 13, 2022"
2022-10-13,S&P 500: Looking for a Low? Check the Chart.
2022-10-13,Cathie Wood Warns Against Extreme Fear Of Innovation Gripping The Market
2022-10-13,"Stock Market Today: Dow, S&P Live Updates for Oct. 14"
2022-10-14,"'The best buying opportunity': Why now is a good time to invest, according to a stock market historian"
2022-10-14,Chile has outperformed other emerging markets and the S&P 500 this year. Here's how
2022-10-14,O’Reilly and AutoZone outperform the S&P 500: Is either a better stock?
2022-10-14,"SPECIAL EDITION: Telling the story of how the stock market usually goes up, year 1"
2022-10-14,"Stock Market News for Oct 14, 2022"
2022-10-14,Stock Market Outlook: Brian Belski Latest Bull to Cut S&P 500 Price Target
2022-10-14,"US Stock Market: Huge rally! Dow Jones zooms over 800 points; Nasdaq, S&P 500 gain 2.5% each"
2022-10-14,Want Proof the Bear Market Is Over? Check Out This Chart
2022-10-14,S&P 500 surges after inflation-induced sell-off
2022-10-14,“Timing The Market” Is Riskier Than You Think
2022-10-14,Under the Hood of SPMO
2022-10-14,"Investing for Your Values, but Betting on Growth (Published 2022)"
2022-10-14,Return On Investment (ROI) On Real Estate In 2023
2022-10-17,200-Week Moving Average Shows It's Time to Buy the Dip!
2022-10-17,"Undervalued or Overvalued, Where Do Equities Stand? - OpenMarkets"
2022-10-17,Credit Markets Get Wake-Up Call With Balance-Sheet Cash Dropping
2022-10-17,"Bank of America results lift mood on Wall Street; Dow 30 up by over 500 points, S&P 500, Nasdaq Composi..."
2022-10-17,These 11 stocks can lead your portfolio's rebound after the S&P 500 'earnings recession' and a market bottom next year
2022-10-17,Watch Pimco's Browne Sees S&P 500 Falling Another 10%
2022-10-17,S&P 500: 4 Companies Fall Short Every Earnings Season
2022-10-17,"S&P 500 to Open Higher on Back of Rising Sentiment, Strong Bank of America Earnings"
2022-10-17,Stock Market News Today: Dow Soars 550 Points in Big Relief Rally
2022-10-17,Low Bar for Earnings Season Brings Third Quarter Expectations Down
2022-10-17,11 Best Dividend Aristocrats With Over 3% Yield
2022-10-17,How committees are evolving to meet changing oversight needs
2022-10-17,Does the 200-Week Moving Average Line Make Any Sense?
2022-10-17,"The AUD is sinking, so is this a good time to buy Vanguard International Shares (VGS) ETF?"
2022-10-17,"Stock Market News for Oct 17, 2022"
2022-10-18,"Retirement Strategy: If The 60/40 Portfolio Is Broken, What Is The Replacement For Bonds?"
2022-10-18,How to DCA Your Way to Big Profits in a Raging Bear Market
2022-10-18,Technical Analysis Says This Stock Market Rally Has Legs
2022-10-18,Wall Street's most vocal bull just got a lot more wary of the economy
2022-10-18,Should You Buy BWX Technologies Stock At Around $55?
2022-10-18,This is the worst year for stock and bond investors since 1969—here's what to do with your money
2022-10-18,"Want to keep beating the S&P 500 and at much lower risk? Bet on Buffett, and perhaps this younger clone, says fund manager."
2022-10-18,S&P 500 valuations historically high even after drop from 2020 peak
2022-10-18,10 Best S&P 500 Stocks to Buy According to Hedge Funds
2022-10-18,"Stock Market News for Oct 18, 2022"
2022-10-19,S&P 500 Innovation Leaders vs. Followers - Knowledge Leaders Capital - Commentaries
2022-10-19,Are long-term treasuries oversold?
2022-10-19,Dark Pool Index Shows Epic Bearishness Among Retail Traders
2022-10-19,SPY 200-day Moving Average Strategy (Beats Buy and Hold)
2022-10-19,S&P 500 Hasn't Done This Since 2018
2022-10-19,These 27 stocks can give you a more diversified portfolio than the S&P 500 -- and that's a key advantage right now
2022-10-19,"U.S. stocks price in recession risk more than other assets, says Citi"
2022-10-19,Building Trust And Ethics In Business Requires An ESG-Focus: Thoughts On This Global Ethics Day
2022-10-19,Why Currency Hedged Japan ETFs are Beating the S&P 500
2022-10-19,What Is the October Effect? Why Is It Important?
2022-10-19,S&P 500 Hasn't Done This Since 2018
2022-10-19,It's the 35th anniversary of the 1987 stock-market crash: What investors can learn from 'Black Monday'
2022-10-19,Here's How Investing $50 per Week Could Be Enough for You to Retire a Millionaire
2022-10-20,"BofA's Answer to a Bear Market: Outdex, Don't Index | Chief Investment Officer"
2022-10-20,Midterm Elections And Historical Stock Market Performance
2022-10-20,S&P 500 Price Forecast – Stock Markets Recover Back Into the Same Range
2022-10-20,Is The Stock Market In For Three Lost Decades?
2022-10-20,Equal Weight Outperforms the S&P 500 by 400 Basis Points YTD
2022-10-21,Japan ETFs Beating S&P 500 in 2022: Here's Why
2022-10-21,The Top 7 ETFs for Day Trading
2022-10-21,Stock Market Outlook: October May Mark the S&P 500's Bear-Market Exit
2022-10-21,The stock market is up today despite Twitter and Snap stock declines
2022-10-21,"With $3.1 Trillion In Debt Due And Rates Rising, Corporate Borrowers Find Themselves Fighting The Fed"
2022-10-21,Bitcoin's volatility falls below Nasdaq and S&P 500's for first time since 2020
2022-10-21,Russell 2000 index is outperforming the S&P 500: here's why it could bode well for small cap stocks
2022-10-21,Market Metrics: Where Are We Going From Here? | Chase
2022-10-21,Want a 20% Dividend Yield? It'll Cost You
2022-10-21,Unprecedented 401(k) boost: IRS increases amount you can save for retirement in 2023
2022-10-21,Why Dividends Can Be An Important Part Of Your Portfolio (And How Singapore Investors Can Invest In Dividend Stocks)
2022-10-21,11 Best High Beta Stocks To Buy Now
2022-10-24,S&P 500 Reporting A Lower Net Profit Margin For 5th Straight Quarter
2022-10-24,Risky ETFs Drawing Investors Amid Elusive Profits
2022-10-24,'From Bambi to Godzilla.' Strategist David Rosenberg skewers the Federal Reserve as he sees a 30% hit to home prices and the S&P 500 returning to an early 2020 low
2022-10-24,This McDonald's Menu Favorite Impacts the S&P
2022-10-24,"The Fed Pivot Is A Myth, But The Markets Might Rally Anyway"
2022-10-24,"Leveraged ETFs, A Bad Investment But Great for Trading"
2022-10-24,VIX's Tandem Swings With S&P 500 Show Options Obsession Persists
2022-10-25,US stocks extend rally after solid earnings
2022-10-25,2 Unstoppable Investments Everyone Needs in Their TFSA
2022-10-25,"Stock market news live updates: Nasdaq powers rally, stocks rise for third straight session on key earnings day"
2022-10-25,When Will the Bear Market Hit Bottom? These Metrics May Hold Clues
2022-10-25,"Stocks are cheap, but still not cheap enough vs bonds"
2022-10-25,S&P 500 adds to mid-October rebound from bear market low
2022-10-25,"Stocks close higher for third consecutive day, Nasdaq adds 2.2% ahead of Big Tech earnings"
2022-10-25,US Stock Market News: Dow Jones zooms over 400 points; Nasdaq gains 90 points ahead of tech-heavy earnings...
2022-10-25,Stock picking isn't dead. But for most investors it might as well be
2022-10-26,Why CVS Health Could Outperform the S&P in a Recession
2022-10-26,Golden Barrel: The Top 5 Most Expensive Whiskeys
2022-10-26,Stock Market Falls as Investors Fret About Tech Growth
2022-10-26,Has the Stock Market Hit Bottom? Investors Shouldn't Worry
2022-10-26,What Election Day Means for the S&P 500
2022-10-26,S&P 500 Forecast (SPX) (SPY) (US500) faces stiff headwinds from big tech
2022-10-27,"Stock Market News for Oct 27, 2022"
2022-10-27,Stephanie Ferris at FIS in exclusive company | Jax Daily Record
2022-10-27,Stock Traders Are Bracing for More Volatility Ahead of Inflation Data Deluge
2022-10-27,Invisalign Maker's Earnings Miss Clobbers S&P's Worst Stock
2022-10-27,Stocks Have 4 Hurdles To Overcome To Move Significantly Higher
2022-10-27,"S&P 500 Forecast (SPY) (SPX) (US500): US GDP confuses, so now Apple stock to set direction"
2022-10-27,Arch Capital Group Set to Join S&P 500; RXO to Join S&P MidCap 400; Bread Financial Holdings to Join S&P ...
2022-10-28,Twitter Caps Nine Years of Largely Unfulfilled Promise on NYSE
2022-10-28,"US Stock Market News: Dow Jones ends higher above 32,000; Nasdaq falls over 1.50%"
2022-10-28,Why An Index ETF Trade Made Sense In This Market
2022-10-28,ExxonMobil posts another record profit as oil prices remain high
2022-10-28,"Dow closes 800 points higher on Friday, registers fourth straight week of gains"
2022-10-28,The Fed is killing the housing market
2022-10-28,Stock market losses have you reeling? Experts offer tips to cope
2022-10-28,Exxon Tops Tech Giants as Biggest Cash Producer in S&P 500
2022-10-28,Unifi removed from S&P SmallCap 600 index
2022-10-28,"S&P 500, Nasdaq slide, but Dow ends higher on mixed earnings picture"
2022-10-31,(10/31/22) Ethereum Versus the S&P 500 - Which Is Your Preference?
2022-10-31,"Stock Market Today: Dow, S&P Live Updates for Nov. 1"
2022-10-31,Impact of Fed rate hike: How S&P 500 has moved with each increase
2022-10-31,"October in markets: Dow, S&P 500, Nasdaq all on track for monthly gains"
2022-10-31,"More Companies are Linking Executive Pay to ESG Performance, But Few See It as Critical to Sustainability Goals"
2022-10-31,Jeremy Siegel: Long-term investors should 'absolutely buy now' — why the world-renowned Wharton professor ...
2022-10-31,11 Best Dividend Stocks Under $20
2022-10-31,"S&P 500: 10 Stocks Turned $10,000 To $197,394 In 10 Months"
2022-10-31,The role of the chief operating officer | McKinsey
2022-11-01,These 5 Equal-Weight Sector ETFs Outperformed in October
2022-11-01,How The 60/40 Portfolio Stacks Up With The S&P 500 - SPDR S&P 500 (ARCA:SPY)
2022-11-01,A Risky Trading Strategy Is Growing in Popularity in 2022's Wild Market
2022-11-01,Upcoming changes to E-mini S&P 500 options settlement (pending CFTC regulatory review) – CME Group
2022-11-01,"Stock Market News for Nov 1, 2022"
2022-11-01,Delphia Launches Investment Strategy that Aims to Beat the S&P 500
2022-11-01,"Visualizing S&P 500 Performance in 2022, by Sector"
2022-11-02,Bitcoin's Correlation with S&P 500 Dips from Recent Highs
2022-11-02,Q3 Earnings Roundup & Sector Views – Global X ETFs
2022-11-02,"Dow closes 500 points lower, Nasdaq sheds 3% as Fed Chair Powell signals intent to continue hiking rates"
2022-11-02,"When Performance Matters: Nasdaq-100 vs. S&P 500, Third Quarter '22"
2022-11-02,Gender representation on S&P 500 boards reach new milestone
2022-11-02,Broad US stock market starts to climb in October; S&P 500 up 8%
2022-11-02,Possible 10% volatility in S&P 500 on Fed pivot bets
2022-11-03,Here's how top CEOs are opening up their wallets for J.D. Vance and other candidates in key Senate races
2022-11-03,Jerome Powell's Fedspeak that caused Wednesday's markets roller coaster
2022-11-03,"American Conservative Values ETF Celebrates Its Second Anniversary, continuing its track record of Performance and ..."
2022-11-03,BlackRock launches second synthetic US equity ETF
2022-11-03,Stock market news live updates: Stocks tumble after Powell's slower but higher cues
2022-11-03,Meta Is The S&P 500's Worst Performer Of 2022 As Losses Near 75%
2022-11-03,"US and India correlation broken -- S&P 500 sinks 19%, Nifty & Sensex up 2%"
2022-11-03,Facebook parent company Meta is now the worst performer in the S&P 500 this year
2022-11-03,"US Stock Market News: Dow Jones drops over 500 points, Nasdaq cracks 350 points after Fed signals inflation..."
2022-11-04,Live updates: Market rallies in volatile session after hiring cools off again
2022-11-04,Is Now A Good Time To Buy Realty Income?
2022-11-04,"Cboe Plans to Launch Trading in Mini S&P 500 Index (XSP) Options during Global Trading Hours, Beginning ..."
2022-11-04,How to Find the Pockets of Growth In a Down Market
2022-11-04,"How This US Senator, Finance Committee Member Is Betting Against The Stock Market"
2022-11-04,"Stock Market News for Nov 4, 2022"
2022-11-07,Most S&P 500 Company Boards Now Have at Least Three Female Directors
2022-11-07,S&P 500 Now Projected to Report a Year-over-Year Decline in Earnings in Q4 2022
2022-11-07,Goldman cuts expectations for S&P 500 profit growth through 2024
2022-11-07,"Stocks rise ahead of U.S. midterm elections, Dow closes more than 400 points higher"
2022-11-07,"S&P 500 earnings estimates for 2023 take 'complete U-turn' as recession risks loom, according to BofA"
2022-11-07,"S&P 500 Could Plunge Another 30%, US Faces Historic Recession: Roubini"
2022-11-07,Cboe launches Mini S&P 500 Index (XSP) options trading 24/5
2022-11-07,What are Exchange Traded Funds (ETFs) and How to Invest in One
2022-11-07,SPY: Choppy Market Action Ahead
2022-11-07,The only 2 index funds in Warren Buffett's portfolio -- and how they could make you money
2022-11-07,Stock Market Today: Stocks Rise Ahead of Midterms
2022-11-07,How to beat the U.S. stock market using ETFs
2022-11-07,Goldman Sachs lowers S&P 500 earnings estimates through 2024
2022-11-07,10 Meta Investors Lose $211 Billion On Mark Zuckerberg's Madness
2022-11-08,"World, Global Markets News Today: Know about Asian Stocks, DAX, CAC40, FTSE, S&P 500, Dow Jones Industr..."
2022-11-08,Biden's stock market record so far is the second worst since Jimmy Carter
2022-11-08,"Stock Market Today: Dow, S&P Live Updates for Nov. 9"
2022-11-08,"S&P 500, Dow, Nasdaq rise with vote expected to yield split government"
2022-11-08,10 Best Blue Chip Stocks With Strong Balance Sheets
2022-11-08,"Stock Market News for Nov 8, 2022"
2022-11-08,10 Best Technology Dividend Stocks to Buy
2022-11-08,VIG vs. NOBL: Which Is The Better Dividend Growth ETF?
2022-11-09,"Dow pops 1,200 points, S&P 500 jumps 5% in biggest rally in two years after light inflation report"
2022-11-09,"Stock Market Today: Dow, S&P Live Updates for Nov. 10"
2022-11-09,This Investing Advice From Warren Buffett Could Make You a Stock Market Millionaire
2022-11-09,Best Bank ETFs
2022-11-09,Nouriel Roubini: Stocks will fall another 20%—at least
2022-11-09,Elon Musk Would Have This Much Cash If He Sold All His Tesla Stock
2022-11-09,Do the economy and the stock market move together?
2022-11-09,Midterm seasonality: Is there a 100% chance of a higher S&P 500 in 3 months' time?
2022-11-09,"The Midterms Are Over, Let the Stock Rally Begin!"
2022-11-09,These 3 Dividend Payers Are Outpacing the S&P 500
2022-11-09,Kohl's CEO's departure means one fewer Fortune 500 company with a female CEO and CFO
2022-11-09,Better Buy: RBC Stock or the Entire TSX?
2022-11-09,10 Safe Dividend Stocks with Over 3% Yield
2022-11-09,US stocks fall as midterm election results come in
2022-11-10,Stock market news live updates: Stocks stage blowout rally after milder CPI print
2022-11-10,Wall Street ends sharply higher on sign of cooling inflation
2022-11-10,A Deep Dive Into Crypto Valuation
2022-11-10,"If Inflation Is Peaking, Stocks Can Expect Double-Digit Returns"
2022-11-10,US companies poised to prop up EPS with share buybacks in 2023
2022-11-10,Live updates: A better-than-expected inflation report sends stocks surging
2022-11-10,What Was the COVID-19 Stock Market Crash of 2020? Causes & Effects
2022-11-10,This is the moment Wall Street has been waiting for
2022-11-10,Wall Street Goes Crazy: The Numbers
2022-11-10,Natixis Investment Managers Solutions Celebrates 20-Year Anniversary of AIA S&P 500® Direct Indexing Strategy
2022-11-10,Stock Buybacks Are Here to Stay
2022-11-10,Remember these squiggly lines when analysts talk about earnings forecasts
2022-11-10,Contradicting Warren Buffett
2022-11-10,Why Wall Street Loves Gridlock in Washington
2022-11-10,Bitcoin vs. S&P 500: the ugly truth
2022-11-10,"Stock Market News for Nov 10, 2022"
2022-11-11,Wall Street's Outlook for S&P 500 Earnings Is Getting Gloomier
2022-11-11,US S&P 500 ends week nearly 6% higher as inflation data raise investor hopes
2022-11-11,Research Shows Divided Congress Bodes Well for S&P 500
2022-11-11,"Nasdaq adds 1.9%, S&P 500 closes nearly 1% higher and notches best week since June"
2022-11-11,"When Tech Stocks Sputter, the Entire Stock Market Sinks (Published 2022)"
2022-11-11,S&P 500 has its best day in 2 years on cooling inflation
2022-11-14,QDIV: A Quality Dividend Strategy for a Late Cycle Environment
2022-11-14,Growth stocks lead value as Nasdaq rallies
2022-11-14,"Market check: S&P 500 breaks above 3900 level, bond volatility crashes"
2022-11-14,Art of TradeStation: Go Deeper With Market Breadth | Market Insights
2022-11-14,Warren Buffett Gets The Last Laugh During The Bear Market
2022-11-14,"S&P 500, Nasdaq close lower to snap two-day rally, Dow sheds 200 points"
2022-11-14,"Stock Market Today: Dow, S&P Live Updates for Nov. 15"
2022-11-14,Contemporary Art vs. S&P 500: Paul Allen's $1.6 Billion Art Sale
2022-11-15,The Good And Bad: TotalEnergies SE & Trinity Industries
2022-11-15,Investing in the Stock Market Can Turn $150 Per Week Into $1 Million
2022-11-15,"Robinhood Is Now Offering Options Contracts That Expire Every Day Of The Week - Invesco QQQ Trust, Series"
2022-11-15,Select Sector SPDR ETFs Allows for A Sector Approach to Investing in the S&P 500
2022-11-15,Dividend Aristocrats List by Yield: Top 25 Stocks
2022-11-15,Two Copper ETFs Offer Exposure as the Metal Rebounds
2022-11-15,2022 CPA-Zicklin Index on Corporate Political Disclosure and Accountability
2022-11-15,"S&P 500 closes higher after another lighter-than-expected inflation report, Nasdaq jumps 1.4%"
2022-11-15,BlackRock launches synthetic US equity ETF | ETF Strategy
2022-11-15,Equal Weight Outperformance Over S&P 500 Increases
2022-11-16,New G&A Institute Research Shows Sustainability Reporting by Largest US Public Companies Reached All-Time ...
2022-11-16,Mega-cap tech stocks underperform broader market as Fed hikes persist
2022-11-16,Should You Buy Raytheon Technologies Stock At Around $95?
2022-11-16,How the infamous market crash of 1987 could ease your worries about stocks
2022-11-16,What to Expect From Stocks Thanksgiving Week
2022-11-16,How Investors Can Resume Trading After a Circuit Breaker
2022-11-16,20 Growth Stocks Are Now Actually Cheaper Than Value Stocks
2022-11-17,Record Options Trading Shows Jitters Before $2 Trillion 'OpEx'
2022-11-17,Equal-Weight S&P 500 ETFs to Consider as Big Tech Struggles
2022-11-17,How to invest in the S&P 500
2022-11-17,S&P 500's equity premium falls
2022-11-17,The Top Wall Street Firms Beating the S&P 500 in 2022 - TipRanks.com
2022-11-17,"Stock Market News for Nov 17, 2022"
2022-11-18,"S&P 500 closes higher on Friday, but ends week with losses"
2022-11-18,Bob Pisani: Heeding the investment wisdom of Jack Bogle starts with keeping it simple
2022-11-18,Warren Buffett Makes All His Money From Just 11 Stocks
2022-11-18,How Apple Stock Continues To Impressively Outperform
2022-11-21,David Rosenberg: S&P 500 could drop as low as 2500 before this bear market is finished
2022-11-21,"S&P 500 to bottom in the first quarter, creating a ‘terrific buying opportunity,’ says Morgan Stanley’s Wilson"
2022-11-21,Bear market will last into 2023: Goldman strategists
2022-11-21,Q4 2022 Earnings Estimates Begin to Fall
2022-11-21,Hedged or unhedged? An important question for investors
2022-11-21,Cramer Analyzes Legendary Trader Larry Williams's S&P 500 Forecast: 'Santa Claus Rally Coming To Town Next Month'
2022-11-21,How An Orphanage Made $1.8 Billion This Year On One Stock
2022-11-21,4 Attractive Stocks Selling Below Book Value - Investing
2022-11-21,14 Best Blue Chip Dividend Stocks to Buy
2022-11-21,Dogs of the Dow 2023: 5 Dividend Stocks to Watch
2022-11-21,3 REITs That Should Survive Dividend Cuts In A Bad Recession
2022-11-21,"Charts suggest the S&P 500 will rally in December, Jim Cramer says"
2022-11-22,Motilal Oswal AMC to accept subscriptions in three international funds
2022-11-22,The Rising Appeal of Dividend Growers
2022-11-22,Motilal Oswal AMC to accept fresh investments in international schemes
2022-11-22,Motilal Oswal MF to reopen 3 global funds for lump sum investments | Mint
2022-11-22,"S&P closes at more than two-month high on retail, energy lift"
2022-11-22,The S&P 500's Fake Breakdown
2022-11-22,How to Beat the S&P 500 in 2023
2022-11-22,These 2 ETFs show why owning small-cap stocks is key to beating the market at times like this
2022-11-22,Here's the stock market's Thanksgiving week track record — stretching back to 1950
2022-11-22,2 Solid Index Funds Investors Can Buy With Confidence in a Bear Market
2022-11-22,Wall Street slips as concerns rise of stricter China COVID curbs; Tesla down over 6%
2022-11-23,S&P 500 Investors Have Lost Billions on Tesla Stock
2022-11-23,S&P 500: Top Investors Reveal 7 High-Dividend Stocks You Need
2022-11-23,How Stocks Tend to Perform After Black Friday
2022-11-23,"Stock Market Outlook, Goldman Sachs Playbook for Investing in 2023"
2022-11-23,US Stocks are Forecast to Have Less Pain but No Gain in 2023
2022-11-23,8 Market and Economic Predictions for 2023
2022-11-23,Berkshire Hathaway: Warren Buffett further unwinds BYD investment in China
2022-11-23,7 Index Funds to Buy to Retire a Millionaire
2022-11-23,The Turkey Trade: How Does The Market Historically Perform Around Thanksgiving? - SPDR S&P 500 (ARCA:SPY)
2022-11-23,"Stock Market News for Nov 23, 2022"
2022-11-25,The Myth of the Lost Decade looms over the stock market
2022-11-25,Does Your Board Need an Executive Chair?
2022-11-25,Dow closes more than 150 points higher. Stocks notch gains for holiday week
2022-11-25,Chart: How stocks have performed on every Black Friday going back to 1950
2022-11-25,The S&P 500 is Not the Economy
2022-11-28,11% Of S&P 500 Stocks (Like Tesla) Suffer Their Worst Year Ever
2022-11-28,Goldman Sachs sees stocks enduring 'less pain but also no gain' in 2023
2022-11-28,"Stock Market Outlook: Equities to Fall 25% in 2023, Deutsche Bank Says"
2022-11-28,S&P 500 Quandl Data & Ratios — Indicator by TradeAutomation
2022-11-28,Will the Nasdaq or S&P 500 Have a Better 2023?
2022-11-28,Should I invest in the FTSE 100 or S&P 500 in 2023?
2022-11-28,"Look to Multi-Factor, Smart Beta ETFs to Enhance Your Core Portfolio"
2022-11-28,Elon Musk's view of this investing strategy: 'ESG is the devil'
2022-11-28,"Amazon Stock Is a Top Pick for 2023, Analysts Say"
2022-11-28,SDOG Maintains Significant Lead Over S&P 500
2022-11-28,"Stock Market News for Nov 28, 2022"
2022-11-29,'Wild ride': Morgan Stanley's Mike Wilson predicts double-digit percentage drop will hit stocks in early 2023
2022-11-29,Looming S&P 500 bear case sees 15% drop on Fed balance-sheet unwind
2022-11-29,"Santa and the stock market: December has highest winning percentage of any month for Dow, S&P 500 and small caps"
2022-11-29,Bank of America sees stocks going nowhere in 2023
2022-11-29,How much value is there in intangible assets?
2022-11-29,"Stock market could plunge another 24% next year, Bank of America warns"
2022-11-29,S&P 500 and Nasdaq close lower for third day as investors look to Fed Chair Powell's speech
2022-11-29,Here's How Estee Lauder Stock Has Managed To Outperform The S&P Since 2018
2022-11-29,What's Different About a Popular Low Vol ETF
2022-11-29,The Next Secular Bear Market May Be Upon Us - RIA
2022-11-29,What you need to know about next week's iShares S&P 500 ETF (IVV) stock split
2022-11-29,Starbucks and Pepsi Make Wolfe List of Top Dividend Stocks
2022-11-29,S&P 500 Index Exposed Downwards - Markets
2022-11-29,These Are Warren Buffett's 11 Biggest Stock Mistakes This Year
2022-11-30,Amundi launches US tech equal-weight ETF
2022-11-30,Why More Companies Are Linking CEO Pay To ESG
2022-11-30,"Stock Market Today: Dow, S&P Live Updates for Dec. 1"
2022-11-30,Morgan Stanley strategist predicts S&P will drop to 3000 next year
2022-11-30,Trader Makes $36 Million Options Bet on S&P 500 Stock Rally in December
2022-11-30,Is It Time To Buy Gold Stocks As Gold Mining Stocks Surge? Here's What Charts Show
2022-11-30,Chart of the Day: S&P 500 Short-Term Bulls Face-Off Medium-Term Bears
2022-11-30,RYT Outperformance Over S&P 500 Tech Sector Widens
2022-11-30,Bank of America: Recession Will Ravish Markets in Early 2023
2022-11-30,Credit Markets Have Been Just as Baffled as Stocks in 2022
2022-11-30,Implementing direct indexing using ETF sector funds
2022-11-30,Where Is American Express Stock Headed?
2022-11-30,Vanguard VUSA (LON:VUSA) share price analysis & best brokers
2022-11-30,Big traders flock to US equity options with fleeting lifespans
2022-12-01,"S&P 500 Breaks Tight Range and Overtakes 200-Day Moving Average, Inflation and NFPs Ahead"
2022-12-01,S&P 500 gains 5.4% in November
2022-12-01,This Year’s Sour Stock Market Made Wall Street Bearish for First Time Since 1999
2022-12-01,J.P.Morgan cuts 2023 S&P 500 earnings forecast by 9%
2022-12-01,This trader sees a 43% drop for the S&P 500 and says to take shelter in these ETFs instead.
2022-12-01,2022 director compensation trends at S&P 500 companies
2022-12-01,Billionaire investor Leon Cooperman says the S&P 500 won't hit a new high for a long time - and predicts a US
2022-12-01,Earnings Insight infographic: Q3 2022 by the numbers
2022-12-01,S&P500 beat pet industry stocks in first half 2022
2022-12-01,Chart of the Week: Advisors Are Bullish Heading Into 2023
2022-12-01,Wall Street ends mixed; Salesforce selloff pressures Dow
2022-12-01,10 Best-Performing Growth Stocks in November 2022
2022-12-01,Tesla delivers its first electric Semi trucks promising 500 miles of range
2022-12-01,"S&P/TSX composite up 70 points, U.S. markets mixed but keep Wednesday gains"
2022-12-01,"Stock Market Will Get Worse In 2023 Before It Gets Better, JPMorgan Says"
2022-12-02,Live updates: Dow in bull market after Powell suggests rate hikes will ease
2022-12-02,"Actively Managed Mutual Funds Consistently Fail to Beat Markets, Study Finds"
2022-12-02,Live updates: Stocks tumble after better-than-expected jobs report
2022-12-02,S&P 500 and Nasdaq end Friday lower after November jobs report; indexes notch weekly gains
2022-12-02,Stock Market Today: Stocks Close Near Session Highs after Rocky Start - TipRanks.com
2022-12-02,What Bear Market? The Dow Is Officially In A Bull Market And The S&P 500 May Follow Suit
2022-12-05,S&P 500 Revenue Growth In 2022 Expected To Hit 10.5%
2022-12-05,10 Dividend Aristocrat stocks expected by analysts to rise up to 54% in 2023
2022-12-05,"Stock Market News for Dec 5, 2022"
2022-12-05,Have Industry Analysts Overestimated S&P 500 EPS For 2023?
2022-12-05,Dow Falls 500 Points As Experts Debate Whether Stock Market Will Crash Again Soon
2022-12-05,Five Areas to Focus on as the Audit Committee Role Evolves
2022-12-05,"Data center REITs outperform S&P 500 in November, but are worse off YTD"
2022-12-05,Stock market outlook: S&P 500 could crash 20% as recession hits in 2023
2022-12-05,"Stock Market Today: Dow, S&P Live Updates for Dec. 6"
2022-12-06,S&P 500 falls on fears of further rate hikes
2022-12-06,8 Stocks You'll Wish You Own When The Recession Hits
2022-12-06,The 3 Most Popular Robinhood ETFs -- and Why Warren Buffett Loves 2 of Them
2022-12-06,"S&P 500 Technical Analysis: Trendline Resistance, 4k Support Test"
2022-12-06,Fade The Recent Rally In Stocks
2022-12-06,"Bitcoin Underperforms S&P 500 as Stocks Have Overshot Fundamentals, Crypto Trading Firm QCP Says"
2022-12-06,"Equity Predictions for 2023 Look Negative, and Are Probably Correct"
2022-12-06,"Beware, S&P 500 investors: This does not look so good!"
2022-12-06,S&P 500 closes lower for a fourth straight day as recession worries jolt markets
2022-12-07,Every Dividend Stock in the S&P 500 and When it Pays!
2022-12-07,"Tired of mutual funds, ETFs? Build-your-own-index boom could hit $825 billion in four years"
2022-12-07,Small-cap stocks are poised to beat the S&P 500 when the market rebounds
2022-12-07,Stock market's 'fear gauge' plunges as investors shift hedging strategies
2022-12-07,Big ESG Funds Are Doing Worse Than the S&P 500: Green Insight
2022-12-07,Big ESG Funds Are Doing Worse Than the S&P 500
2022-12-07,Stock Market Today: S&P 500 Extends Losing Streak
2022-12-08,Only 7 Stocks Could Gain 500% In Five Years (Tesla Isn't No. 1)
2022-12-08,"Stock Market Today: Dow, S&P Live Updates for Dec. 9"
2022-12-08,Why stock bulls are sitting on their hands again: Morning Brief
2022-12-08,"Despite grim outlooks, utilities outperform S&P 500, energy stocks in November"
2022-12-08,S&P 500 closes higher to end longest losing streak since October
2022-12-08,5 Biggest Losers in S&P 500 in 2022 Erased $720 Billion in Market Value
2022-12-08,How do US stocks and earnings usually perform during a recession?
2022-12-09,Top Money Managers See Global Stocks Gaining in 2023
2022-12-09,Big Oil stocks are pointing to higher gas prices to come
2022-12-09,"Wells Fargo Investment Institute 2023 Outlook: A Year of Recession, Recovery, and Rebound"
2022-12-09,S&P 500 CY 2023 Earnings Preview: Consumer Discretionary Sector Leads Earnings Growth
2022-12-09,"Dow tumbles 300 points Friday, posts worst week since September"
2022-12-09,Is the iShares S&P 500 ETF (IVV) really down 95% today?
2022-12-09,What Is a Crypto Index Fund?
2022-12-09,No Savings at 40? 2 Totally Doable Ways to Get Started in the Stock Market
2022-12-09,S&P 500 Declines Sharply After PPI Data Release
2022-12-09,Netflix Comeback? Shares Surge Again To Make Streamer Best Performing Stock On S&P 500 Following Rout
2022-12-12,JPMorgan's Trading Desk Sees S&P Rallying Up to 10% on Soft Inflation Data
2022-12-12,Industry Analysts Predict a 13% Price Increase for S&P 500 in 2023
2022-12-12,VIX Fell Into a Death Cross. That's Usually Good for the S&P 500
2022-12-12,"Stock market’s defining moment arrives with CPI, Fed decision"
2022-12-12,"December Down, Not Out: Trends Point to Market Recovery"
2022-12-12,"Options traders brace for big swings as U.S. CPI data, Fed meeting loom"
2022-12-12,Here's What to Expect for the S&P 500 in 2023
2022-12-12,Looming CPI Is Fraying Stock Trader Nerves in VIX-S&P Joint Rally
2022-12-12,Apollo defends push to retail investors amid Blackstone storm
2022-12-12,Disrupt the disruptor: why businesses need to reinvent from within
2022-12-12,Inflation Reduction Act 'puts nuclear on a level playing field': Constellation Energy CEO
2022-12-12,"10 Companies Will Thrive During Next Year's Recession, Analysts"
2022-12-12,Has the index effect evaporated?
2022-12-13,15 Best S&P 500 Stocks That Don't Pay Dividends
2022-12-13,US Stocks: Making Sense of 2023 Earnings Forecasts
2022-12-13,Energy Bulls See Stocks Outperforming Market Third Straight Year
2022-12-13,FTX founder indicted on eight criminal charges including fraud and conspiracy
2022-12-13,First Solar To Join S&P 500 Index As Fortune Brands Spins Off Unit
2022-12-13,How Often is the Market Down in Consecutive Years?
2022-12-13,12 Best Multibagger Stocks to Buy Now
2022-12-13,LIVE UPDATES: Stocks surge after inflation cools more than expected
2022-12-13,You Can Still Score On 6 Stocks Before They Join The Nasdaq 100
2022-12-13,Vanguard Predicts 'Global Recession' Next Year — You Should Listen
2022-12-13,Is the iShares S&P 500 ETF (IVV) a buy following its stock split?
2022-12-13,U.S. CPI Preview: How it may affect the S&P 500 and what experts expect
2022-12-13,"In A Peculiar Move, Volatility Rises Same Time As Stocks Rally On Monday: Here's What Happened"
2022-12-13,"Stock Market News for Dec 13, 2022"
2022-12-13,Investors Lose Trillions As Founders Run 20 Stocks Into The Ground
2022-12-13,"The Relationship between the Consumer Price Index, Federal Funds Rate, and S&P 500 - TipRanks.com"
2022-12-13,S&P 500 starts week up ahead of inflation figures
2022-12-13,10 Best Performing Stocks in November
2022-12-13,Do you pay withholding tax on U.S. ETFs?
2022-12-14,Live updates: Stocks struggle after the Fed eases up on rate hikes
2022-12-14,S&P 500 snaps 2-day winning streak after Fed raises rates and signals more hikes next year
2022-12-14,Stock Market 2023 Outlook: Fundstrat Sees 18% Gains on 'Soft Landing'
2022-12-14,Tesla stock rout puts market cap below $500 billion
2022-12-14,12 Best Blue Chip Stocks That Outperformed in 2022
2022-12-14,"Stock Market Today: Dow, S&P Live Updates for Dec. 15"
2022-12-14,"Adapt to Market Changes With a Dynamic, Trend-Following ETF Strategy"
2022-12-14,"If Warren Buffett Could Tell You 1 Investment to Make, This Would Probably Be It"
2022-12-14,First Solar becomes third clean energy company to join S&P 500 Index
2022-12-15,Stock Market Braces For 'Volatile' Trading In Coming Weeks—Here's How Much The S&P Could Tank
2022-12-15,"As S&P 500 Falls, Fast-Money Quants Face $30 Billion of Forced Selling"
2022-12-15,"Stock Market Today: Dow, S&P Live Updates for Dec. 16"
2022-12-15,"Why the stock market has fallen in December, and what it means going forward"
2022-12-15,iPath Series B S&P 500 VIX Short-Term Futures ETN (VXX) Stock Price
2022-12-15,Investor Days: It's Catch-Up Time
2022-12-15,Stocks Bulls Losing Support as $4 Trillion of Options Set to Expire
2022-12-15,How to Invest in the S&P 500 from the UK
2022-12-15,Do CEOs Benefit from Employee Pay Raises? Evidence from a Federal Minimum Wage Law
2022-12-15,Bernard Arnault just became the world’s richest person. So who is he?
2022-12-15,S&P 500 Update: Anticipated Pullback Should Bottom at Around 3800 | investing.com
2022-12-16,Recession 2023: central banks interest rate rise will cause a longer recession than you're use to
2022-12-16,"Wall Street loses ground amid recession talks, marking 2nd straight weekly loss"
2022-12-16,The Stock Market Was So Bad in 2022 Even Hedges Couldn't Help You
2022-12-16,"S&P 500 CY 2022 Earnings Preview: Ex-Energy, S&P 500 Expected to Report Decline in Earnings"
2022-12-16,"Dow closes more than 200 points lower, falls for a second straight week as recession fears grow"
2022-12-16,The Dow fell nearly 300 points on Friday. Why stocks keep tumbling
2022-12-16,Why the Dow demolished the S&P 500 this year - The Washington Post
2022-12-16,Why global portfolio diversification still makes sense for the investors | Mint
2022-12-16,Forget Stock Predictions for Next Year. Focus on the Next Decade. (Published 2022)
2022-12-19,"Energy stocks crushed the S&P 500 in 2022, and Wall Street loves the sector next year"
2022-12-19,Dual Class Share Structures: Is the Sun Setting Too Slowly?
2022-12-19,Wall Street falls fourth straight day as recession worries nag
2022-12-19,S&P 500 Buybacks Decline 4.0% but Energy Buybacks increase 64.5%; Proforma Buyback Tax Would Have Reduced ...
2022-12-19,How the S&P 500 Sectors Have Performed Year-to-Date
2022-12-19,"S&P 500 will see flat 2023, forecasts RBC Capital Market's Lori Calvasina"
2022-12-19,Stock Market News: S&P 500 Extends Losing Streak to 4 Sessions
2022-12-19,S&P 500 Index Triggers Bearish Sell Signal (Downside Price Targets)
2022-12-19,"S&P 500 (SPX), Dow Jones (DJI), Nasdaq Composite (IXIC) Technical outlook WC"
2022-12-19,5 Unlucky Investors Loaded Up On Year's Worst Stocks
2022-12-19,How major US stock indexes fared Monday 12/19/2022
2022-12-19,Passive funds and ETFs most popular with DIY investors
2022-12-19,Top Morgan Stanley Strategist Mike Wilson Explains Why He’s Still Negative On Stocks
2022-12-19,Millionaire investors haven't been this bearish since 2008
2022-12-20,"Recession, rate hikes seen jamming brakes on global 2023 earnings growth"
2022-12-20,"S&P 500 May Find Upside Support From Dollar Weakness, Bespoke Says"
2022-12-20,Why You Should Believe In A Santa Claus Rally For Markets
2022-12-20,Survey: Pros Expect Modest Rally In Stocks Despite Growing Recession Fears
2022-12-20,Main Street's buying stocks while Wall Street sells: What gives?
2022-12-20,S&P 500 (SPX) Forecast 2023: A contrarian view on how stock markets will react to delayed recession
2022-12-20,Take Warren Buffett's Advice: 2 Reasons Right Now Is the Best Time to Invest in the Stock Market
2022-12-20,Hoping to secure the next iShares S&P 500 ETF (IVV) dividend? Read this
2022-12-20,Motilal Oswal to open up overseas schemes for fresh investment
2022-12-20,"Motilal Oswal MF to reopen global funds for SIPs, lump sum investments without restrictions"
2022-12-20,"Motilal Oswal Mutual Fund to open international funds for subscription from January, 2023"
2022-12-21,"Global Stock Markets Recovery in 2023 Won't Be Easy, Wall Street Says"
2022-12-21,S&P 500 Facing a Historical Warning Sign After This Year's Slump
2022-12-21,"The S&P 500 rarely dips 2 years in a row, but history says 2023 could bring even worse pain for stocks if they don't ..."
2022-12-21,"Bitcoin Is Leading Indicator for S&P 500, Past Data Shows"
2022-12-21,Women Reach 32% of S&P 500 Board Seats for the First Time
2022-12-21,"11 Big Companies' Profit Will Boom In 2023, Analysts Say"
2022-12-21,The 12 Best Bear Market ETFs to Buy Now
2022-12-21,"Here are the 3 big bets Warren Buffett is taking into 2023 — if you're worried about the new year, it might be time to ..."
2022-12-21,Investor Daniel Loeb Unleashes Criticism of Ark's Cathie Wood
2022-12-21,Investing During A Bear Market: Could A Dollar Cost Averaging (DCA) Approach Make More Sense?
2022-12-21,The C Fund at 35: Trust the Long-Term Data When Investing in the TSP
2022-12-22,Will Santa Or The Grinch Visit Wall Street This Holiday Season?
2022-12-22,Here Are The Winning Stocks A.I. Machines Are Buying
2022-12-22,Wall Street Searching for Clues Behind the VIX's Very Weird Year
2022-12-22,"S&P 500, Nasdaq, Dow Jones Forecast: Key Support Bounces Now in Play"
2022-12-22,What happens after down years? | Active Trader Commentary
2022-12-22,S&P and Stocks: Markets Fall on Strong Economic Data
2022-12-22,Stock Market Today: Grinch Rules over Wall Street as Stocks Get Hammered Again - TipRanks.com
2022-12-22,"Stock Market News for Dec 22, 2022"
2022-12-22,Apple Stock Down 52% In One Day: When And Why It Happened
2022-12-22,American Airlines Stock Has Struggled To Outperform The S&P- Here's Why
2022-12-23,Here's How Tesla Stock's 69% Crash In 2022 Compares To Other Slumping Stocks
2022-12-23,‘We’re f***ed’: Stock market crashes
2022-12-23,Analysis-US stock investors face recession fears as they bid good riddance to 2022
2022-12-23,"Traders Are Losing Hope in Stock Market After Year of Rolling Losses, Fakeouts"
2022-12-23,SPY: How to Profit Picking the Worst Stocks…
2022-12-23,A Technical Look Ahead To 2023
2022-12-23,Here's How Much Tesla Has Dragged Down The S&P 500 Since It Was Added 2 Years Ago - Tesla (NASDAQ:TSLA)
2022-12-23,"S&P 500 and Nasdaq close higher Friday, but fall for a third straight week"
2022-12-23,Nearly half of American adults regret making this investing mistake
2022-12-27,"Meta, Tesla and Match Are Among the 10 Biggest S&P 500 Losers in 2022"
2022-12-27,"S&P 500 closes lower, Nasdaq sheds 1% as bond yields pop"
2022-12-27,"Wall Street expects S&P 500 to finish 2023 at 4,000 after missing mark by the widest margin since 2008"
2022-12-27,India VIX Vs US volatility index and why international diversification reduces portfolio risk
2022-12-27,Why 2022 was such a bad year for the stock market
2022-12-27,Market Outlook 2023 for the Worst Performing S&P 500 Sectors
2022-12-27,The Bull-and-Bear Case for 2023
2022-12-27,Top Wall Street strategists give their S&P 500 forecasts for 2023 By Investing.com
2022-12-27,"After Leading the S&P 500 in 2022, Here's Why Energy Stocks Could Continue to Soar in 2023"
2022-12-27,"The market's most political stock picks had a bad year, but they'll be back in 2023"
2022-12-27,7 Stocks Pay Off Big During Santa Claus Rally
2022-12-27,7 S&P 500 Stocks With the Biggest Stock Buybacks | Investing | U.S. News
2022-12-27,Why Tesla Stocks Dropped So Much in 2022
2022-12-27,Hedge funds got their 'hedge' back in 2022: Morning Brief
2022-12-27,S&P 500 could move down to the support level of 3677
2022-12-28,"Stock Market Today: Dow, S&P Live Updates for Dec. 29"
2022-12-28,12 Best Performing NASDAQ Stocks in 2022
2022-12-28,GE Healthcare will join S&P 500 as soon as it begins trading
2022-12-28,Wall Street's 2022 stock market forecasts were way off. Here's what they see in 2023.
2022-12-28,"Inflation, recession and earnings among factors to drive U.S. stocks in 2023"
2022-12-28,Wall Street's dirty secret: It's terrible at forecasting stocks
2022-12-28,There's A New World Order As 4 Big Stocks Like Tesla Fall To Pieces
2022-12-28,Look Ahead Instead of in the Rearview Mirror | Chase
2022-12-28,Tough Times Ahead for the S&P 500
2022-12-28,"Stock Market News for Dec 28, 2022"
2022-12-28,Nifty posted muted gains in 2022 so far: Check what analysts' say for New Year 2023
2022-12-28,"Generac stock leads S&P 500 gainers after Janney says buy, citing 'free option' on clean energy"
2022-12-28,How a Single ETF Could Help You Retire a Millionaire
2022-12-28,10 Most Popular Canadian ETFs in 2022
2022-12-28,Best Cybersecurity ETFs (Updated December 2022) - ETF Focus on TheStreet: ETF research and Trade Ideas
2022-12-28,5 worst trading days for S&P 500 caused more than 95% of its losses in 2022
2022-12-28,These five trading days accounted for nearly all of the S&P 500's losses in 2022
2022-12-29,Just 5 Trading Days Accounted for 94% of the S&P 500's Decline in 2022
2022-12-29,3 Crucial Lessons For Today From Past Stock Bear Markets
2022-12-29,Gold to Outshine S&P 500 in 2023 for COMEX:GC2! by mintdotfinance
2022-12-29,Wall Street's biggest winners and losers in 2022
2022-12-29,SDI added to S&P Index
2022-12-29,Stocks close higher in year-end rally. Nasdaq adds more than 2%
2022-12-29,US Stocks Will Do Well in Coming Months As Recession Risk Wanes: Credit Suisse
2022-12-29,Santa Claus rally yet to emerge. What could this mean for 2023 stocks?
2022-12-29,"Stock Market News for Dec 29, 2022"
2022-12-29,Best High Yield Covered Call ETFs (Updated December 2022)
2022-12-29,DCA Or Lump Sum? How Much Would You Have Made Or Lost In The Stock Market If You Started Investing In 2022
2022-12-29,Energy Stocks Outshone Peers In 2022
2022-12-30,S&P 500 closes out dismal year with worst loss since 2008
2022-12-30,"Bear Market Will Get Worse, Invest For 2024 Says Astrologers Fund"
2022-12-30,"Stock Market News: S&P 500 Finishes 2022 Down 20%, Worst Year Since 2008"
2022-12-30,"Stocks fall to end Wall Street's worst year since 2008, S&P 500 finishes 2022 down nearly 20%"
2022-12-30,Wall Street ends 2022 with biggest annual drop since 2008
2022-12-30,Stocks fall as S&P 500 caps worst year since 2008
2022-12-30,Goodbye 2022 -- and good riddance. Markets close out their worst year since 2008
2022-12-30,Stock Market Outlook: Why Wall Street Agrees the S&P 500 Will Crash 20%
2022-12-30,Stocks Have Their Worst Year Since 2008
2022-12-30,Companies Pay Record Dividends in 2022 Despite Dismal Year
2022-12-30,A stock market bounce in 2023 is not a sure bet
2022-12-30,"S&P/TSX composite down 101 points on last trading day of 2022, U.S. markets also down"
2022-12-30,Stock Market Today: Stocks Close the Door on a Tumultuous 2022
2022-12-30,2022 was an unusual year for the stock market
2022-12-30,"S&P 500: 12 Stocks Turned $10,000 To $277,126 In 12 Months"
2022-12-30,Here's the 2023 Chart Setup for the S&P 500 and Nasdaq
2022-12-30,Stock Market Outlook: Tom Lee Reveals the Biggest Risk to 2023 Forecast
2022-12-30,S&P energy sector’s record 2022 performance ‘built on downfall of others’
2022-12-30,"Stock Market News for Dec 30, 2022"
2023-01-03,Equal-Weight RSP Outperforms S&P 500 by 650 Basis Points in 2022
2023-01-03,"Stocks close lower on first trading day of 2023, hurt by slumping Apple, Tesla"
2023-01-03,The S&P 500 Just Did Something It's Only Done 7 Times Ever
2023-01-03,Value Tops Growth in 2022
2023-01-03,Stocks usually go up. Just make sure to give it 20 years.
2023-01-03,Chart of the Day: S&P 500 to Resume Downtrend Amid New Travel Restrictions
2023-01-03,Bets on Stock Rally Explode After an Odd Year in Options Trading
2023-01-03,"These Will Be The Best 9 Stocks In 2023, Analysts Say"
2023-01-03,"Tesla shares suffer New Year's hangover on demand worries, delivery issues"
2023-01-03,Investing Tips: What to Do After Bad Year for Stock Market
2023-01-03,How Low Can Tesla Stock Go? Analyst Talks 30 A Share
2023-01-03,"US stocks will rebound 24% in 2023 as Fed tightening will no longer 'crush the market', Fundstrat's Tom Lee says"
2023-01-03,2022 Review and Outlook
2023-01-03,What You Own in a Growth or Value ETF Just Changed
2023-01-03,10 Best Stock Traders In Congress In 2022 (Spoiler: Nancy Pelosi Isn't No. 1) - SPDR S&P 500 (ARCA:SPY)
2023-01-03,World markets mixed after S&P 500 ends worst year since 2008
2023-01-03,Best ETFs To Invest In For 2023: Top 3 S&P Listings Most Recommended By Financial Pros -
2023-01-03,GE HealthCare enters S&P 500 after spinoff - Boston Business Journal
2023-01-03,GE Healthcare debuts on Nasdaq and enters S&P 500
2023-01-04,Morgan Stanley's Wilson Says S&P 500 Slide to 3000 'Very Achievable'
2023-01-04,BofA Stock Indicator Nears 'Buy' Signal
2023-01-04,The S&P 500 Lost More Than 18% In 2022: Should Retirees Be Worried?
2023-01-04,"Stock Market Today: Dow, S&P Live Updates for Jan. 5"
2023-01-04,Jim Cramer predicts these 10 S&P 500 stocks will perform well in 2023
2023-01-04,End-of-year gas utility stock rally fails to push sector into the black in 2022
2023-01-04,"Stock Market News for Jan 4, 2023"
2023-01-04,S&P 500 logs its worst annual performance since 2008
2023-01-04,GE HealthCare joins S&P 500 on first day of trading
2023-01-04,The Benefits of Lower Correlations – Global X ETFs
2023-01-04,Will GameStop Stock Get Crushed in 2023? Why I Don't Think So
2023-01-04,Are Stock Prices Still Forming A Bottom?
2023-01-04,Wall Street's Top Bear Sees Another Big Down Year for S&P 500
2023-01-04,Bank of America Sees at Least 60% Gains in These 2 Stocks — Here's Why They Could Soar
2023-01-04,Short sellers made $300 billion in 2022's market wipeout
2023-01-04,5 Politicians Who Beat the Stock Market (and Nancy Pelosi) in 2022
2023-01-05,'Dogs Of The Dow' Stocks Just Paid Off; Here The Top 10 For 2023
2023-01-05,"After a brutal 2022 for investors, here's what Wall Street predicts for 2023"
2023-01-05,Sun setting on SPY supremacy
2023-01-05,U.S. Stock Market in 2022: Biggest Energy Winners
2023-01-05,S&P 500 Sectors & Industry Performance 2022 | by Michael Cascio
2023-01-05,"ChartIQ Joins S&P Global, Enhances Capital IQ Pro Platform"
2023-01-05,The SPX Hasn't Done This Since 1974
2023-01-05,A Bull Market Is Coming -- 1 Unstoppable ETF to Buy Now
2023-01-05,Retirement Strategy: 4 ETFs For Adding A 10% Yield To Your Portfolio
2023-01-05,S&P 500 - It's About Time To Start Probing The Breakout
2023-01-05,S&P 500 companies estimated to have lower pension funded status
2023-01-06,Stocks Jump After Jobs Report as Investors Welcome Hiring and Wage Trends
2023-01-06,Have Analysts Lowered EPS Estimates More Than Average for S&P 500 Companies for Q4?
2023-01-06,Wall Street behemoths' dominance poses risks to markets
2023-01-06,"Stocks stage first big rally of 2023 as hope grows that inflation will ease, Dow closes up 700 points"
2023-01-06,How to invest in the S&P 500
2023-01-06,Signs of Seller Exhaustion Left Stocks Primed for a Big Bounce
2023-01-06,Top 5 Stocks Of 2022: Year In Review
2023-01-06,Nifty 500 index has returned 15% in ten years: Why Indian equities will exhibit resilience in 2023
2023-01-06,Emerging-Market Stocks Rise to Six-Month High Versus S&P 500
2023-01-06,"Dow surges 700 points Friday, S&P 500 snaps four-week losing streak after employment report shows wage gains cooled in December"
2023-01-06,Citi Strategists Prefer Cheaper Europe Stocks Over US Equities
2023-01-06,Stock Market Outlook: Stocks Could Rally Despite Incoming Economic Pain
2023-01-06,The Motley Fool Is Offering a Year of Expert Stock Picks for Just $7.40 Per Month
2023-01-06,"Stocks have never bottomed before a recession hits, but there's still a chance the market rallies in 2023 despite ..."
2023-01-06,"Under the Hood of SPYI, the NEOS S&P 500 High Income ETF"
2023-01-06,Dozens in Congress beat stock market in 2022 despite downturn on Wall Street: analysis
2023-01-06,Mall REITs close Q4'22 on upswing
2023-01-06,"Leon Cooperman, citing Old Testament parable, says bull market isn't coming 'anytime soon'"
2023-01-06,Kevin O'Leary says these are the best assets to own when inflation remains hot — maintain your purchasing power in ...
2023-01-09,"Stock Market Today: Dow, S&P Live Updates for Jan. 10"
2023-01-09,Earnings Outlooks for 2023 Will Hang on Price-to-Recession
2023-01-09,Watch Morgan Stanley's Mike Wilson: Sell S&P 500 at 3900
2023-01-09,The Best & Worst Performing S&P500 Sectors in 2022
2023-01-09,S&P 500 near flat as investors weigh chances of less aggressive rate hikes
2023-01-09,Why stock-market bulls are 'woefully myopic' about S&P 500 profit growth — even before the impact of a potential ...
2023-01-09,"S&P Could Fall 24% This Year, Morgan Stanley Says, But One Sector May Be The Best Bet To Avoid The Slide"
2023-01-09,"Stocks could slump another 20%, Morgan Stanley says"
2023-01-09,Are More S&P 500 Companies Issuing Negative EPS Guidance Than Average for Q4?
2023-01-09,"S&P 500: US Stocks Risk 22% Slump, Morgan Stanley's Michael Wilson Warns"
2023-01-09,These 15 Dividend Aristocrat stocks have been the best income builders
2023-01-09,"SPY, IVV and VOO: Be careful – not all S&P 500 ETFs are the same"
2023-01-09,"Now is an 'ideal' time for young people to start building wealth, says investing expert"
2023-01-09,"Stock Market News for Jan 9, 2023"
2023-01-09,"Stock market news live updates: Nasdaq builds on last week's gains; S&P 500, Dow fall to start week"
2023-01-09,Nancy Pelosi's Portfolio Plunged 20% in 2022 Stock Market Crash
2023-01-09,'Queen of Stonks' Nancy Pelosi's portfolio of stocks plunged 20% last year – meaning she even underperformed funds ...
2023-01-09,Why Vornado Stock Was Falling in December
2023-01-09,What can I hold in an FHSA?
2023-01-09,Morgan Stanley’s Mike Wilson warns U.S. stocks could slump another 22% if recession arrives in 2023
2023-01-10,"S&P 500 Price Outlook: Banks Kick off Q4 Earnings, Index Remains Vulnerable"
2023-01-10,"SPGP Outperforms S&P 500 Over 1-,3-,10-Year Periods"
2023-01-10,How do US stocks and earnings usually perform during a recession?
2023-01-10,12 Best Performing S&P 500 Stocks in the Last 5 Years
2023-01-10,"S&P 500, NASDAQ Rebound Because Powell Wasn’t Hawkish"
2023-01-10,US stocks Vs Indian equities: Return comparison over the last 10 years
2023-01-10,‘A year of two halves’: Stifel’s Barry Bannister expects a near-term rally in U.S. stocks — and trouble later in 2023
2023-01-10,Energy sector dominates growth indices in latest rebalance
2023-01-10,"Stocks could soar 10% by mid-2023, but investors should expect a decade of flat markets after that, major investment ..."
2023-01-10,ProShares draws record inflows as investors bet on volatility
2023-01-10,Graham Stephan Says This Is How You Can 'Beat the Market.' Is He Right?
2023-01-10,"VFIAX vs. VTSAX: Fees, Performance, Tax Efficiency | White Coat Investor"
2023-01-10,Biggest Ever Bear-Market Bounces Create Unending Pain for Shorts
2023-01-10,The 5 Best Funds to Buy for a Roth IRA
2023-01-10,Equities: Will Last Year’s Near Perfect Sector Rotation Continue in 2023?
2023-01-10,The 7 Best Mutual Funds for Your 401k
2023-01-10,How Does Equal Weight RSPE Stack Up to RSP?
2023-01-10,"If You Invested $1,000 In SPY Stock When Nancy Pelosi Was Speaker Of The House, Here's How Much You Made"
2023-01-11,"Stock Market News for Jan 11, 2023"
2023-01-11,Wall Street's top strategist warns investors to brace themselves for stocks to plummet more than 20%
2023-01-11,"US Stock Market Today: Dow Jones gains 186 points, Nasdaq adds 106 points after Jerome Powell refrains from..."
2023-01-11,Think twice before buying the top 10 ETFs of 2022: 'It doesn't work that way in investing'
2023-01-11,"Wall Street advances on eve of Fed decision, investors digest earnings"
2023-01-11,Wall Street ends sharply higher on optimism before key inflation report
2023-01-11,Jim Cramer likes these 5 'reasonably' valued stocks in the S&P 500
2023-01-11,"The Stock Market's ""First 5 Days"" Indicator? Here's the Truth, for Better or Worse."
2023-01-11,1 Warren Buffett ETF That Could Help You Retire a Millionaire
2023-01-11,BlackRock is cutting 500 jobs as Wall Street layoffs continue
2023-01-11,President Biden's Third Year Bodes Well for Stocks
2023-01-12,Bear Market Watch: What Will Mean a Bull Market Has Started?
2023-01-12,"Stock Market Today: Dow, S&P Live Updates for Jan. 13"
2023-01-12,Retail Investors Sold the Stocks They Bought During COVID Trading Boom
2023-01-12,How Is The Consumer Price Index Impacting the Stock Market and What Does It Mean for Your Investments?
2023-01-12,3 Top-Notch ETFs to Build Wealth Over Time
2023-01-12,"Stock Market News for Jan 12, 2023"
2023-01-12,Why Is the CBOE Volatility Index (VIX) So Low in 2023?
2023-01-12,Hotel Stock Index Ends 2022 in the Red
2023-01-13,"S&P 500 Stocks: With A $1 Trillion Government Tailwind, Can These Industrial And Materials Names Buck A Recession?"
2023-01-13,Are Companies Actually Greener—or Are They All Talk?
2023-01-13,Global Debt Leverage: Is a Great Reset Coming?
2023-01-13,"US Stock Market News Today: Dow Jones jumps 216 points, Nasdaq gains 69 points as data suggests inflation m..."
2023-01-13,How Will the S&P 500 Perform in 2023? Here's What This Top Bank Thinks
2023-01-13,"Dow closes 100 points higher, S&P 500 and Nasdaq notch best week since November"
2023-01-13,Europe's relative strength
2023-01-13,Cathie Wood's Top 5 Stocks See Abysmal Year In 2022
2023-01-13,Why Goldman Sachs isn’t too worried about a recession
2023-01-13,The price-to-fantasy ratio that beguiles investors
2023-01-13,Activist Investors Make A Run At 9 Companies — Can You Score Too?
2023-01-13,What Are S&P 500 Index Funds and Can They Make You a Millionaire?
2023-01-13,How to Invest $3 Million
2023-01-13,Is The S&P 500 Index ETF All Canadian Investors Need?
2023-01-17,IT sector jumps to record share of Value index
2023-01-17,Stocks edge lower on Wall Street amid uncertain trading
2023-01-17,"Stock-market rally looks ‘unsustainable’ as S&P 500 enters ‘new, lower valuation regime,’ warns Citi"
2023-01-17,Here's The Real Reason Warren Buffett Loves Occidental Stock
2023-01-17,"Stock Market Outlook: S&P 500 Could Swing 20% on the Way to 4,200"
2023-01-17,The Market Sum: Double Down
2023-01-17,"Stock Market Today: Dow, S&P Live Updates for Jan. 18"
2023-01-17,Goldman Sachs' Bull Case Sees S&P 500 Rebounding 12% in 2023 — Here Are 3 Stocks to Bet on It
2023-01-17,Goldman Sachs thinks the economy will actually pull off a soft landing—but adds the S&P will stay flat for a whole year
2023-01-17,"Stock Market News for Jan 17, 2023"
2023-01-17,Goldman Sachs and Morgan Stanley both hit hard by deal drought
2023-01-17,The stock market is on the verge of a rare bullish trifecta that suggests big upside ahead
2023-01-17,The U.S. Companies With the Most to Lose From China's Shrinking Population
2023-01-17,Why Warner Bros Discovery Is the S&P's Hottest Stock
2023-01-17,Recession Could Tank The S&P Another 22%—But Tesla And These Other Stocks Could Withstand The Downturn
2023-01-18,"Charts suggest the S&P 500 is at a make-or-break moment, Jim Cramer says"
2023-01-18,"Stocks close lower on Thursday, Dow and S&P 500 notch third day of losses"
2023-01-18,"S&P 500 posts worst day in more than a month, Dow closes 600 points lower"
2023-01-18,S&P 500 Now Projected to Report Year-Over-Year Earnings Declines in Q1 2023 and Q2 2023
2023-01-18,Here’s how to buy stock in a Fortune 500 company
2023-01-18,"Live updates: Stocks sink after retail sales fall, even as inflation slows significantly"
2023-01-19,"This asset class is outperforming U.S. stocks in 2023, and you may be missing out"
2023-01-19,"Wall St sinks after weak data, hawkish Fed comments"
2023-01-19,"When Performance Matters: Nasdaq-100 vs. S&P 500, Fourth Quarter '22"
2023-01-19,US Markets Drop Despite Jump in Regional Bank Stocks
2023-01-19,What a Recession Would Mean for the Stock Market
2023-01-19,Warren Buffett: Don't Invest in S&P 500 Index Fund 2023 (WHY?)
2023-01-19,"Stock Market News for Jan 19, 2023"
2023-01-19,Stock Bulls Get Punished Yet Again Just Before Big Options Event
2023-01-19,2 Warren Buffett ETFs to Stock Up On in 2023
2023-01-19,HL: Proportion of UK active managers outperforming in 2022 was lower than usual
2023-01-19,This Stock Has Beaten the S&P 500 in 9 of the Past 10 Years
2023-01-20,11 Best Performing S&P 500 Stocks in the Last 10 Years
2023-01-20,"Stock Market News for Jan 20, 2023"
2023-01-20,"US Stock Market Today: Dow Jones slides 252 points, Nasdaq ends 104 points lower as labour data fuels Fed w..."
2023-01-20,S&P 500 stuck in 'no-man's land'
2023-01-20,US Markets End the Week With Gains as Tech Stocks Soar
2023-01-20,David Einhorn Warns: Value Investing May Never Recover
2023-01-20,"VettaFi Voices on: SPY, The U.S.'s First ETF, Turns 30"
2023-01-20,30 ETF Milestones Over 30 Years
2023-01-20,Cathie Wood Is Crushing It This Year Thanks To 9 Stocks
2023-01-20,VUSA shares: why I'd buy this ETF today
2023-01-20,Should I add the VUSA ETF to my Stocks and Shares ISA?
2023-01-20,Leon Cooperman: Stocks Are Best In A Bad Neighborhood
2023-01-20,A Bull Market Is Coming: 2 Perfect Index Funds to Buy Now and Hold Forever
2023-01-23,US Markets Rise on Fed Expectations and Earnings
2023-01-23,"S&P 500's softening earnings backdrop is a challenge for stocks in 'very near term,' says RBC"
2023-01-23,S&P 500 Reporting A Lower Net Profit Margin For 6th Straight Quarter
2023-01-23,Wall Street rises as chipmakers lead tech shares higher; Nasdaq up 1%
2023-01-23,The first ETF is 30 years old this week. It launched a revolution in low-cost investing
2023-01-23,S&P 500's worst-performing sector in 2022 shows signs of life
2023-01-23,"S&P 500 earnings, week of Jan. 23: 70 companies to report"
2023-01-23,'The Fed-fueled fantasy bubble has popped.' Stock investors are detached from reality -- but they're about to get a big dose.
2023-01-23,S&P 500: The Market's 10 Worst Stocks Are Now First
2023-01-23,Getting a Technical Perspective on S&P 500
2023-01-23,10 Meme Stocks Are Soaring Again (AMC And GameStop Aren't On Top)
2023-01-23,Warren Buffett Just Beat the S&P 500 by the Widest Margin Since 2007. Can He Do It Again in 2023?
2023-01-23,Should You Invest In Real Estate or the Stock Market?
2023-01-23,This dividend-stock ETF has a 12% yield and is beating the S&P 500 by a substantial amount
2023-01-23,"Stock Market News for Jan 23, 2023"
2023-01-23,Will Apple Stock Beat the Market in 2023?
2023-01-23,"World's First ETF Turns 30, Here's How Much Money You'd Have If You Invested $1000 When It Launched"
2023-01-23,John Hussman: S&P Could Drop By 66% Of January 2022 Peak
2023-01-23,Invesco Canada announces changes to its product line
2023-01-23,Don't Call It A Comeback: Cathie Wood Is Beating The S&P 500 In Early 2023 - ARK Innovation ETF (ARCA:ARK
2023-01-23,Morgan Stanley Warns 'Imminent' Earnings Recession Will Tank Stocks—But Here's When The Bear Market Could End
2023-01-24,NYSE Investigates Technical Issue That Caused Wild Market Open
2023-01-24,The Stock Market Is on Verge of Flashing Bullish 'Golden Cross' Signal
2023-01-24,"S&P 500 ends slightly down after mixed earnings, opening glitch"
2023-01-24,US Markets Mixed as First Big Round of Earnings Hit
2023-01-24,"'Outright negative' on stocks: JPMorgan's Marko Kolanovic braces for correction, hard landing"
2023-01-24,IBM Earnings to Test Top Tech Stock of 2022
2023-01-24,Investor Jeremy Grantham Warns of 17% S&P 500 Plunge in 2023 (SPX)
2023-01-24,"Stock Market Today: Dow, S&P Live Updates for Jan. 25"
2023-01-24,Activist Investor Nelson Peltz's Track Record Doesn't Back Up His Bluster
2023-01-24,InvestingPro finds a new way to spotlight the market's healthiest stocks
2023-01-24,Jeremy Grantham says 'easiest leg' of stock-market bubble burst is over. What's next.
2023-01-24,The 'Mother of All Bubbles' popped. This strategist sees a recession coming.
2023-01-24,S&P 500's top 10 stocks lose 37% of market cap in 2022 amid tech decline
2023-01-24,A closer look into the dark art of technical trading
2023-01-24,What could a US recession mean for gold and gold equities?
2023-01-24,Timing the Market: EPS is a Lagging Indicator
2023-01-24,"Stock Market News for Jan 24, 2023"
2023-01-24,Jeremy Grantham Says the Stock Market Could Crash 50% This Year
2023-01-24,Justin Bieber just sold his entire music catalog. Here’s why companies are eager to strike these massive deals
2023-01-24,The Story of the First US ETF
2023-01-24,1 Warren Buffett ETF That Could Turn $300 Per Month Into $1 Million
2023-01-24,The Stock Market Just Triggered a Bullish “Golden Cross” Signal
2023-01-24,FTSE 100 rally may persist despite mounting economic pressures for the UK
2023-01-24,S&P 500 rises again as tech shines on latest earnings
2023-01-24,"What's Michael Burry Hinting At With This 2002 Market Chart? - Invesco QQQ Trust, Series 1 (NASDAQ:QQQ),"
2023-01-25,US Markets Recover from Big Losses and End Flat
2023-01-25,S&P 500 Market Breadth Signal Sounding
2023-01-25,"Fossil Fuel Profits Roar Back, Producing 10% of S&P 500 Earnings"
2023-01-25,12 Best S&P 500 Dividend Stocks To Buy
2023-01-25,Vanguard Predicts Stock Returns — You're Not Going To Like Them
2023-01-25,S&P 500 closes slightly red as weak corporate guidance fuels recession fears
2023-01-25,JPMorgan's top strategist warns stocks have a 10%-plus drop ahead: 'Things have to get worse before they can get better'
2023-01-25,"ISS Updates Frequently Asked Questions for Equity Compensation Plans, Peer Group Selection and Compensation ..."
2023-01-25,Should iShares Core S&P 500 ETF (IVV) Be on Your Investing Radar?
2023-01-25,"What is a crypto index fund, and how to invest in it?"
2023-01-25,‘Stomach-turning’: Shares could plunge 50%
2023-01-25,Invesco Plans ETF Closures as It Refines Product Lineup
2023-01-25,Doug Kass's Latest Thoughts on Stocks
2023-01-25,Wall Street heavyweights warn of pain ahead despite market's recent reprieve
2023-01-25,"Stock Market Today: Dow, S&P Live Updates for Jan. 26"
2023-01-26,"S&P 500, Nasdaq, DAX 40, Hang Seng technical update"
2023-01-26,Wall Street closes green as GDP data eases recession worries
2023-01-26,"S&P 500 rallies to close at nearly 2-month high, Nasdaq advances 1.8% as investors digest GDP report, earnings"
2023-01-26,State Street Global Advisors' SPDR® S&P 500® ETF Trust Celebrates its 30 Year Anniversary
2023-01-26,S&P 500 Close to Forming “golden cross”. What’s Next?
2023-01-26,"Stock Market Today: Dow, S&P Live Updates for Jan. 27"
2023-01-26,US Markets Rise on Earnings and GDP Growth
2023-01-26,"SPY, First U.S. ETF, Still on Top at 30 as Rivals Gain"
2023-01-26,"Stock Market News for Jan 26, 2023"
2023-01-26,Live updates: Stocks rise after America's economy grew more than expected
2023-01-26,ETF of the Week: SPDR S&P 500 ETF Trust (SPY)
2023-01-26,"Goldman Sachs Finds Bitcoin Tops Gold, S&P 500, And Nasdaq As The Best-Performing Asset Of 2023"
2023-01-26,Q4 GDP Beats Expectations: What the Experts Say
2023-01-26,Think The Nasdaq Is Soaring? Check Out 23 ETFs Doing Even Better
2023-01-26,ChatGPT Can't Forecast Stock Market Any Better Than Expert Investors
2023-01-26,Pharmaceuticals and Biotech Are Due For a Rebound
2023-01-27,Stock Market Today: S&P 500 posts highest close of 2023 as stocks book big weekly gains
2023-01-27,Putting Chevron's $75 Billion Stock Buyback in Context
2023-01-27,"S&P 500 achieves first 'golden cross' in 2½ years, but this doesn't guarantee more gains ahead"
2023-01-27,Equal-Weight S&P 500 Outperformed the Broad Index Over Past 3 Months
2023-01-27,5 of the Best Paper Trading Sites | Investing | U.S. News
2023-01-27,S&P 500 Index Called Lower after PCE Price Index Meets Expectations
2023-01-27,Looming Debt Crisis Might Turbocharge VXX | etf.com
2023-01-27,"Australian Dollar May Rise After US GDP Boosted Dow Jones, S&P 500, Nasdaq 100"
2023-01-27,US Markets Wrap Up Strong Week With Gains
2023-01-27,Looming Debt Crisis Might Turbocharge VXX
2023-01-27,There's 3 New Standout Dividend Stocks — And 3 Pay The Most
2023-01-27,Positioning for the Next CAPEX Cycle – Global X ETFs
2023-01-27,"Stock Market News for Jan 27, 2023"
2023-01-27,"S&P’s SPY ETF, born from 1987 crash, hits monster status"
2023-01-27,S&P 500 Index Reaches Major Test (200-day moving average)!
2023-01-27,ETF Wrap: Bogle was right about SPY
2023-01-30,The S&P 500's top 25 highest-paid CEOs in 2021 were all men
2023-01-30,S&P 500 Companies With More Global Exposure Reporting Lower Earnings and Sales in Q4
2023-01-30,"Charts suggest the S&P 500 is nearing a ‘decisive’ moment, Jim Cramer says"
2023-01-30,Adani slams US short seller ‘attack on India’ as stock rout hits $70 billion
2023-01-30,Think Chevron's Profit Was Obscene? 5 Companies Will Blow It Away
2023-01-30,The strong January in stocks could be a positive sign for the year
2023-01-30,S&P 500: We are waiting for growth to the April maximum
2023-01-30,Stock market news live updates: Stocks sell off to start blockbuster week
2023-01-30,Legendary investor Jeremy Grantham warns stocks could drop another 50% this year—but he doesn't say to stay away ...
2023-01-30,"Stock Market News for Jan 30, 2023"
2023-01-30,The CFO of the future needs these skills—and they go far beyond finance
2023-01-30,Meet the 2023 Dividend Aristocrats
2023-01-30,"Warren Buffett's Top Investing Advice Is Overcrowded, so Buy Small-Cap Value"
2023-01-31,Top 25 Lowest P/E Ratios of the S&P 500
2023-01-31,Is the S&P 500 Overvalued?
2023-01-31,King of the S&P 500 ETFs: Vanguard VUSA or Invesco SPXP?
2023-01-31,US Markets Close Out a Strong Month With Gains
2023-01-31,February stock market trends | Active Trader Commentary
2023-01-31,Warren Buffett's Wealth Drops Despite Stock Market Rally This Year
2023-01-31,Stock Market Today: Stocks Gain Ahead of Fed Meeting
2023-01-31,The Best & Worst Decades to be a Saver & Investor
2023-01-31,Investors Look to Equal-Weight and Quality Factors in 2023
2023-01-31,"Stock Market News for Jan 31, 2023"
2023-01-31,Why Tightening Correlation With S&P 500 Could Be Bullish For Bitcoin | Bitcoinist.com
2023-01-31,Beyond the Benchmark
2023-01-31,S&P 500 snaps winning streak ahead of the next Fed update
2023-01-31,The 10 Worst Years in Stock Market History (Including 2022)
2023-01-31,3 stunning stats from January 2023's big stock market move
2023-01-31,Largest active U.S. equity DC mutual funds lag S&P 500
2023-02-01,"Dow closes more than 350 points higher, S&P 500 caps best January in four years"
2023-02-01,US Markets Rally Back on Powell Comments
2023-02-01,Wall St rallies as Fed's Powell nods to easing inflation after rate hike
2023-02-01,S&P 500 gains in January after rough 2022
2023-02-01,"'Big Short' Michael Burry Issues Grave Warning to Investors: ""Sell."""
2023-02-01,One in five S&P500 CEOs worked for P&G or GE early in their career
2023-02-01,Fed Meeting: 'Ongoing Increases' To Follow Latest Rate Hike
2023-02-01,"S&P 500 closes higher on Wednesday, Nasdaq adds 2% as investors look past Fed's rate hike"
2023-02-01,"The Comeback King: For 40 Years, John Rogers Has Come Out Of Bear Markets Stronger"
2023-02-01,Stock Market’s Newfound Optimism Faces Test as Fed Meets
2023-02-01,'Disneyland is over': 'The Black Swan' author says the easy money era is over and compares Bitcoin to a 'tumor'
2023-02-01,Live updates: Stocks rise after Fed hikes rates
2023-02-01,AllianzIM Launches Two New Buffered ETFs that Hedge the S&P 500 Exposure
2023-02-01,Putting the January Barometer to the Test
2023-02-01,Gary Shilling: 30% Stock Drop Is Coming
2023-02-01,S&P500 short-term correlations hold surprises
2023-02-01,Amazon's Andy Jassy and Expedia's Peter Kern are 2 of the country's 3 best paid CEOS
2023-02-01,The 7 ETFs to Buy for the Perfect Portfolio
2023-02-01,"Stock Market News for Feb 1, 2023"
2023-02-01,January's “Trifecta” Signals Higher Stock Prices In 2023
2023-02-01,4 Reasons Why Aerospace & Defense ETFs May Gain Further
2023-02-02,"Bitcoin, S&P 500 Close In on Bullish 'Golden Cross' Signal"
2023-02-02,S&P 500 on track to achieve bullish 'golden cross'
2023-02-02,"Nasdaq, S&P 500 post strong gains on Fed relief, Meta surge"
2023-02-02,Stock Market Outlook 2023: Optimism & Picks
2023-02-02,Tech Stocks Power the Nasdaq and S&P 500 Higher
2023-02-02,"S&P 500, Index Funds Outperformed by Stockpickers in 2022"
2023-02-02,The S&P 500 is flashing signs that the bear market finally could be over
2023-02-02,S&P 500 advances more than 1% to its best level in five months as Meta leads tech-fueled rally
2023-02-02,Meta’s (META) Stock Market Rebound to Surpass $500 Billion in Value
2023-02-02,"Stock Market News for Feb 2, 2023"
2023-02-02,"Stock Market Today: Dow, S&P Live Updates for Feb. 2"
2023-02-02,Stock Bull Pain Threshold Swells to Pandemic Size in New Market Run-Up
2023-02-02,Expect More Stock-Market Gains in 2023 As Bullish Bond Signal Flashes
2023-02-02,Biden's Stock Market Is Nearly Identical to Trump's
2023-02-02,'Big Short' Michael Burry Bets on a Stock Market Crash
2023-02-02,Just 10 Stocks Drive Half The Year's Monster $2.5 Trillion Rally
2023-02-02,"Stocks broke higher, will S&P 500 go to 4,200?"
2023-02-03,Value Stocks Are Still Beating Growth — Analysts Like These 5 Best
2023-02-03,Live updates: Astonishingly strong US jobs report sends stocks wavering
2023-02-03,S&P Dow Jones Indices will remove Adani Enterprises from its sustainability indices. What does this mean?
2023-02-03,"Stocks fall on Friday, but S&P 500 notches winning week as strong 2023 continues"
2023-02-03,How Markets Have Redefined Value and Growth Stocks
2023-02-03,Golden Cross on S&P 500 Could Signal Price Action For Bitcoin
2023-02-03,"Dow Conspicuously Lags S&P 500 and Nasdaq, Dollar Rebounds Ahead of NFPs"
2023-02-03,Annuity Sales Hit a Record in 2022 as Investors Sought Security
2023-02-03,Retirees: Don't fall for a popularity contest when it comes to your investments
2023-02-03,"S&P 500 Earnings Season Update: February 3, 2023"
2023-02-06,"The Stock Market Rally Is About to Crumble, According to Goldman Sachs"
2023-02-06,What The S&P 500's Golden Cross Could Mean for Stocks
2023-02-06,Analysts Making Larger Cuts Than Average to EPS Estimates for S&P 500 Companies for Q1
2023-02-06,Goldman Sachs ups its near-term S&P 500 target due to brighter economic picture. But here's what the bank's strategists say could knock 25% off stocks.
2023-02-06,S&P 500 Poised for Short-Term Gains but Long-Term Challenges Loom
2023-02-06,The S&P 500 Chart Just Flashed a Major Warning to Investors
2023-02-06,"Women's Gains on S&P 500 Boards Slow, Delaying Parity Progress"
2023-02-06,Women Held Eight More Seats on S&P 500 Boards in December
2023-02-06,"S&P 500 Stocks, Led By Exxon Mobil, Top 5 Stocks Near Buy Points"
2023-02-06,"Charts suggest investors should brace themselves for declines in the S&P 500, Cramer says"
2023-02-06,Stock market is basically going nowhere for the rest of the year: Goldman Sachs
2023-02-06,TD Ameritrade Investor Movement Index: IMX Score Increases as 2023 Begins
2023-02-06,Bitcoin and S&P 500 flirt with 'golden cross'
2023-02-06,The stock market could jump 21% as bullish indicators flash their strongest signal since 2020
2023-02-06,Why the red hot stock market is ripe for a cooldown: Morning Brief
2023-02-06,2 No-Brainer ETFs to Own Even if a Bear Market Continues in 2023
2023-02-06,Dividend Aristocrats In Focus: Walmart Inc.
2023-02-06,Markets Drop for Second-Straight Day on Fed Hike Fears
2023-02-06,"Stock Market Today: Dow, S&P Live Updates for Feb. 7"
2023-02-07,Big Tech Earnings: How Did Markets Go So Easy After This Thud?
2023-02-07,"Stock Market Today: Dow, S&P Live Updates for Feb. 8"
2023-02-07,"Powell's speech triggered record options bets, topping even the meme stock frenzy"
2023-02-07,Should you buy bonds right now? Here's what investing experts say
2023-02-07,$4 billion-FII retreat turns Nifty into world's worst performing stock index
2023-02-07,Wall Street rallies but trade choppy as investors digest Powell comments
2023-02-07,Stock market news live updates: Stocks soar after Powell embraces 'disinflation'
2023-02-07,16 Best Mid-Cap Stocks To Buy Now
2023-02-07,Asset servicing fund services news | SafeGuard picks Apex for fund administration
2023-02-07,The former top economist for Merrill Lynch says that stocks could plunge another 30%: 'The recession's just starting'
2023-02-07,What Is the Fortune 500?
2023-02-07,Investors bet against consumer stocks; crypto-focused Silvergate tops short list
2023-02-07,"Bitcoin’s Sharpe Ratio Drops To -0.86, Moves Below S&P 500’S | News"
2023-02-07,"Merck, Vertex and Lilly led biopharma share price gains in 2022"
2023-02-07,"U.S. stock buybacks so far in 2023: big money, fewer companies"
2023-02-08,Jim Cramer says he’s intrigued by these 10 top-performing S&P 500 stocks
2023-02-08,"Markets look for guidance after Powell speech, eyeing US CPI: USD, S&P 500, DAX 40"
2023-02-08,'Big Short' Michael Burry Hints Stock Rally Will End With Epic Crash
2023-02-08,"S&P 500 closes 1% lower, Nasdaq sheds 1.7% on Wednesday amid corporate profit worries"
2023-02-08,'Big Short' investor Michael Burry compares stock market to dotcom bubble in a cryptic tweet
2023-02-08,"Stock Market Today: Dow, S&P Live Updates for Feb. 9"
2023-02-08,Managing Risk with Managed Futures
2023-02-08,Is the S&P 500 the Best Way to Play the U.S. Market?
2023-02-08,15 Dividend Knights that Beat the Market Last 5 Years
2023-02-08,15 dividend stocks whose 5% to 10% yields appear safe in 2023 and 2024 by this analysis
2023-02-08,Are Stocks Too Pricey?
2023-02-08,Turkey’s stock market halted after earthquake leads to sharp selloff
2023-02-08,"""Pessimistic Israeli investors are ignoring the numbers"""
2023-02-08,"Stock Market News for Feb 8, 2023"
2023-02-09,We Asked ChatGPT For Stock Picks — Here's What It Said
2023-02-09,"HDFC Mutual Fund launches HDFC S&P BSE 500 ETF, HDFC NIFTY Midcap 150 ETF, HDFC NIFTY Smallcap 250 ETF"
2023-02-09,"Stock Market Today: Dow, S&P Live Updates for Feb. 10"
2023-02-09,Crypto Is Becoming More Correlated to Stocks — And It's Your Fault
2023-02-09,"Deutsche Bank says there’s a 90% chance of recession. But, without one, S&P 500 can get to 5,000."
2023-02-09,Markets Reverse Early Gains and End Lower
2023-02-09,Wall St dips as Treasury yields rise after auction
2023-02-09,"Stock Market News for Feb 9, 2023"
2023-02-09,"Deconstructing 10, 20 & 30 Year Stock Market Returns"
2023-02-09,Warren Buffett's Berkshire Hathaway Will Outperform in 2023: UBS
2023-02-09,Super Bowl 2023: Why stock investors might want an Eagles blowout
2023-02-09,It's a New Year for Bill Ackman
2023-02-09,U.S. equity holding period has fallen from years to months
2023-02-10,The Globe and Mail
2023-02-10,S&P 500: 8 Huge 'Moneymaker' Stocks (Like Tesla) Are Still 40% Off
2023-02-10,Impact of government regulations on stock market volatility: A study of selected economies
2023-02-10,"Stock Rally Is a Bear-Market Trap, Top-Ranked Fund Managers Say"
2023-02-10,"US Stock Market: Dow Jones, S&P 500, Nasdaq Composite drop 1% as spike in US bond yields dents earnings..."
2023-02-10,"S&P 500 Earnings Season Update: February 10, 2023"
2023-02-10,"The 2023 Market Rally Stalls on Inflation, Rate Concerns"
2023-02-13,"6 Stocks Up 100% From Lows Can Go Even Higher, Analysts"
2023-02-13,"Fade The CPI; Here's What Matters To The Fed, S&P 500"
2023-02-13,Wall Street ends sharply higher as investors eye inflation data
2023-02-13,"Stock Market News for Feb 13, 2023"
2023-02-13,Markets Jump on Inflation Optimism Ahead of CPI
2023-02-13,The Stock Market Will Surge If Tuesday CPI Report Cools Down As Expected
2023-02-13,"Stock Market Today: Dow, S&P Live Updates for Feb. 14"
2023-02-13,"FIS Shares Plummet on Spinoff Plan, Outlook"
2023-02-13,The new CFO: How being chief financial officer can be the launchpad to the head office
2023-02-13,SPY: Diversify Your Portfolio in 2023 With These 3 ETFs
2023-02-13,15 Dividend Growth Stocks with the Highest Growth Rates
2023-02-13,"Bitcoin's top and bottom correlation with gold, the S&P 500, and US property"
2023-02-13,Stock market news today: Stocks soar as investors look ahead to inflation data
2023-02-13,Are we on the brink of a corporate credit crisis?
2023-02-13,Dividend Aristocrats In Focus: Coca-Cola
2023-02-13,Which has the best stock market returns: the FTSE 100 or S&P 500?
2023-02-13,S&P 500 Earnings: How have Estimated 2023 Sector Growth Rates Changed | investing.com
2023-02-13,The Next CPI Report: What to Expect
2023-02-13,Stock Market Just Made The 'Same Mistake Again'—Here's Why Experts Are Worried About The Latest Rally
2023-02-14,"Alphabet Stock Lost 10% In One Week, What's Next?"
2023-02-14,2022 Investor Voting Report
2023-02-14,7 Stocks Generate An Astounding 25% Of The S&P 500's Profit
2023-02-14,Is the Era of S&P 500 Index Invincibility Over?
2023-02-14,Wall Street ends mixed as inflation data supports rate worries
2023-02-14,Transforming The Investing Experience And Protecting Your Assets
2023-02-14,"CPI Inflation Comes In Hot, Keeping Fed On Guard"
2023-02-14,"Invest in the Dow, S&P 500, and Nasdaq With These 3 ETFs"
2023-02-14,"I've Got $500,000. How Should I Invest It?"
2023-02-14,Best S&P 500 ETFs for 2023
2023-02-14,Live updates: Stocks sink after inflation rose more than expected in January
2023-02-15,10 Investors Score $117 Billion On Tesla Stock's Double 'Bubble'
2023-02-15,S&P 500 Haters Now Make Enough in Treasuries to Bid Stocks Farewell
2023-02-15,S&P 500 ends higher after strong retail sales data
2023-02-15,"Stock Market Today: Dow, S&P Live Updates for Feb. 16"
2023-02-15,"Stock Market News for Feb 15, 2023"
2023-02-15,"Stock Market Prediction War: Burry, Siegel, Grantham Forecast Prices"
2023-02-15,"US Stock Market Today: S&P 500, Dow Jones decline, Nasdaq rises after hotter-than-expected US inflation..."
2023-02-15,What Is the VIX Volatility Index? Why Is It Important?
2023-02-15,Should You Buy Stocks During Holiday-Shortened Weeks?
2023-02-15,"IBD 50 ETF Off To Good Start In 2023, But Don't Overlook Its Lesser-Known Cousin"
2023-02-15,The Best Canadian ETFs for Your RRSP Right Now
2023-02-15,One-Day Options Binge Making Market Macro Tea Leaves Unreadable
2023-02-15,This Valentine's Day Stock Stat Could Signal a Sweet 2023
2023-02-15,Airbnb shares soar as first annual profit is another sign of travel rebound
2023-02-15,The 100 Most Overpaid CEOs 2023
2023-02-16,"Stock Market Today: Dow, S&P Live Updates for Feb. 17"
2023-02-16,What Is the S&P 500 Index?
2023-02-16,"Shareholder votes offer check on unjustified CEO pay at S&P 500 companies, study finds"
2023-02-16,The U.S. debt ceiling and markets: Gauging the fallout
2023-02-16,"S&P 500, Euro Stoxx 50 or FTSE 100: Which Index Will Likely Do Better in 2023?"
2023-02-16,Want to Better Understand the Dow Jones vs. the S&P 500 and Other Major U.S. Indexes? Learn How They’re Built
2023-02-16,The S&P 500 Is The Most Popular And Overpriced Benchmark In The World
2023-02-16,Private equity sentiment indicators rise as Q4'22 earnings improve
2023-02-16,Are multi-factor ETFs the hot ticket item?
2023-02-16,Dow Jones Industrial Average (DJIA) Lags Market as Stock Rotation Continues
2023-02-16,The dark side of stock market circuit breakers
2023-02-16,The portfolio has the returns of stocks with half the volatility
2023-02-16,"The U.S. stock market is trying to find direction, but the trend is still bullish"
2023-02-16,US Stocks Are Beating Everyone Else Once Again
2023-02-16,One of the World's Richest Investors Just Sent an Ominous Warning to Wall Street
2023-02-16,"Stock Market News for Feb 16, 2023"
2023-02-16,CalPERS Equity Portfolio Edges Out S&P 500 Returns in Q4 2022 | Chief Investment Officer
2023-02-16,Is Schwab S&P 500 Index (SWPPX) a Strong Mutual Fund Pick Right Now?
2023-02-16,2023 High Beta Stocks List | The 100 Highest Beta S&P 500 Stocks
2023-02-16,Why the Medallion Fund is the Greatest Money-Making Machine of All Time
2023-02-16,Pay for Performance Is Broken: The 100 Most Overpaid CEOs Report Shows
2023-02-16,Rolex and Patek Philippe outperform stocks and crypto despite price drop
2023-02-17,Warren Buffett Refuses To Part With 21 Beloved Stocks
2023-02-17,S&P 500 ends down as investors fret about interest rates
2023-02-17,S&P 500 ends in second weekly loss on fears Fed will keep rates high
2023-02-17,"S&P 500 Earnings Season Update: February 17, 2023"
2023-02-17,Markets Finish Day and Week Mixed on Inflation Fears
2023-02-17,"Luxury Swiss watches still beat stocks and crypto despite Rolex, Patek drop"
2023-02-17,"Fed tightening 'always breaks something': S&P 500 will drop to 3,800 by March, warn Bank of America strategists"
2023-02-17,'Most Overpaid CEOs' Fall Behind on Delivering Returns
2023-02-17,"Stock market news today: S&P 500, Nasdaq slip amid hawkish Fed, sticky inflation signs"
2023-02-17,A Once-in-a-Decade Investing Opportunity Is Here. 2 Vanguard ETFs to Buy Now.
2023-02-17,"Happy Birthday, Mr. President | Chase"
2023-02-17,This company employed children to clean razor-sharp saws using hazardous chemicals
2023-02-17,These stocks have been shunned for years. Now investors love them
2023-02-17,"Previewing Walmart, Target and Retail Sector Earnings"
2023-02-17,S&P 500 Price Forecast – Stock Markets Breakthrough Small Triangle
2023-02-17,Warren Buffett Just Sent a Subtle but Terrifying Signal to Investors
2023-02-17,Why a Strong Economy Is Making Stock Investors Jittery (Published 2023)
2023-02-21,‘Not a time to buy’: S&P 500 exiting ‘best era’ in decades for earnings growth amid ‘dried up’ liquidity
2023-02-21,Stock Market News Today: S&P 500 on Track for 3rd Losing Session
2023-02-21,Morgan Stanley's Wilson Calls Time on Rally for Pricey US Stocks
2023-02-21,Wall Street posts worst day of 2023 on higher-for-longer rate fears
2023-02-21,S&P 500 Companies Are Reporting Smaller EPS Surprises for 7th Straight Quarter in Q4
2023-02-21,Markets Tumble on Inflation and Interest Rate Worries
2023-02-21,"US Stocks Are in 'Death Zone' and Could Crash 26%, Morgan Stanley Says"
2023-02-21,"Dow Jones, Nasdaq futures indicate a weak start on Wall Street today after Putins speech"
2023-02-21,Bitcoin (BTC) Latest Price Breaks Away From Global Stocks in 50% Surge
2023-02-21,"Stock Market Today: Dow, S&P Live Updates for Feb. 22"
2023-02-21,"Dow drops nearly 700 points, Wall Street has biggest 2023 loss"
2023-02-21,S&P 500: Overbought or Oversold?
2023-02-21,What Do Walmart's Q4 Results Mean? Bad News For The S&P 500
2023-02-21,Stock Market News Today: Stocks Fall as Recent Carnage Continues - TipRanks.com
2023-02-21,"Tesla Missed the ESG Moment, and Twitter Could Bury It"
2023-02-21,Dow drops by nearly 700 points as retail earnings disappoint
2023-02-21,"US stocks are in 'death zone' and could sink 26%, Morgan Stanley warns"
2023-02-21,Is Small Cap Investing Right for You?
2023-02-21,"Stock market news today: Stocks slide after economic warnings from Walmart, Home Depot"
2023-02-21,"Stock Market News for Feb 21, 2023"
2023-02-21,Barclays Bank PLC Announces Reverse Split of the iPath® Series B S&P 500® VIX Short-Term Futures™ ETNs
2023-02-21,Stocks tumble on worries of upcoming company profits and squeeze of higher rates
2023-02-21,Energy Stocks Go From Leaders to Laggards as Traders Buy Growth
2023-02-21,Stock market books worst day of 2023 as rising yields contribute to 'perfect storm'
2023-02-21,US Markets Turn Risk-Off Ahead of Fed Minutes: In Charts
2023-02-22,"Stock market news today: S&P 500, Dow fall after Fed minutes signal continued rate hikes"
2023-02-22,"The Stock Market Will Soar to Record Highs in 2024, Mike Wilson Says"
2023-02-22,S&P 500 index seen climbing 5% by end of 2023: Reuters poll
2023-02-22,S&P 500 earnings beats hit a 15-year low. More cost cuts are coming as companies play defense on profit margins
2023-02-22,S&P 500 Could Hit 4500 by End of Year: RBC's Calvasina
2023-02-22,Global X unveils two defined outcome S&P 500 ETFs
2023-02-22,"Is the uptrend over in US equities? S&P 500, Nasdaq, Russell 2000 update"
2023-02-22,"US Stock Market Today: Wall Street posts worst day of 2023 as Dow Jones, Nasdaq, S&P 500 crash 2% each"
2023-02-22,Introducing the Nasdaq 100 ESG Covered Call ETF (QYLE) and S&P 500 ESG Covered Call ETF (XYLE)
2023-02-22,Explainer: The rise of 0DTE stock options and how they could be a risk to markets
2023-02-22,S&P 500 notches fourth day of losses after Fed minutes reaffirm tough stance on inflation: Live updates
2023-02-22,Short sellers boost bets against communication services stocks in January
2023-02-22,"Stock Market Today: Dow, S&P Live Updates for Feb. 23"
2023-02-22,This Stock Indicator Calls Huge Rallies with 100% Success
2023-02-22,No More Easy Money: Implications of the Rising Cost of Capital
2023-02-22,US Stock Market Records Worst Day Of 2023 As Investors Worry About Further Rise In Interest Rates
2023-02-22,"Stock Market News for Feb 22, 2023"
2023-02-22,Global X launches two defined outcome ETFs
2023-02-22,What Are the Top Contracts for Trading Futures?
2023-02-22,9 Stocks Jumped 200% In 3 Years Since Covid Rocked The World
2023-02-23,BofA: Tech stocks’ ‘free money’ era is over
2023-02-23,"US Stock Market today: Dow Jones, S&P 500 slip as Fed minutes signal more rate hikes"
2023-02-23,"S&P 500 Continues Losing Streak, NASDAQ Bucks Trend with Small Gain after Fed Minutes"
2023-02-23,"S&P 500 holds important chart support near 3,970"
2023-02-23,"Stock market news today: S&P 500 snaps four-day losing street, Dow, Nasdaq rise"
2023-02-23,The stock market's rally was a head fake and the smart money now is with the bears
2023-02-23,Warren Buffett Swears by This 1 Index Fund (and It Could Help Make You a Millionaire)
2023-02-23,"Yahoo U: Bear vs. bull market explained, plus what it means for investors"
2023-02-23,Should Invesco S&P 500 High Dividend Low Volatility ETF (SPHD) Be on Your Investing Radar?
2023-02-23,The S&P 500 earned about $55 per share in Q4 2022
2023-02-23,"Stock Market News for Feb 23, 2023"
2023-02-23,"Bitcoin [BTC] and S&P 500 part ways, where now for the king coin?"
2023-02-23,The Russell Midcap Is Outperforming the S&P 500 YTD
2023-02-24,The Fed's Key Inflation Rate Just Heated Up; Stocks Fall
2023-02-24,Stock Market News for S&P 500: Outlook for 2023
2023-02-24,US Markets Sink on Surprise Inflation Report
2023-02-24,Options To Invest In International Equity Are Drying Up For Retail Investors
2023-02-24,"US Stock Market Today: Dow Jones, Nasdaq end higher; S&P 500 notches 4-day losing streak"
2023-02-24,"Autodesk stock is biggest loser on S&P 500, Nasdaq-100 as Wall Street focuses on cash flow"
2023-02-24,Stock Market News Today: S&P 500 Wraps Worst Week of 2023
2023-02-24,"Wall St ends sharply down, posts biggest weekly drop of 2023"
2023-02-24,Charts showing how the S&P 500 evolved over time 🧐
2023-02-24,The evolution of the ESG reporting landscape
2023-02-24,Millennials Are Trading Like Crazy — Here's What They're Buying
2023-02-24,Global X debuts S&P 500 defined outcome ETFs in Europe
2023-02-24,S&P 500: Did We Just Experience a Capitulation Bottom?
2023-02-24,"Stock Market News for Feb 24, 2023"
2023-02-24,Wall Street closes out on its worst week of the year
2023-02-24,"US GDP Data: Worlds largest economy grew 2.7% in December quarter, 2.1% in 2022"
2023-02-24,Stock market news today: Stocks slide after hotter-than-expected key inflation print
2023-02-24,10 Best Stocks to Buy and Hold for a Lifetime
2023-02-24,Odds & Ends: 6 Vanguard ETFs to See Share Splits
2023-02-24,"Forget Tech Drag, Buy Sector ETFs Supporting S&P 500 Earnings"
2023-02-27,'We remain in the soft-landing club': Strategist Ed Yardeni's bullish scenario puts S&P 500 up more than 20% by end of 2023
2023-02-27,"Stocks close higher following worst week of 2023, major indexes are on track to end February with declines: Live updates"
2023-02-27,Stocks close slightly up after prior week's selloff
2023-02-27,"Stock Market Today: Dow, S&P Live Updates for Feb. 28"
2023-02-27,"Warner Bros Stock Beats Tesla, S&P 500 Peers, on Hit Game 'Hogwarts Legacy'"
2023-02-27,EXCLUSIVE: Satori Fund founder Dan Niles warns S&P 500 could test 3000 by mid-year By Investing.com
2023-02-27,US Markets Open the Week Higher on Corporate Headlines
2023-02-27,"US dollar sees setback on weak durable goods orders, but DXY trend holds bullish"
2023-02-27,Vix Suggests S&P 500 Could Dip to 3800
2023-02-27,Why the 2023 stock market rally may be over already
2023-02-27,"How I'd Invest $20,000 Today if I Had to Start From Scratch"
2023-02-27,Stock Market At 'Critical' Level And Braced For 'High Risk' Of Collapse In March—Here's What Investors Should Know
2023-02-28,"Stock Market Today: Dow, S&P Live Updates for March 1"
2023-02-28,Where Is the Stock Market Heading? March 2023 Forecast
2023-02-28,The Single Most Terrifying Number in Berkshire Hathaway's Latest Results
2023-02-28,How To Invest In Structured Notes – Forbes Advisor
2023-02-28,Wall Street closes out weak February as Fed concerns remain
2023-02-28,S&P 500 Mixed as 10-Year Treasury Note Yield Hits Highest Level Since Nov. 10
2023-02-28,"Dow closes more than 200 points lower Tuesday, major averages end February with losses: Live updates"
2023-02-28,US Markets End Down for the Day and Month
2023-02-28,"Tesla, tech and travel stocks have ginormous gains this year"
2023-02-28,S&P 500 index is 2.5 times too expensive: JPMorgan
2023-02-28,Goldman expects STOXX Europe 600 and TOPIX to outperform S&P 500 in 2023
2023-02-28,"Stock Market News for Feb 28, 2023"
2023-02-28,Leon Cooperman Predicts Percentage S&P 500 Will Fall Before It Turns Around
2023-02-28,"Billionaire Leon Cooperman Expects US Recession, 22% Plunge in S&P 500"
2023-03-01,S&P 500 and Nasdaq close lower to begin March as the 10-year Treasury yield touches 4%: Live updates
2023-03-01,S&P 500 and Nasdaq 100 attempt to build higher as latest data gives traders some confidence
2023-03-01,"Stock Market Today: Dow, S&P Live Updates for March 2"
2023-03-01,"Stock market news today: S&P 500, Nasdaq fall, yields rise after hawkish Fedspeak"
2023-03-01,Sector Views: Tech Talk – Global X ETFs
2023-03-01,Can You Become a Millionaire With Only S&P 500 Index Funds?
2023-03-01,PE Has Outperformed Stocks for Decades — And Especially During High Inflation
2023-03-01,Corporate America's Earnings Quality Is the Worst in Three Decades
2023-03-01,"S&P 500 sheds 2.6% in February as inflation, interest rate worries persist"
2023-03-01,"ISM Manufacturing PMI Misses Expectations, S&P 500 Tests New Lows"
2023-03-01,Record Number Of Black CEOs Will Run S&P 500 Companies
2023-03-01,The Recession Debate Pits CEOs and Economists Against Equity Analysts and Investors
2023-03-01,"S&P, Nasdaq weak as manufacturing stokes Fed concerns"
2023-03-01,Market Outlook: 3 Reasons Long-Term Investors Should Be Optimistic
2023-03-01,Market gets a reality check | E*TRADE Monthly Market Commentary
2023-03-01,Morgan Stanley's Wilson: S&P 500 Could Fall About 20%
2023-03-01,SPY: Investors: Beware the Ides of March!
2023-03-01,US Markets Begin the Month Mixed on Familiar Concerns
2023-03-01,Apple Is Still The Richest Company — By Squatting On Your Money
2023-03-01,Is Big Tech's Dominance Over?
2023-03-01,"First Solar Reports Smaller-Than-Expected Loss, Upbeat Guidance"
2023-03-02,"Stocks on the move: Tesla's and Hormel's drop, while Salesforce, Macy's and Kroger shares surge"
2023-03-02,What It Will Take For Tesla To Be Worth $1 Trillion Again
2023-03-02,"Stock Market Today: Dow, S&P Live Updates for March 3"
2023-03-02,"Stocks close higher, Dow gains 300 points as Fed’s Bostic spurs relief rally: Live updates"
2023-03-02,"NASDAQ Index, S&P 500, Dow Jones Analysis – NASDAQ Climbs Back, Dow Jones Supported By Salesforce Performance"
2023-03-02,Stocks gain as Bostic backs quarter-point hike
2023-03-02,What Is The Shiller P/E Ratio?
2023-03-02,"Stock market news today: Stocks rally as Salesforce's 11% gain lifts Dow while S&P, Nasdaq reverse early losses"
2023-03-02,Should You Still Invest if a Recession Is Coming? Here's What History Says
2023-03-02,Earnings Insight Infographic: Q4 2022 By the Numbers
2023-03-02,Nvidia Climbs Into The Top Five S&P 500 Weightings
2023-03-02,Technical Indicator Signals the End of the 2022 Bear Market
2023-03-02,15 Companies that Just Started Paying Dividends
2023-03-02,DBMF's Returns Track Record Beats SPY
2023-03-02,Chris Womack To Join 'Record Number' Of 8 Total Black Executives Leading S&P 500 Companies
2023-03-02,Apple Stock: Is March A Good Month To Invest?
2023-03-02,US Markets Pick Up Steam in the Afternoon and Post Gains
2023-03-03,S&P 500 Annual Returns
2023-03-03,"Stock market news today: Stocks gain, 10-year yield falls back below 4%"
2023-03-03,"Will March be a good month for the Dow, S&P 500, Nasdaq 100 and Russell 2000?"
2023-03-03,Numbers dive: Warren Buffett's performance is even more amazing than you think.
2023-03-03,Larger Cuts Than Average to EPS Estimates for S&P 500 Companies for Q1 To Date
2023-03-03,"Stocks close higher Friday, Dow breaks 4-week losing streak as 10-year Treasury yield retreats: Live updates"
2023-03-03,Stock Traders Are Ignoring Blaring Bond Alarms
2023-03-03,Big Tech's $200 Billion Surge Leads Stock Market Rally—But Rate-Fueled Optimism May Be Fleeting
2023-03-03,Morgan Stanley's Mike Wilson: S&P 500 could drop 20%
2023-03-03,Markets Jump on the Day and Week on Rate Optimism
2023-03-03,Stock Market Today: S&P 500 Snaps Weekly Losing Streak
2023-03-03,Richest Companies 2023 (Companies with the Most Cash)
2023-03-03,Sharp drop in equity premium may mark return of 60/40 portfolio
2023-03-03,Why the 200-Day Moving Average Matters in Today’s Market
2023-03-03,Is It Time To Reassess Your Focus On Large-Cap Stocks? | Chase
2023-03-03,"12 'Dirt Cheap' Stocks Are Due For A Rally, Analysts Say"
2023-03-03,Troy Cates Talks Income and Yield for CSHI and SPYI on ETF IQ
2023-03-03,Almost all S&P 500 companies reported earnings. The results aren’t great
2023-03-06,How Does Inflation Affect The Stock Market? – Forbes Advisor
2023-03-06,"Stock Market Today: Dow, S&P Live Updates for March 7"
2023-03-06,Dow closes higher Monday to notch four-day win streak: Live updates
2023-03-06,0DTE options could turn 5% intraday market decline into 25% rout -JPMorgan
2023-03-06,Morgan Stanley Sees Near-Term US Stock Market Rally
2023-03-06,"Daily Update March 6, 2023"
2023-03-06,"Stock market news today: Stocks pare gains, finish mixed to start busy week"
2023-03-06,S&P 500 Forecast: SPX to capitalize on bullish chart structure this week
2023-03-06,"Dow, S&P 500 gains belie bad market breadth"
2023-03-06,Markets Little Changed Ahead of Powell Testimony
2023-03-06,Growth stock vs. value stock? It's all in the eye of the beholder
2023-03-06,"S&P 500 ends slightly higher ahead of Powell testimony, upcoming data"
2023-03-06,"S&P 500 ekes out gain, Treasury yields turn higher on eve of Powell testimony"
2023-03-06,"Unisys, Bed Bath & Beyond slide after removal from small-cap index"
2023-03-06,WidePoint Signs Mobile and Telecom Managed Services Contract with S&P 500 Food & Beverage Company
2023-03-06,Mind the Gap: Rarity of Women in Top Roles Means Gender Pay Gap Remains Wide
2023-03-06,Best And Worst S&P Sectors Over The Last 12 Months
2023-03-06,14 S&P 500 Stocks To Switch Sectors In March - ETF Focus on TheStreet: ETF research and Trade Ideas
2023-03-06,Morgan Stanley's bearish top strategist says stocks could keep rising—in the short term
2023-03-06,"Stock Market News for Mar 6, 2023"
2023-03-06,"America’s credit rating could get downgraded even if a default is avoided, Fitch Ratings warns"
2023-03-06,10 S&P 500 Stocks Are Practically Immune To More Fed Rate Hikes
2023-03-06,This S&P 500 Stock has Outperformed Tesla in 2023
2023-03-06,Growth ETFs Diverge Significantly After S&P Rebalance
2023-03-06,14 Best Consumer Staples Dividend Stocks To Buy Now
2023-03-06,GICS Changes Will Affect Big Fintech ETF
2023-03-06,Growth ETFs Diverge Significantly After S&P Rebalance
2023-03-06,This 11.8%-Yielding ETF Pays Large Monthly Dividends
2023-03-06,Wish You'd Bought at the Bottom? Here's Why It's Not That Important.
2023-03-07,"Stock Market Today: Dow, S&P Live Updates for March 8"
2023-03-07,S&P 500 Information Technology sector's historically strong performance
2023-03-07,Stocks close sharply down after Powell says rates will rise more than expected
2023-03-07,Wall Street falls more than 1% as Powell flags sharper rate hikes
2023-03-07,‘Slim majority’ of actively-managed U.S. large-cap equity mutual funds fail to beat S&P 500 in 2022
2023-03-07,Dow drops 574 points as Jerome Powell rate hike comments sting
2023-03-07,Growth and value ETFs' performance diverge after S&P rebalance
2023-03-07,S&P 500 CEO Compensation Increase Trends
2023-03-07,Motilal Oswal Mutual Fund restricts fresh investments in 3 international funds from March 10
2023-03-07,Bear Trap? Market Holds Critical Support
2023-03-07,How to Identify a Stock Market Bottom? Look for These Signals
2023-03-07,"Dow, S&P 500 book worst day in 2 weeks as Powell's hawkish tone sparks concerns over higher interest rates"
2023-03-07,Most stock pickers underperformed in 2022's stock picker's market
2023-03-07,5 Major Reasons Tech Stocks Will Soar in 2023
2023-03-07,PwC and KPMG fall behind in promoting women to run major audit work
2023-03-07,Stock market news today: Stocks sink after Powell tells Congress rates could go 'higher'
2023-03-07,Investors Cash In On 12 'Triple Play' Stocks That Do No Wrong
2023-03-07,"Europe Stocks Outperforming US Equities Is Set to Fade, Says BlackRock"
2023-03-07,"Bitcoin Outperforms NASDAQ, S&P 500, Dow Jones, and Gold Combined"
2023-03-07,"Active vs Passive Investing: Even in Bear Market, Active Struggled to Outperform"
2023-03-07,Gain Small-Cap Exposure with Options on the Russell 2000 Index
2023-03-07,'Slim majority' of actively-managed U.S. large-cap equity mutual funds fail to beat S&P 500 in 2022
2023-03-07,"Yeah, about that active comeback . . ."
2023-03-07,"Before the Bell: Change in the S&P 500, Rivian to Issue More Debt"
2023-03-08,What Is Volmageddon? Why Record Options Trading Could Risk Another 20% Stock Crash
2023-03-08,Short sellers pare back bets as US equities rally
2023-03-08,"Stock Market Today: Dow, S&P Live Updates for March 9"
2023-03-08,"S&P 500 barely gains as investors eye upcoming jobs data, rate hikes"
2023-03-08,Here's What Happens When a Stock is Removed from an Index
2023-03-08,Fund of Women-Run Firms Is Beating the S&P 500 Since Launching
2023-03-08,Prediction: The S&P 500 and Nasdaq Will Be Up in 2023
2023-03-08,"Stock Market News for Mar 8, 2023"
2023-03-08,Is It Really Safe to Invest in the S&P 500 Right Now? Here's What History Says
2023-03-08,Stock market news today: Stocks finish mixed as Powell wraps up testimony amid continued jobs strength
2023-03-08,3 investment strategies that outperform the market (2023)
2023-03-08,Stocks close mixed after Powell's testimony and fresh jobs data
2023-03-08,Here's What Happens When a Stock is Removed from an Index
2023-03-08,Terry Smith: Why You Should Stay Invested In The Stock Market
2023-03-08,"Wall Street eases, investors step back after Fitch US rating cut"
2023-03-09,How Much Money You'd Make Investing in S&P 500 at Market Low
2023-03-09,"Stocks to Watch: Bharat Forge, Shoppers Stop, Gokaldas, Lotus Chocolate"
2023-03-09,"Stocks May Crash 30% in 60 Days As Rates Bite, Investors Flee: Expert"
2023-03-09,"S&P 500 closes 1.8% lower as bank stocks succumb to pressure, Dow sheds more than 500 points: Live updates"
2023-03-09,Banks tumble as SVB ignites capitalization fears
2023-03-09,"Stock market news today: Stocks crushed as banking fears rise, jobs report looms"
2023-03-09,"Preowned Rolex, AP, Patek watch investments top S&P return over past 5 years, report says"
2023-03-09,"Stock Market Today: Dow, S&P Live Updates for March 10"
2023-03-09,"Wall St falls on bank stocks tumble, jobs report jitters"
2023-03-09,2 Key Facts Every Investor Needs to Know About S&P 500 Drawdowns
2023-03-09,"Rolex, Patek Investment beats S&P gains over five years"
2023-03-09,Markets close sharply lower as bank stocks take a beating
2023-03-09,Ferguson has 'no regrets' over moving listing to New York
2023-03-09,Rolex and Patek Philippe investments beat S&P gains since 2018
2023-03-09,The Next Bull Market Is Coming: 2 Strong Index Funds to Buy Now and Hold Forever
2023-03-09,"Markets Sink on Interest Rate, Banking Worries"
2023-03-09,2 Key Facts Every Investor Needs to Know About S&P 500 Drawdowns
2023-03-09,Cboe Plays Down Danger From Zero-Day Options After Trading Boom
2023-03-09,GICS changes set to impact S&P 500 and sector ETFs
2023-03-09,3 Top Guru Favorites Trading Near 52-Week Lows
2023-03-09,Izzy Englander and the New Rules of Hedge Funds
2023-03-09,The Semiconductor Industry is Showing Relative Strength: 2 Stocks to Join the Rally
2023-03-09,15 Best Stocks Under $100
2023-03-09,"Investment in Rolex, Patek watches exceeds S&P gains over five years: report"
2023-03-09,Is It Historically Wise To Invest in the S&P 500 as Market Continues Volatile Streak?
2023-03-09,"Stock Market News for Mar 9, 2023"
2023-03-10,Silicon Valley Bank failure roils stock markets
2023-03-10,"NASDAQ Index, S&P 500, Dow Jones Analysis – Indices Tumble On Financial Stocks Sell-Off"
2023-03-10,"Dow closes more than 300 points lower, posts worst week since June as Silicon Valley Bank collapse sparks selloff: Live updates"
2023-03-10,Silicon Valley Bank out of S&P 500 index; Insulet selected to replace it
2023-03-10,SVB in talks to sell itself; shares halted after tumbling 66% in premarket trading
2023-03-10,Are Fewer S&P 500 Companies Concerned About a Recession?
2023-03-10,"Dow Plunges Nearly 1,500 Points In Worst Week Since June As Bank Stocks Collapse"
2023-03-10,Silicon Valley Bank Collapse Jolts Stock Market
2023-03-10,S&P 500 Turns Lower
2023-03-10,"Tooth Fairy return outpaces S&P 500, beats inflation"
2023-03-10,London fears for its future as companies defect to Wall Street
2023-03-10,US Equities Drop as Bank Worries Rattle Markets
2023-03-10,"GICS Changes to Affect Select Sector SPDRs, Other ETFs"
2023-03-10,S&P 500 Weekly Price Forecast – Stock Market Has a Tough Week Again
2023-03-10,"The US economy added 311,000 jobs in February, outpacing expectations"
2023-03-10,Why Is Lincoln National (LNC) Down 20.3% Since Last Earnings Report?
2023-03-10,Stock market news today: Stocks smoked after jobs beat and SVB collapses
2023-03-13,Dow falls for a fifth day despite emergency backstop of Silicon Valley Bank: Live updates
2023-03-13,How BlackRock's S&P 500 UCITS ETF got tokenised
2023-03-13,"Stock Market Today: Dow, S&P Live Updates for March 14"
2023-03-13,US bank stocks tumble and Treasuries rally amid SVB collapse
2023-03-13,US futures steady after Fed moves to restore confidence in banking system
2023-03-13,Markets End Mixed With Banks Dominating the Session
2023-03-13,Stocks fall and Wall Street fearful after SVB failure followed by second bank
2023-03-13,Bank Stock Crash Intensifies: Losses Top $185 Billion As Analyst Warns SVB Failure Risks Intense Regulator Scrutiny
2023-03-13,Market Risk Returns With S&P 500 Moving Lower
2023-03-13,Bank stocks dive and S&P 500 jumps as Wall Street trembles amid SVB failure
2023-03-13,Insulet tapped to replace SVB on S&P 500 index after bank collapse
2023-03-13,"Stock Market News for Mar 13, 2023"
2023-03-13,"Stock valuations climb, defying Fed's interest rate push"
2023-03-13,This Time Is Different: Japan Value and Corporate Governance | Man Institute
2023-03-13,U.S. ETFs With the Biggest Silicon Valley Bank Exposure
2023-03-13,"Wall Street pummels regional banks, despite Biden’s assurances"
2023-03-13,Insulet to replace Silicon Valley Bank in the S&P 500
2023-03-13,"Stock market news today: Stocks mixed, bank stocks routed as SVB fallout ripples through markets"
2023-03-13,"SPX 2023 VS SPX 2008, Is it possible for this to happen again? for SP:SPX by WallSt007"
2023-03-13,Stocks Wobble as Smaller Banks Plunge on Fears of Contagion (Published 2023)
2023-03-13,Warren Buffett's Ultra-High-Yield Dividend Stock That Has Trounced the S&P 500
2023-03-14,"Stock market news today: Stocks, regional banks rally as after CPI print"
2023-03-14,Lumen’s stock follows record annual decline with another steep plunge this year
2023-03-14,US Stock Market: Dow Jones falls 91 pts dragged by banking shares amid SVB contagion fears; S&P 500 fol...
2023-03-14,"Dow closes more than 300 points higher, snaps 5-day losing streak as bank shares rebound: Live updates"
2023-03-14,"Stock Market Today: Dow, S&P Live Updates for March 15"
2023-03-14,Goldman's Scott Rubner Blames Thin Liquidity for Big Market Moves
2023-03-14,'Head Fake Rally'? Dow Jumps 400 Points On Bank Stocks' $37 Billion Recovery
2023-03-14,What the Markets' New Tailwinds Could Look Like in 2023
2023-03-14,Platform Tools for Market Internals and Breadth | Market Insights
2023-03-14,"Stock Market News for Mar 14, 2023"
2023-03-14,What comes next in the banking crisis? The early 1990s hold clues
2023-03-14,You Won't Believe How Much More Warren Buffett Has Made Than the Market Since 1965
2023-03-14,Moody’s sees harder times ahead for all US banks and puts six on ‘downgrade’ watch
2023-03-14,GICS Changes Could Highlight Equal Weight Opportunity
2023-03-14,Inverse Cramer ETF surpasses S&P 500 in first week of trading
2023-03-14,CME Group Hits Daily Trading Volume Record of More Than 66 Million Contracts
2023-03-14,Ethical Investment Opportunities – A Look Into Cboe's S&P 500 ESG Index Options
2023-03-15,Wall Street down as Credit Suisse sparks fresh bank selloff
2023-03-15,"Markets Pare Big Losses, End Mixed on Banking Fears"
2023-03-15,Dow ends down 280 points after Credit Suisse woes reignite bank-sector angst
2023-03-15,Dow closes more than 250 points lower Wednesday as bank crisis spreads to Europe: Live updates
2023-03-15,NASDAQ Composite Outperforms Dow and S&P 500 as Markets Rally on Credit Suisse Assurance
2023-03-15,"Stock market news today: Stocks, yields fall amid Credit Suisse turmoil"
2023-03-15,"Here's Where the S&P 500 Could Finish in 2023, and Why These 2 Stocks Are a Buy"
2023-03-15,U.S. Banking Turmoil: Markets Rise as Pressure on Banks Eases (Published 2023)
2023-03-15,Could S&P 500 move towards the 4057 level?
2023-03-15,Dow Drops Nearly 300 Points As BlackRock Chief Warns SVB Collapse Merely 'First Domino To Drop'
2023-03-15,Stock Markets Fall as Bank Shares Take a Beating
2023-03-15,"US Stock Market: Dow jumps 336 pts, Nasdaq, S&P 500 follow suit as cooling US inflation eases steep rat..."
2023-03-15,SVB and Signature Bank 'the next Russia' as index providers eject collapsed firms
2023-03-15,"Stock Market Today: Dow, S&P Live Updates for March 16"
2023-03-15,Dow falls 500 points as Credit Suisse concerns deepen fears of banking crisis
2023-03-15,Technology sector set to lose more titans in reclassification
2023-03-15,First Republic Bank stock tumbles on credit downgrade and deposit worries
2023-03-15,Is It Time to Buy European Stocks?
2023-03-15,The technology behind ChatGPT is about to get even more powerful
2023-03-15,Where Next for the S&P 500 and Nasdaq?
2023-03-15,"How Rolex, Audemars Piguet and Patek Philippe watches outpaced stocks"
2023-03-15,Global markets mixed as Credit Suisse accepts $54 billion lifeline
2023-03-15,0DTE options: what are they and how do they work?
2023-03-15,Asian stocks fall after Wall St sinks on new bank fears
2023-03-16,Is the S&P 500 Bear Market a Recession Warning? Here's What History Says.
2023-03-16,"Markets Gain on First Republic Bank Aid, Tech Enthusiasm"
2023-03-16,"Stocks close higher, Dow jumps more than 300 points as banks step in to aid First Republic: Live updates"
2023-03-16,"Stock Market Today: Dow, S&P Live Updates for March 17"
2023-03-16,"Sensex falls over 350 points, Nifty below 16,900 on crisis in US banking sector"
2023-03-16,Stocks Rally as First Republic Receives a Rescue
2023-03-16,Dow falls 500 points as banking fears spread
2023-03-16,"Equal weighting portfolios works, but why?"
2023-03-16,The Dangerous Assumption Fueling S&P 500's P/E Ratios
2023-03-16,Beyond Large-Cap: Discover Benefits of Trading the Small- and Mid-Cap Equity Universes
2023-03-16,The highest yielding S&P 500 Dividend Aristocrats | MoneyWeek
2023-03-16,2 Exceptional ETFs to Buy if a Recession Is Coming
2023-03-16,"Stock Market News for Mar 16, 2023"
2023-03-16,Where Are Analysts Most Optimistic on Ratings for S&P 500 Companies Heading Into Q2 2023?
2023-03-17,Wall Street ends sharply lower on bank contagion fears
2023-03-17,US stock market: Wall Street stocks slip as worries worsen about banks
2023-03-17,Fed Rate-Hike Odds Dive As Latest Bank Fix Has Holes
2023-03-17,"As worries over banks swirl, investors seek protection against market crash"
2023-03-17,Annual reclassification of S&P 500 takes place today
2023-03-17,Big changes in the S&P 500 Friday highlight the power of index providers
2023-03-17,"After a Wild Week, What Are Markets Saying About the World?"
2023-03-17,SPDR S&P 500 ETF (SPY) Adds $7.3 Billion in a Day on Bank Rescues
2023-03-17,Are Multi-Strategy Hedge Funds Really Worth The Higher Fees? It Depends On Whom You Ask
2023-03-17,Wall St Week Ahead Plunging bond yields boost stocks' allure ahead of Fed meeting
2023-03-17,Markets Drop on Renewed Concerns About Banks
2023-03-17,How Does RSPE Compare to RSP?
2023-03-17,"Apple, Microsoft Dominance on Tech-Stock indexes Grows in Benchmark Overhaul"
2023-03-17,Stock market news today: Stocks slide Friday to cap hectic week of trading
2023-03-17,First Republic secures $30 billion rescue from large banks
2023-03-17,2023 Globe and Mail ETF Buyer's Guide Part Three: U.S. equity ETFs
2023-03-17,VOO: 1 ETF to Buy in 2023 and 1 to Avoid Like the Plague
2023-03-17,Update Regarding Silicon Valley Bank
2023-03-17,Wall Street opens a bit lower as worries about banks persist
2023-03-17,ETFs Head-to-Head: iShares 'IVV' vs BetaShares 'NDQ' vs Vanguard 'VTS'
2023-03-17,GICS Sector Changes: Impact on Sector ETFs
2023-03-17,"Stock Market News for Mar 17, 2023"
2023-03-17,Is Vanguard Total Stock Market Index Institutional (VITSX) a Strong Mutual Fund Pick Right Now?
2023-03-20,"Stock market news today: Stocks rise, Dow jumps after UBS-Credit Suisse deal"
2023-03-20,Stock Markets Wobble as Investors Eye Fallout From Credit Suisse Rescue
2023-03-20,"Wall St ends higher as bank contagion fears ease, Fed eyed"
2023-03-20,"Stock Market Today: Dow, S&P Live Updates for March 21"
2023-03-20,Stocks close higher on Monday as banking crisis fears ease: Live updates
2023-03-20,Federal Reserve Rate Hike Odds Grow As Bank-Crisis Fears Ebb; S&P 500 Rises
2023-03-20,Analysts Warn Investors To Dump 10 Big Stocks Before It's Too Late
2023-03-20,Dow Jones Futures: Markets Still Fragile After Credit Suisse Deal; First Republic Dives
2023-03-20,"S&P 500: Crashing Bank Stock, Dow Giant Lead Losers"
2023-03-20,"U.S. stock market sectors reclassified, with big shifts to financials from tech"
2023-03-20,Is The US Stock Market Riskier Than It Used To Be? A Look At Data From 1960s To Present
2023-03-20,"How Do the US Dollar, Gold, S&P 500, and More Trade at the Onset of Recessions?"
2023-03-20,Hedge-Fund Bear Posture Was Key to a Not-So-Wild Ride in Stocks
2023-03-20,Sector Views March 2023: GICS Change Adds Growth to Financials
2023-03-20,2022 In Perspective
2023-03-20,Answering the ancient question: Does gold fight inflation or not?
2023-03-20,Why I'm avoiding term deposits right now and listening to Warren Buffett instead
2023-03-20,Morgan Stanley Strategist Says Bank Stress Signals Bear Market End
2023-03-20,European markets recover on a wild day for bank stocks
2023-03-21,"Stock Market Today: Dow, S&P Live Updates for March 22"
2023-03-21,"US Stock Market News: Dow Jones jumps 383 pts, Nasdaq, S&P 500 follow suit as bank contagion fears ease"
2023-03-21,"S&P 500 Q4 2022 Buybacks Tick up, As 2022 Sets A Record; Proforma Buyback Tax Would Have Reduced Operating ..."
2023-03-21,"Share Market HIGHLIGHTS: Sensex makes a big U-turn to end 591 pts below days high, Nifty sinks below"
2023-03-21,"Stocks close higher Tuesday, S&P 500 adds more than 1% as regional banks pop: Live updates"
2023-03-21,US stocks open higher as regional bank stocks rise
2023-03-21,Cryptoverse: Bitcoin passes the bank stress test
2023-03-21,"Brace for 50% Market Crash, Recession As 'Everything Bubble' Bursts: Grantham"
2023-03-21,"Stock market news today: Stocks rise, regional bank stocks rebound"
2023-03-21,History Suggests These 4 S&P 500 Stocks Are Perfect to Buy and Hold Forever
2023-03-21,Global stocks rise as investor worries about banking turmoil ease
2023-03-21,"S&P 500 Hits 4,000, Bank Stocks Soar, Treasury Yields Rise, As Worries Over Banking Crisis Ease – Traders"
2023-03-21,US companies including Netflix and Boeing join ‘biggest’ business mission to Vietnam
2023-03-21,Tech sector concentration 'unfavourable' following GICS sector changes
2023-03-21,It’s time to buy Dow’s stock as the ‘earnings bottom’ has passed: Deutsche Bank
2023-03-22,Axis Mutual Fund launches Axis S&P 500 ETF Fund of Fund
2023-03-22,Technology stocks like Microsoft and Apple are outperforming the S&P 500 by the widest margin in years
2023-03-22,"Stock Market Today: Dow, S&P Live Updates for March 23"
2023-03-22,"Federal Reserve Hikes Key Rate, Signals It's Almost Done; S&P 500 Slides"
2023-03-22,The S&P 500 Hasn't Been This Dependent on Just 2 Stocks Since 1978
2023-03-22,S&P 500 Could Tank Another 14% As Wyckoff Distribution Pattern Is Unfolding
2023-03-22,Wall St ends sharply lower as Powell warns inflation fight continues
2023-03-22,S&P 500 Sank in the past year as the Fed Raised Rates
2023-03-22,"Powell, Yellen Give Different Messages, Leaving Stock Market Reeling"
2023-03-22,"Stocks slide following Fed’s rate hike, Dow sheds more than 500 points: Live updates"
2023-03-22,US stocks open flat ahead of Fed rate decision
2023-03-22,Bitcoin outperforms 97% of all S&P 500 companies in 2023
2023-03-22,"Investors cautious on U.S. stocks, even though Fed hikes may soon end"
2023-03-22,Apple and Microsoft Weight in S&P 500 Reaches Record High
2023-03-22,Stock Market News Today: Dow Sinks As Powell Deflates Rate-Cut Hopes
2023-03-22,First Republic rescue may hinge on government action
2023-03-22,Stock Market News Today: Stocks Hammered as Powell's Speech Spooks Investors - TipRanks.com
2023-03-22,Trend following the UK stock market - a timing signal update
2023-03-22,Markets Dip as Fed Raises Rates Despite Banking Concerns
2023-03-22,"Here's one for the battered bulls: the second-largest sector in the S&P 500 is stirring to life, says this strategist."
2023-03-22,Fed raises rates by a quarter point: Live updates
2023-03-22,European Dividend Aristocrats: Best European Dividend Stocks
2023-03-22,QQQ ETF outperforms S&P 500 after Fed decision
2023-03-23,NFO Alert: Axis Mutual Fund launches Axis S&P 500 ETF Fund of Fund; all you need to know | Mint
2023-03-23,US Fed rate hike highlights: Stocks mixed after more interest rate hikes | Mint
2023-03-23,"Expect 30% Market Crash, 2008-Style Recession As Bubble Bursts: Pomboy"
2023-03-23,"Stock Market Today: Dow, S&P Live Updates for March 24"
2023-03-23,"Axis Mutual Fund Brings Axis S&P 500 ETF Fund of Fund, NFO Opens Today"
2023-03-23,Wall Street rallies on hopes of Fed policy pause; Block shares slid 14.6%
2023-03-23,The stock market hit a pandemic bottom 3 years ago. Here’s how it has performed since then.
2023-03-23,Wall St ends higher as Yellen vows actions to safeguard deposits
2023-03-23,"Stock Market News for Mar 23, 2023"
2023-03-23,"S&P 500 Sinks After Powell Speech and Yellen Testimony, Will US Dollar Rebound?"
2023-03-23,"Markets Gain, Rebounding From Wednesday's Selloff"
2023-03-23,Stocks Are Turbulent as Wall St. Weighs Fed's Future Moves (Published 2023)
2023-03-23,Tech Futures Rise After Fed Sell-Off; 6 Titans Mask Market Weakness
2023-03-23,3 reasons why I rate the iShares S&P 500 ETF (IVV) as a buy today
2023-03-23,Why Is Public Storage (PSA) Down 2.5% Since Last Earnings Report?
2023-03-23,Stocks close higher Thursday following a volatile trading session: Live updates
2023-03-24,Industry Analysts Predict a 17% Price Increase for the S&P 500 Over the Next 12 Months
2023-03-24,"U.S. stocks end higher, S&P 500 books back-to-back weekly gains despite bank jitters spurred by Deutsche Bank"
2023-03-24,US stock market shrugs off bank woes as investors flock to Big Tech
2023-03-24,Wall St Week Ahead Strength in megacap stocks masks broader U.S. market woes
2023-03-24,US Stock Market Week in Review: Traders Who Don't React Do Better
2023-03-24,How Much Bad News Is Priced Into Stocks?
2023-03-24,Stock market today: Stocks close higher to cap off bumpy trading week
2023-03-24,Gold Forecast – The Bull Market is Just Getting Started
2023-03-24,"This Day In Market History, March 24: S&P 500 Hits Dot-Com Bubble Peak - SPDR S&P 500 (ARCA:SPY)"
2023-03-24,5 Penny Stocks to Buy for 5X Returns
2023-03-24,Help safeguard your retirement with this key Warren Buffett investment strategy
2023-03-24,Top 50 Consumer Staples Stocks
2023-03-24,Wall Street ends volatile week higher as Fed officials ease bank fears
2023-03-27,"Stock Market Today: Dow, S&P Live Updates for March 28"
2023-03-27,S&P 500 ends up slightly; SVB deal lifts bank shares
2023-03-27,11 stocks in the S&P 500 expected to form an exclusive growth club for investors
2023-03-27,"A break above $2,100 would give gold a fresh upside target of $2,500-2,550: Laurence Balanco"
2023-03-27,"Dow closes nearly 200 points higher, S&P 500 notches third straight advance as bank shares jump: Live updates"
2023-03-27,5 Charts to Understand the Fed's Liquidity Injection and Its Effect on Markets
2023-03-27,"Economic Outlook U.S. Q2 2023: Still Resilient, Downside Risks Rise"
2023-03-27,Carnival Guidance Sinks Shares
2023-03-27,5 Charts to Understand the Fed's Liquidity Injection and Its Effect on Markets
2023-03-27,Charts: Three key readings to track financial market stress
2023-03-27,Tech Stocks Overvalued After Rally Sparked by Banking Crisis: Barclays
2023-03-27,Savers And Investors Are Flocking To Money Market Funds. Here Are The Pros And Cons
2023-03-27,3 ETFs That Will Reduce Your Banking Sector Exposure
2023-03-28,Mutual funds resume fresh investment in international funds – Check last date to invest
2023-03-28,"Stock Market Today: Dow, S&P Live Updates for March 29"
2023-03-28,"Stocks close lower, Nasdaq drops a second day as higher yields press tech names: Live updates"
2023-03-28,Wall Street ends down with tech; investors assess bank comments
2023-03-28,Why the Stock Market Makes You Feel Bad All the Time
2023-03-28,Analysts Agree Now's The Time To Buy These 10 Promising Stocks
2023-03-28,History Says to Buy the Fed Pause. Should You?
2023-03-28,Markets Drop on Renewed Concerns About Rate Hikes
2023-03-28,Should iShares Core S&P 500 ETF (IVV) Be on Your Investing Radar?
2023-03-28,"Stock Market News for Mar 28, 2023"
2023-03-28,Investing in Champagne: 8 Expensive Bottles Worth Splurging On
2023-03-29,Ed Yardeni says the S&P 500 can rally by double digits to end the year at 4600
2023-03-29,"S&P 500 logs highest close in 3 weeks, powered by tech stocks and calm in banking sector"
2023-03-29,"US stock market today: Dow Jones jumps over 100 pts, S&P 500, Nasdaq fail to keep up amid volatile day..."
2023-03-29,"Stock Market Today: Dow, S&P Live Updates for March 30"
2023-03-29,"Stocks close higher on Wednesday as tech names lead a turnaround, Dow adds 300 points: Live updates"
2023-03-29,"Cash Is a 'Compelling Alternative' to Stocks, Bank of America Says"
2023-03-29,MSCI: What Does It Stand For and Its Importance
2023-03-29,This stock ETF keeps beating the S&P 500 by selecting for quality
2023-03-29,Wall Street jumps with rosy outlooks from companies
2023-03-29,Markets Rise as Banking Concerns Ease
2023-03-29,This S&P 500 Stock Is a Blue Chip Bargain
2023-03-29,US equities rise as 'fear trades' fade in broad-based rally
2023-03-29,"With the Stock Market Up 3% in 2023, Is It Safe to Invest Right Now?"
2023-03-29,"Stock Market News for Mar 29, 2023"
2023-03-29,Bank Crisis Credit Crunch Will Clip Earnings and Slam Stocks
2023-03-29,The makeup of the S&P 500 is constantly changing
2023-03-29,"Nasdaq 100 Enters Bull Market as Bank Jitters Ease, Tech Rallies"
2023-03-30,"US Stock Market HIGHLIGHTS: Dow Jones jumps over 300 pts, US tech stocks-heavy Nasdaq crosses 11,900"
2023-03-30,Wall St gains with tech shares; regional banks fall
2023-03-30,Capital Is Expensive Again. Now What?
2023-03-30,7 Stocks to Kick Out of the S&P 500
2023-03-30,"The S&P 500 Can Rally 14% by the End of 2023, Ed Yardeni Says"
2023-03-30,"Stocks close higher a second-straight day, Dow jumps more than 100 points: Live updates"
2023-03-30,"US stock market today: Dow Jones, S&P 500 hold on to the green; Nasdaq boosted by Intel, Microsoft, App..."
2023-03-30,Wild stock market reversals put dip-buyers on pace for historic year
2023-03-30,"Stock Market Today: Dow, S&P Live Updates for March 31"
2023-03-30,Five Things You Need to Know to Start Your Day
2023-03-30,"Goldman’s Rubner Sees Stocks Gaining in April After Bank Collapses, Crisis"
2023-03-30,Anticipating S&P 500 Movements with QDA in R | by Joe Godot
2023-03-30,Big Tech stocks retake the lead
2023-03-30,‘Companies are holding out’: Global IPO market slump endures
2023-03-30,Billionaire Bill Ackman's Hedge Fund Just Saw Winning Streak Slow Down
2023-03-30,"Stock futures rise, bond yields muted: Stock market today"
2023-03-30,Bank of America's model with a good track record predicts S&P 500's annual return for the next decade
2023-03-30,Explainer: How a massive options trade by a JP Morgan fund can move markets
2023-03-31,How the S&P 500 is Dominated By Apple and Microsoft
2023-03-31,Bearish Sentiment on Stocks Is Best Thing Rally Has Going for It
2023-03-31,Personal Finance: All Is Not Well Under the Stock Market's Hood
2023-03-31,Indexes jump on inflation data; Nasdaq posts best quarter since 2020
2023-03-31,Banking Turmoil Not Over As Only 8 Stocks Fueled S&P 500 Gain: Bianco
2023-03-31,"Stocks close higher Friday, Nasdaq notches best quarter since 2020: Live updates"
2023-03-31,Fed's Key Inflation Rate Cooled In February; S&P 500 Rises
2023-03-31,3M (MMM) Is Worst-Performing Stock in Dow Industrial Average in First Quarter
2023-03-31,Markets End Winning Quarter With Gains
2023-03-31,"The New Bull Market in Stocks Has Begun, Fundstrat Says"
2023-03-31,This week's top S&P 500 stocks include First Republic and this casino owner
2023-03-31,"Nvidia (NVDA), Meta Stocks Lead Nasdaq 100’s Gains in First Quarter"
2023-03-31,Larger Cuts Than Average to EPS Estimates for S&P 500 Companies for Q1
2023-03-31,Generac’s stock among S&P 500’s biggest losers after BofA turns bearish
2023-03-31,April is usually the best month for the Dow. Here's how much it typically goes up and why
2023-03-31,March Sadness: Banks Lost More Than $300 Billion In Market Cap This Month
2023-03-31,First quarter 2023 best and worst stocks Investing Club
2023-03-31,5 Best And Worst Performing Country ETFs For Q1 2023: A Defaulting Country's Stock Market Beats S&P 500
2023-03-31,Big 6 Canadian Banks Make TSX a March Loser While US Indexes Jump
2023-03-31,"Stocks bounced back in the first quarter, but it’s too early to celebrate"
2023-03-31,Stocks surge to cap first-quarter rally: Stock market news today
2023-03-31,Should Invesco S&P 500 Top 50 ETF (XLG) Be on Your Investing Radar?
2023-03-31,The Stock Market Likely Hit Bottom in October. Here's Why.
2023-03-31,S&P 500: The best and worst performers so far in 2023
2023-03-31,"S&P 500: Three Stocks Turn $10,000 To $25,265 In Just 3 Months"
2023-03-31,"Historically, April Is Kind to the S&P 500. How Will 2023 Fare?"
2023-04-03,"Stock Market Today: Dow, S&P Live Updates for April 4"
2023-04-03,Markets Open Q2 Mixed as Oil Prices Soar
2023-04-03,S&P 500 and Nasdaq 100 Price Setup as Major Oil Producers Cut Output
2023-04-03,U.S. Stock Market's Rally May Fizzle Out This Week
2023-04-03,The Stock Market Will See Strongest Gains of the Year in April: Fundstrat
2023-04-03,S&P 500 ends higher as oil stocks rally; Tesla tumbles
2023-04-03,What the Technicals Say for the S&P 500 and Nasdaq in the Second Quarter
2023-04-03,Intel (INTC) Outpaces Stock Market Gains: What You Should Know
2023-04-03,"Energy ETFs jump after OPEC+’s unexpected oil-production cut, soaring past S&P 500 in Monday trade"
2023-04-03,JPMorgan’s Kolanovic Warns Stocks in ‘Calm Before the Storm’
2023-04-03,Will the S&P 500 Keep Rising After a Positive Q1? Here's What History Shows.
2023-04-03,Oil prices surge after OPEC+ producers announce surprise cuts
2023-04-03,"March, First Quarter 2023 Review and Outlook"
2023-04-03,S&P 500 ends higher as oil stocks rally; Tesla tumbles
2023-04-03,"BlackRock, United Join Growing Club Citing Greenwashing Risks (1)"
2023-04-03,10 Stocks Consistently Shower Investors With Big Gains In April
2023-04-03,International Wide Moat Stocks Ready to Shine
2023-04-03,"US STOCKS-S&P 500, Nasdaq fall as inflation worries resurface; Tesla slides"
2023-04-03,EY banned from auditing public interest companies in Germany over Wirecard
2023-04-03,Energy Companies Are Rewarding Shareholders With Share Buybacks
2023-04-03,Should SPDR Portfolio S&P 500 ETF (SPLG) Be on Your Investing Radar?
2023-04-03,"Monthly Market Insights: Diversify Everything, Everywhere (All at Once)"
2023-04-03,The “Super Golden Cross” Stock Indicator Is Infallible
2023-04-03,S&P 500 companies likely at beginning stages of layoffs: Bill Pulte
2023-04-03,Stocks notch second straight quarterly gain in Q1
2023-04-03,"Sentiment Toward Stocks Hasn't Been This Bad in Years, Bank of America Says"
2023-04-03,U.S. stocks have barely budged since last summer. Where will they go next?
2023-04-03,Pay Versus Performance Disclosure – Findings from the Early S&P 500 Filers
2023-04-03,"Stock Market News for Apr 3, 2023"
2023-04-04,"Stock Market Today: Dow, S&P Live Updates for April 5"
2023-04-04,"Stocks sink, yields tumble, oil prices steady: Stock market news today"
2023-04-04,S&P 500 rose 3.5% in March despite multiple regional bank failures
2023-04-04,Wall Street ends down as weak economic data fuels recession fears
2023-04-04,Analysts Predict A Blow-Out First-Quarter Profit From 11 Stocks
2023-04-04,S&P 500 Rises on Weak Internals: Will the Rally Last?
2023-04-04,"Dow Jones, S&P 500 Outlook: Retail Traders Boost Downside Exposure on Wall Street"
2023-04-04,"Stocks close lower Tuesday, Dow and S&P 500 snap four-day win streaks as economic worries loom: Live updates"
2023-04-04,Next Bull Market Signal: BofA Says Exactly When Traders Should Buy Stocks
2023-04-04,"Dow closes 300 points higher to begin April’s trading, S&P 500 notches fourth day of gains: Live updates"
2023-04-04,Wall Street drops as weak economic data fuels recession fears
2023-04-04,"Stocks (S&P 500) to Fall, Cash to Get Boost From Credit Crunch, Recession Risk"
2023-04-04,"JPMorgan's top stock strategist says market gains make little sense, S&P 500 to retest lows"
2023-04-04,Are S&P 600 & Russell 2000 Small Caps Due for a Rebound?
2023-04-04,3 Signs A Recession Is Coming: Just 1 Is Left Before Bank Of America Sounds The Alarm
2023-04-04,How to use the CAPE ratio to evaluate long term stock performance
2023-04-04,An Infallible “Super Golden Cross” Signal Just Flashed
2023-04-04,Britain’s pound is beating every other major currency this year
2023-04-04,"Stock Market News for Apr 4, 2023"
2023-04-04,REIT stocks underperform broader market in Q1
2023-04-04,JPMorgan’s Jamie Dimon warns banking crisis will be felt for ‘years to come’
2023-04-04,Survey: Pros Foresee Stocks Rallying 8% Over The Coming Year
2023-04-04,QQQ Stocks Drove S&P 500 Q1 Gains
2023-04-05,14 dividend stocks yielding 4% or more that are expected to keep raising payouts
2023-04-05,"Stock Market Today: Dow, S&P Live Updates for April 6"
2023-04-05,Top 10 Names in S&P 500 Responsible for 90% of Q1 Gains
2023-04-05,"Nasdaq 100, Dow Jones, S&P 500: Weaker-Than-Expected Private Payrolls Data Raises Recession Concerns"
2023-04-05,S&P 500 ends lower as recession fears take center stage
2023-04-05,Stock Market Cassandras and Pollyannas Are Stuck in Limbo
2023-04-05,What return can I expect from a 10-year SIP in the Nasdaq 100?
2023-04-05,Could This Alternative S&P 500 Index ETF Make You More Money Than the Most Popular ETFs?
2023-04-05,"S&P, Nasdaq fall as recession worries mount on weak economic data"
2023-04-05,NFP preview: S&P 500 and Nasdaq 100 retreat as job openings drop in February
2023-04-05,A Giant Shoe Is About To Drop On You From The Banking Crisis
2023-04-05,50% Retracement Level Remerging for the S&P 500
2023-04-05,S&P 500 index | MoneyWeek
2023-04-05,S&P 500 analysis: Bank stocks face tough test this earnings season
2023-04-05,Here Are the S&P 500's Best and Worst Performing Stocks in Q1
2023-04-05,S&P 500 Stalls at Trendline Resistance as Sentiment Sours. Where Next for Stocks?
2023-04-05,"Stock Market News for Apr 5, 2023"
2023-04-05,Stay Defensive. Bull Markets Don’t Start with the S&P 500 Trading at 18x Earnings
2023-04-05,The Best Performing Energy Stocks Of Q1 2023
2023-04-05,Jeremy Grantham: 'The best we can hope for is that we bottom at 3000'
2023-04-05,CEO pay gap between U.S. and U.K. widening
2023-04-05,These are the only stocks that matter right now
2023-04-05,"Ram electric pickup truck can go 500 miles on a charge, says Stellantis"
2023-04-05,2 Stocks That Outperformed the S&P During the Great Recession (and 2 That Bombed)
2023-04-05,The ETF Themes That Did & Didn't Work In Q1
2023-04-06,Stock market pushes back as investors look for a confidence boost
2023-04-06,Bill Miller Jumps Into ETFs With a Pair of Active Funds
2023-04-06,Premier Miton US manager: The S&P 500 is going nowhere for the next decade
2023-04-06,US stock market: S&P 500 ends lower as recession fears take center stage
2023-04-06,Wall Street ends higher as investors eye upcoming jobs data
2023-04-06,"Stock Market Today: Dow, S&P Live Updates for April 7"
2023-04-06,Highest Number of S&P 500 Companies Issuing Negative EPS Guidance Since Q3 2019
2023-04-06,Bitcoin's Tight Correlation With Nasdaq-SPX Ratio Muddies Safe-Haven Narrative
2023-04-06,Wall Street slips following latest signs of slowing economy
2023-04-06,A complacent Wall Street may be overestimating S&P 500 earnings: Morning Brief
2023-04-06,"S&P 500 ends Thursday higher, but suffers its first down week in four: Live updates"
2023-04-06,Nasdaq jumps as stocks wrap up week ahead of key jobs report: Stock market news today
2023-04-06,"Stock Market News for Apr 6, 2023"
2023-04-06,Investor Bill Miller takes on S&P 500 with new ETF
2023-04-06,Is the US economy ‘unwell?’ We’re about to find out
2023-04-06,Pick Either UPS Stock Or Its Industry Peer – Both May Offer Similar Returns
2023-04-06,'Stuck in the Middle with You': Stock Market and Sentiment Results | investing.com
2023-04-06,"These 10 Most Undervalued Stocks Are Unstoppable, Morningstar Says"
2023-04-06,"Investor Bill Miller aims to top the S&P 500 consistently once again, but this time with new ETFs"
2023-04-10,3 S&P 500 sectors say new bull market is near. These 8 stocks are top picks.
2023-04-10,Markets Mixed With Inflation Data and Earnings Ahead
2023-04-10,"Hedge Funds Boost Bearish Bets on Stocks, With S&P Shorts at Decade High"
2023-04-10,"Wall Street ends mixed with inflation data, earnings on tap"
2023-04-10,Rare Bullish Stock Market Indicator Flashes for First Time Since 2019
2023-04-10,These 7 Tech Stocks Command Almost 90% Of The S&P 500's Gains—Signaling Market Rally May Not Be So Healthy
2023-04-10,"S&P 500 Futures, US Treasury bond yields drop on China news, US inflation, Fed Minutes in focus"
2023-04-10,S&P 500 ends Monday slightly higher as investors anticipate key inflation data: Live updates
2023-04-10,Stock Market News Today: S&P 500 Falls After Jobs Report
2023-04-10,10 Best Energy Stocks In The S&P 500: December 2023
2023-04-10,S&P 500 companies' earnings could drop as much as 7%: report
2023-04-10,The earnings recession is about to begin
2023-04-10,Why a closer look at stock-market performance reveals a 'very muddled picture'
2023-04-10,Companies Are Dropping Like Flies (And 10 Are Most At Risk Now)
2023-04-10,"Stock Market News for Apr 10, 2023"
2023-04-10,Should Vanguard S&P 500 ETF (VOO) Be on Your Investing Radar?
2023-04-10,Just 20 stocks on the S&P 500 are responsible for nearly all its gains this year as Big Tech leads rally
2023-04-10,Post-Easter SPY Market Action: Analyzing S&P 500 ETF's Historical Performance After The Holiday Break - S
2023-04-10,Confessions of an Indexed Annuity Purist
2023-04-10,"Stock Market Today: Dow, S&P Live Updates for April 11, 2023"
2023-04-11,"Stock Market Today: Dow, S&P Live Updates for April 12"
2023-04-11,S&P 500 inches higher ahead of inflation data
2023-04-11,"Dow scores 4-day win streak, but S&P 500 ends flat ahead of inflation data, bank earnings"
2023-04-11,Ahead of Market: 10 things that will decide D-Street action on Wednesday
2023-04-11,Wells Fargo's Harvey Warns S&P 500 Is Set for a 10% Correction
2023-04-11,Wall St ends mixed as inflation data comes into focus
2023-04-11,"If CPI Tops 6% in March, S&P Could Drop 2%, Goldman Says"
2023-04-11,VTI vs VOO: Which Low-Cost U.S. Equity ETF is Better?
2023-04-11,Hot Take: Procter & Gamble Could Underperform the S&P 500. Here's Why.
2023-04-11,Silver vs. Stocks: Comparing Performance During Recessions
2023-04-11,What getting older has taught me about P/E ratios
2023-04-11,Best Pre-Earnings Stock Rally Since 2009 Sets High Bar for Firms
2023-04-11,Surging Tech Stocks Are About to Run Into an Earnings Season Buzzsaw
2023-04-11,"Dow Up, Nasdaq Down as Markets Trade in Tight Range"
2023-04-11,"Nasdaq 100, Dow Jones, S&P 500: Cyclical Stocks Outperform Tech as Investors Await Key Inflation Data"
2023-04-12,"Stocks fall as fear of recession weighs on investors, Dow snaps four-day win streak: Live updates"
2023-04-12,You'd Have This Much If You Invested Just $1 A Day For 20 Years
2023-04-12,"Nasdaq 100, Dow Jones, S&P 500: Higher on Positive Inflation Report, Triton Acquisition Deal"
2023-04-12,"Stock Market Today: Dow, S&P Live Updates for April 13"
2023-04-12,"CPI Inflation Rate Cools, Lifting S&P 500 Futures; The Fed Would Be Crazy To Hike"
2023-04-12,"US stock market news: Dow jumps nearly 100-points, Nasdaq down almost 0.5%"
2023-04-12,Should SPDR S&P 500 ETF (SPY) Be on Your Investing Radar?
2023-04-12,Global X Monthly Covered Call Commentary – Global X ETFs
2023-04-12,Warren Buffett gives reason for surprise sale of stake in Taiwan’s TSMC
2023-04-12,Yield Curve Inversion: A Bad Sign for Stocks
2023-04-12,The 9 Best Inflation-Proof Investments for Your Portfolio
2023-04-13,Should I invest in the FTSE 100 or the S&P 500?
2023-04-13,Recession Fears Hit Market; Buffett's Concerns Slam These Stocks
2023-04-13,This investor can spot market bubbles. Now he’s warning of an ‘ominous’ bust
2023-04-13,"Stocks close higher Thursday, S&P 500 notches highest close since February: Live updates"
2023-04-13,"Stock Market Today: Dow, S&P Live Updates for April 14"
2023-04-13,Wall St rallies to higher close as inflation data feeds Fed pause hopes
2023-04-13,"S&P 500, Dow book highest close in 2 months on more signs of cooling inflation and ahead of bank earnings"
2023-04-13,Morgan Stanley's US Stock Chief Sees Over 20% Downside for the S&P 500
2023-04-13,"S&P 500 Earnings Could Go From Bad to Even Worse in 2023, BofA Says"
2023-04-13,Why Mike Wilson Is Sticking With Bearish S&P 500 Year-End Target
2023-04-13,"Stocks mixed, tech slumps as all eyes turn to inflation data: Stock market news today"
2023-04-13,"Hedge funds bought financial stocks amid banking turmoil, says S&P"
2023-04-13,Investors Race To Own 12 Soaring High 'Quality' Stocks
2023-04-13,Should you park your portfolio in cash and wait out 2023? Experts debate the pros and cons
2023-04-13,Q1 2023 Equity Insights
2023-04-13,Should you park your portfolio in cash? The pros and cons
2023-04-13,Maximizing Alpha in Stressful Environments
2023-04-14,"US stock market news: Dow Jones, S&P 500, Nasdaq rise up to 2% as inflation data feeds Fed pause hopes"
2023-04-14,Stocks Just Flashed Another Signal That a New Bull Market Has Begun
2023-04-14,Markets Fall Following Drop in Retail Sales
2023-04-14,The Case for a 22% Drop in the S&P 500
2023-04-14,"Grantham Expects S&P 500 to Tank 27%, Recession, More Financial Chaos"
2023-04-14,"Most Funds Couldn’t Beat the Stock Market in 2022, Despite Advantages"
2023-04-14,Investors need to watch these crucial S&P 500 and Nasdaq levels: strategist
2023-04-14,"S&P 500 Earnings Season Update: April 14, 2023"
2023-04-14,Nasdaq 100 and S&P 500 to Retest August Highs – A Question of When Not If?
2023-04-14,S&P 500 still tracking for positive week despite Friday slump – listen to the 'Homestretch'
2023-04-14,"Inflation Eases, S&P 500 Cools As Banks Kick Off Q1 Earnings Season - SPDR S&P 500 (ARCA:SPY)"
2023-04-14,Why European stocks are crushing US peers
2023-04-14,"Bank Stress, Inflation and Rising Recession Odds Fail to Sway Stocks"
2023-04-14,What Is The VIX Volatility Index? – Forbes Advisor Australia
2023-04-14,Why These Simple S&P 500 ETFs Can Outperform This 12.4%-Yielding ETF - TipRanks.com
2023-04-14,Live updates: Markets digest bank earnings after recent turmoil
2023-04-14,How TFSA and RRSP Investors Can Turn $20000 Into $330000 in 30 Years
2023-04-14,The cheapest index fund on the ASX revealed
2023-04-14,Wall Street's top strategist warns U.S. stocks are set to drop by more than 20%
2023-04-14,"Wall St dips to lower close as rate hike bets firm, banks jump"
2023-04-17,"Animated Chart: The S&P 500 in 2023 So Far, by Stock"
2023-04-17,"Stock Market Keeps Going Up, But Skeptics Hold Tight to the Bear Case"
2023-04-17,Sell Stocks Now As S&P 500 Faces a 22% Slide: FS Investments Strategist
2023-04-17,S&P 500 Will Likely Report a Decline in Earnings for 2nd Consecutive Quarter in Q1 2023
2023-04-17,Indian Women CEOs React As Female-led Companies In The S&P 500 List Have Outperformed Male-led Ones
2023-04-17,S&P 500 closes higher Monday to kick off a busy earnings week: Live updates
2023-04-17,"Stock Market Today: Dow, S&P Live Updates for April 18"
2023-04-17,"Wall St ends higher; investors await earnings, Fed cues"
2023-04-17,Just 5 Stocks Drive Two-Thirds Of S&P 500's $2.5 Trillion Gain
2023-04-17,Markets Gain to Start Busy Week of Earnings
2023-04-17,What Macro Challenges? S&P 500 Firms Trounce First Quarter Estimates
2023-04-17,Morgan Stanley’s Wilson Sees Stock Rally at Risk of Yields Rise
2023-04-17,U.S. stocks end slightly higher with earnings season set to pick up steam
2023-04-17,Could the stock market power through a recession? 'This would be rare.'
2023-04-17,1 Warren Buffett Index Fund Could Turn $100 Per Week into $1 Million
2023-04-17,"Earnings Season Is Off to Best Start in a Decade, Bank of America Says"
2023-04-17,How Equity Market Sectors are Evolving - OpenMarkets
2023-04-17,European small-caps – time to shine - Equities
2023-04-17,Security Benefit Enhances its Foundations Annuity With New Indices for Greater Diversification
2023-04-17,Apple & Microsoft May Have Made Portfolio Diversification Impossible. Here's How
2023-04-17,Russell 2000 Index Weakens As Bank Components Take It Down
2023-04-17,"Markets Week Ahead: S&P 500, Gold, US Dollar, Global Inflation Data, US Earnings Season"
2023-04-18,"Nasdaq 100, Dow Jones, S&P 500: Investors Eyeing Earnings Reports from Bank of America, Goldman Sachs"
2023-04-18,How the Top Names and Concentration in the S&P 500 Evolved Over 20 Years
2023-04-18,Selling Put Options Paying Out Big With S&P 500 Walking Highwire
2023-04-18,Why Snap is suddenly eligible to join the S&P 500
2023-04-18,The Rebirth of Software as a Service
2023-04-18,"Stock Market Today: Dow, S&P Live Updates for April 19"
2023-04-18,S&P 500 ends Tuesday little changed as earnings season picks up steam: Live updates
2023-04-18,Banking crisis scars struggling U.S. real estate stocks
2023-04-18,"S&P 500 ekes out gain as tech supports, J&J, Goldman disappoint"
2023-04-18,'Monster' of a Stock: The S&P 500's 25-Year Winner
2023-04-18,"S&P 500, Nasdaq open higher as investors digest more bank earnings"
2023-04-18,The odds are stacked against stock pickers
2023-04-18,"US STOCKS-S&P 500 flat as Goldman earnings disappoint, tech supports"
2023-04-18,Markets Little Changed Following Bank Earnings
2023-04-18,"Up 8.2% In 2023, Is It Safe to Invest In the S&P 500 Right Now?"
2023-04-18,"Stock market today: S&P 500 posts slight gain, Dow flat"
2023-04-18,BofA Finds Traders Are Buying Most Bonds Over Stocks Since 2009
2023-04-18,"US Stocks Look Unlikely to Retest Bear-Market Lows, Ed Yardeni Says"
2023-04-18,Buy Stocks. Do Nothing. Profit.
2023-04-18,"Dow Jones Falls; Tesla Chief Musk Founds New AI Company, Offers 100 Million Shares In Private Sale"
2023-04-18,12 Best ETFs To Buy Now: December 2023
2023-04-18,Short interest in consumer staples stocks falls in March as recession fears rise
2023-04-18,These stocks could get a pop if they go in to S&P 500 index following rule change
2023-04-19,"US stock market news: Dow Jones, Nasdaq end in red; S&P 500 ekes out gain as tech supports"
2023-04-19,"S&P 500 ends Wednesday flat as investors digest major earnings from the likes of Netflix, Morgan Stanley: Live updates"
2023-04-19,How to Trade 0DTE Options
2023-04-19,Elliott Wave view: S&P 500 ETF (SPY) should stay supported to higher [Video]
2023-04-19,"Stock Market Today: Dow, S&P Live Updates for April 20"
2023-04-19,"Stocks muted as investors weigh earnings, Beige Book: Stock market news today"
2023-04-19,"S&P 500, Nasdaq end flat as investors weigh Beige Book, mixed earnings from Morgan Stanley, Netflix"
2023-04-19,Forget AAPL MSFT. This stock is the 'real' leader in S&P 500: Analyst
2023-04-19,Boom of Intangible Assets Felt Across Industries and Economy
2023-04-19,Japanese Stocks Less Linked to US Peers as Investors Seek Value
2023-04-19,US Stock Bulls Ignore 100 Years of Recessions at Their Peril
2023-04-19,"Dow dips, S&P 500 stable after medtech gains, Netflix drag"
2023-04-19,Bank of America’s take on selling S&P 500 stocks this summer
2023-04-19,THE FUTURE IS FEMALE! Harsh Goenka shares INTERESTING 'Are Women Better' S&P 500 Companies data
2023-04-19,10 CEOs Get Huge Raises After Losing Investors A Fortune
2023-04-19,Stocks are approaching their 2023 highs
2023-04-19,Giving diversity a true seat at the boardroom table
2023-04-19,"Stock Market News for Apr 19, 2023"
2023-04-19,"4,200 = New Bull Market?"
2023-04-19,Want to Make Money in the Stock Market? Try Doing Nothing
2023-04-19,Is a 20% Drop in the S&P 500 Coming? 1 ETF to Play It
2023-04-19,"Got $100 per Month? How the Stock Market Could Turn It Into $197,000"
2023-04-19,Plug Power (PLUG) Dips More Than Broader Markets: What You Should Know
2023-04-19,What investors are getting wrong about Big Tech
2023-04-19,"SPY: 4,200 = New Bull Market?"
2023-04-19,Long-term investing: S&P 500 decline now in top 10 over last century
2023-04-19,Giving diversity a true seat at the boardroom table
2023-04-20,Only 30% equity schemes managed to beat their benchmarks in five- year horizon
2023-04-20,Hedge Funds Fall Short: Underperforming Low-Cost S&P 500 ETF By 6% In 2023. Here's Why.
2023-04-20,Markets Fall on Earnings and Profit Worries
2023-04-20,"Stock Market Today: Dow, S&P Live Updates for April 21"
2023-04-20,Wall St slides after gloomy earnings led by Tesla
2023-04-20,Moat ETFs Are Beating S&P 500: Here's Why
2023-04-20,"Stocks edge lower, Tesla plummets over 9%: Stock market news today"
2023-04-20,"Stock Market News for Apr 20, 2023"
2023-04-20,Investing For Kids: Give The Gift Of Stock
2023-04-20,"Nasdaq 100, Dow Jones, S&P 500: Tesla’s Underutilized Factories Hit Margins; Stock Down 4% After Earnings"
2023-05-01,"Markets Week Ahead: Fed, ECB, RBA, S&P 500, Gold, US Dollar"
2023-05-01,"US STOCKS-S&P, Dow edge higher as JPMorgan gains; Fed meet in focus"
2023-05-01,Dow closes slightly lower following JPMorgan’s takeover of fallen First Republic: Live updates
2023-05-01,"Stock Market Today: Dow, S&P Live Updates for May 2, 2023"
2023-05-01,Propping Up The Entire Market: Apple And Microsoft Hit Record High Weighting In S&P 500 Index
2023-05-01,"Nasdaq 100, Dow Jones, S&P 500: JPMorgan’s Acquisition of First Republic Bank Boosts Market Confidence"
2023-05-01,"Warren Buffett Can Beat S&P 500, Help Fight Off Recession Fears, Investors Say"
2023-05-01,Amazon is Largest Contributor to Expected Earnings Growth for the S&P 500 for 2023
2023-05-01,Stock Market News: S&P 500 Falls After First Republic Bank Shuts Down
2023-05-01,S&P criticised by pension funds over dual-class shares decision
2023-05-01,"S&P 500: 4 Stocks Turn $10,000 Into $30,571 In Four Months"
2023-05-01,Charted: Commodities vs Equity Valuations (1970–2023)
2023-05-01,Markets Open the Month With Small Losses
2023-05-01,Q2 2023 ESG Update
2023-05-01,What Is the S&P 500?
2023-05-01,"Wall Street near flat after First Republic news, awaiting Fed"
2023-05-01,Investors push back on S&P Global decision allowing dual-class shares
2023-05-01,Amazon Leads 5 S&P 500 Stocks Near Buy Points After Earnings
2023-05-01,Taser maker Axon to take First Republic Bank's spot in the S&P 500
2023-05-01,Warren Buffett's Berkshire Will Beat the S&P 500 in Next 5 Years: Survey
2023-05-01,Corporate America Focuses on Cost Cuts and Layoffs — Not Growth
2023-05-02,"Stock Market Today: Dow, S&P Live Updates for May 3"
2023-05-02,"US stock market news: Dow Jones, S&P 500 and Nasdaq flat ahead of US Fed meeting"
2023-05-02,"Indexes fall 1% as regional banks tumble, investors fret before Fed"
2023-05-02,S&P 500 rises 1.5% in April as financial sector stocks regain some ground
2023-05-02,Insight Weekly: Utilities face headwinds; S&P 500 dividend hikes likely; dollar poised for rally
2023-05-02,"US stock market: Dow Jones, Nasdaq slip after First Republic Bank takeover"
2023-05-02,Dow Plunges 500 Points As More Bank Stocks Crash
2023-05-02,"Why the stock market can't break through the 4,200 ceiling on the S&P 500"
2023-05-02,Dow slides over 470 points as bank shares nosedive
2023-05-02,History Shows Equities May Still Perform Well Ahead of a Recession
2023-05-02,Short sellers increase bets against tech stocks in mid-April
2023-05-02,"Stock Market Rally in Sight If Fed Hikes Then Pauses, JPMorgan Says"
2023-05-02,How to turn small amounts of money now into huge sums later -- and why you should move beyond the S&P 500
2023-05-02,"Stocks sink as bank shares plunge, Fed meeting gets underway: Stock market news today"
2023-05-02,This Is Why The S&P 500 Could Have A Strong Summer Rally
2023-05-02,13 Stocks Pay You Very Well To Stay Invested In May
2023-05-03,"Federal Reserve May Be Done Hiking, But Powell Leaves Doubt; S&P 500 Falls"
2023-05-03,US stocks open higher ahead of Fed decision
2023-05-03,"Nasdaq 100, Dow Jones, S&P 500: Stock Futures Dip after Earnings Reports from Ford, Starbucks, and AMD"
2023-05-03,Dow closes more than 250 points lower Wednesday after Fed hikes rates for a 10th time: Live updates
2023-05-03,"Stock Market Today: Dow, S&P Live Updates for May 4"
2023-05-03,Wall Street ends down on nagging uncertainty about Fed rate path
2023-05-03,"US markets jump marginally, European market closes slightly higher ahead of Feds policy decision"
2023-05-03,FOMC meet throws up correlation in Indian and US markets in times of rate hikes
2023-05-03,"Outlook on the S&P 500, Nasdaq 100, FTSE 100 and DAX 40 amid aggressive monetary tightening, recessionary fears ..."
2023-05-03,'S&P 500 to hit 3500': J.P. Morgan warns of 15% drop by summer — here are 2 stocks to help protect you from the pain
2023-05-03,Understanding the S&P 500 Rebalance
2023-05-03,S&P 500 could break out to new highs if tech cooperates: JC Parets
2023-05-03,Is 'greedflation' on its way out?
2023-05-03,Capital Spending Is Slowing Down
2023-05-03,‘ChatGPT is the new crypto’: Meta warns hackers are exploiting interest in the AI chatbot
2023-05-03,A risky lopsided US stock market performance
2023-05-04,"The S&P 500, Dow and Nasdaq Since Their 2000 Highs: May 2023"
2023-05-04,"Dow, S&P 500 suffer 4-day losing streak on fears of banking contagion after Fed rate decision"
2023-05-04,"Nasdaq 100, Dow Jones, S&P 500: Stocks Rise Slightly Ahead of Federal Reserve’s Policy Announcement"
2023-05-04,"Stock Market Today: Dow, S&P Live Updates for May 5"
2023-05-04,"Stocks close lower for a fourth day on renewed bank worries, Dow goes negative for 2023: Live updates"
2023-05-04,"Dow Jones, S&P 500, Nasdaq 100 Sink after Fed, Powell, PacWest Woes Crush Sentiment"
2023-05-04,"Without Amazon, This Is What S&P 500 Earnings Would Look Like"
2023-05-04,"Dow, S&P 500 book 4-day losing streak as banking shares drag down stocks"
2023-05-04,The S&P 500 futures reveal
2023-05-04,Markets Drop on Renewed Bank Worries
2023-05-04,Fed's hiking pause may not signal all-clear for US stocks
2023-05-04,"Listening to Earnings, But Hearing Implied Growth – Global X ETFs"
2023-05-04,CII Opposes Admitting Dual-Class Stock to S&P Indexes | Chief Investment Officer
2023-05-05,"US stock market: S&P 500, Dow end down as PacWest fuels fears of deeper bank crisis"
2023-05-05,"Dow has best day since Jan. 6 after Apple rally, jobs data"
2023-05-05,"S&P 500 Earnings Season Update: May 5, 2023"
2023-05-05,Warren Buffett's Berkshire Hathaway has been a fortress stock during recessions and bear markets. Here's how
2023-05-05,"Stock Market News Today: S&P 500 Aided by Apple, Big Jobs Gain"
2023-05-05,"The S&P 500 will not break above its range soon, says Goldman Sachs. Here are 6 reasons."
2023-05-05,"Dow ends up more than 500 points, U.S. stocks snap 4-day losing streak after jobs report, Apple earnings"
2023-05-05,Dow Jumps 500 Points As Apple Surges And Bank Stocks Rally—But Risk Of Market Accident Lingers
2023-05-05,Concentration in the Stock Market
2023-05-05,Dow jumps 500 points to break four-day losing streak as regional banks and Apple shares surge: Live updates
2023-05-05,"Strong Hiring, Drop In Unemployment Tests The Fed"
2023-05-05,AI Scores as Hot Topic on Earnings Calls as Interest Deepens
2023-05-05,"S&P 500: 19 Banks Grasp For $32.6 Billion Government Lifelife, Report"
2023-05-05,Top 25 Biotech Companies of 2023
2023-05-05,"Bio-Rad’s stock leads the S&P 500 decliners, as they suffer the biggest selloff in 36 years after disappointing results."
2023-05-05,"Markets Lifted by Bank Stocks, Apple"
2023-05-05,"Stock Markets This Week: S&P 500, Treasury Volatility Over Banking Stress"
2023-05-05,ChatGPT can pick stocks better than your fund manager
2023-05-08,"S&P 500 Stocks: Carnival, AMD Are Big Winners Today"
2023-05-08,"S&P 500 could rise as high as 4,400 in coming months, says Wall Street strategist who called 2023's rebound"
2023-05-08,"The S&P 500 is holding up, but the leadership is getting smaller"
2023-05-08,"Stock Market Today: Dow, S&P Live Updates for May 9"
2023-05-08,"S&P 500, Dow open higher led by regional banks"
2023-05-08,"Warren Buffet ‘worried’ about AI, compares it to atom bomb: Here's what he said | Mint"
2023-05-08,S&P 500 ends Monday little changed as investors look ahead to key inflation reports: Live updates
2023-05-08,"Stifel raises S&P forecast, citing 'economic resilience'"
2023-05-08,S&P 500 Companies With More International Exposure Reporting Revenue Decline for Q1
2023-05-08,"US Market Opening: Dow Jones, S&P 500 fall as investors await inflation results"
2023-05-08,AMD leads S&P 500 gainers as stock rallies for third day in a row
2023-05-08,"Stocks trade mixed at the open, regional bank stocks rally"
2023-05-08,"Stock Market News for May 8, 2023"
2023-05-08,Could buying iShares S&P 500 ETF (IVV) shares at under $45 make me rich?
2023-05-08,Large-Caps vs. Small-Caps? Why Mid-Caps Are The Sweet Spot For Stock Investors
2023-05-08,How to Find Fixed Indexed Annuities That Work for You
2023-05-08,"ASX edges lower ahead of federal budget, CBA shares recover, Chinese imports slump — as it happened"
2023-05-08,Short Sellers Won't Bet Against 8 Rock-Solid Buffett-Like Stocks
2023-05-08,"Markets Week Ahead: S&P 500, Gold, US Dollar, Oil, BOE, US CPI, China Inflation"
2023-05-09,16 Stocks Run Circles Around Warren Buffett Over The Long Haul
2023-05-09,S&P 500 Remains Vulnerable as Nasdaq 100 Hits New YTD High
2023-05-09,"Stocks close lower as investors eye inflation data, White House meeting on debt ceiling: Live updates"
2023-05-09,"Stocks Will Rally If Inflation Data Is Soft, Goldman and JPMorgan Say"
2023-05-09,"US stock market news: Dow, Nasdaq, S&P 500 end almost flat ahead of inflation data"
2023-05-09,"Wall Street closes down as focus shifts to inflation data, debt talks"
2023-05-09,"Stock Market Today: Dow, S&P Live Updates for May 10"
2023-05-09,5 Questions Investors Are Asking As the S&P 500 Wavers
2023-05-09,"Dow Jones, S&P 500 May Fall After Retail Traders Increased Upside Exposure of Late"
2023-05-09,How to Invest in the S&P 500 in the UK | Step-by-Step
2023-05-09,"Stock Market News for May 9, 2023"
2023-05-09,4 Magnificent ETFs to Buy Now That Are Proven Moneymakers
2023-05-09,Why bank stocks are so unstable
2023-05-09,Goldman Sachs to pay $215 million to settle discrimination claims from female employees
2023-05-09,JEPI vs QYLD: Battle of the Covered Call ETFs
2023-05-09,Dividend Aristocrats In Focus: S&P Global
2023-05-09,"S&P 500, Nasdaq Dabble in Bull-Market Territory: What Are 'The Big 5 Stocks' Pulling The US Stock Market"
2023-05-09,What's Going On With SPDR S&P 500 ETF Today
2023-05-10,Analysis: Inflation may not be cooling fast enough to justify stock valuations
2023-05-10,What Is The Nasdaq 100 Index? – Forbes Advisor - Investing
2023-05-10,Stock Market Outlook: 2 Bullish Signals Say Record Highs Coming in 2024
2023-05-10,Stocks mixed as inflation drops below 5% level: Stock market news today
2023-05-10,"Stock Market Today: Dow, S&P Live Updates for May 11"
2023-05-10,CPI Inflation Rate Falls Below 5% As Service Prices Cool
2023-05-10,There is nothing typical for stocks when the Fed stops raising rates
2023-05-10,8 'Pure' Growth Stocks Are Stealthily Making Investors Rich Fast
2023-05-10,"F5, Linde and S&P Global Top the Second-Annual Fortune Modern Board 25 Ranking"
2023-05-10,Hedge Funds: Improved Prospects in the Post-Modern Cycle?
2023-05-10,1 Warren Buffett-Approved ETF to Get You Through Any Recession
2023-05-10,Using Wyckoff's Effort vs Result To Unlock the S&P 500's Direction Bias for Swing & Day Trading
2023-05-10,Warren Buffett Just Sent a $25 Billion Silent Warning to Wall Street
2023-05-10,"Stock Market News for May 10, 2023"
2023-05-10,The 3 Best Stocks to Buy With $500 Right Now
2023-05-10,7 of the Best T. Rowe Price Funds for Retirement
2023-05-11,Nasdaq 100: Bulls may be too optimistic on US CPI
2023-05-11,"Nasdaq 100, Dow Jones, S&P 500: NASDAQ Surges to Highest Level in Eight Months on Alphabet AI Release"
2023-05-11,What Is An Index Fund?
2023-05-11,Nasdaq closes 1% higher Wednesday after inflation data is cooler than anticipated: Live updates
2023-05-11,‘Sell in May and Go Away’ does not suggest that market will fall – Here’s what it means
2023-05-11,"Dow, S&P 500 open lower as Disney drags"
2023-05-11,"Dow, S&P 500 fall with Disney; PacWest leads regional banks lower"
2023-05-11,"US employees are more satisfied than ever, new survey finds"
2023-05-11,"Stock Market Today: Dow, S&P Live Updates for May 12"
2023-05-11,How Wall Street Is Preparing for a Debt Ceiling Showdown
2023-05-11,What Are Index Options & How Do They Work?
2023-05-11,"Global Market Highlights: Better-than-expected US inflation data eases rate hike worries, lifts inve"
2023-05-11,"Stock Market News for May 11, 2023"
2023-05-11,Another downgrade of America's credit rating might be coming
2023-05-11,"Nasdaq 100, Dow Jones, S&P 500: Dow Lower as Disney Shares Drop 5% Amid Subscriber Setback"
2023-05-11,"US STOCKS-Dow, S&P 500 weighed down by Disney; PacWest leads regional banks lower"
2023-05-11,SVB Signature First Republic Bank Failures Raise Question on Board Oversight
2023-05-11,3 Best S&P 500 Index Funds of 2023
2023-05-11,The Fed Signals a Rate Hike Pause: History Says The Stock Market Will Do This Next
2023-05-11,S&P Global Investment Manager Index (IMI) reveals risk appetite at survey low in May
2023-05-12,How Accurate Is Sell In May And Go Away?
2023-05-12,A solar stock and two tech giants emerge as this week's top S&P 500 gainers
2023-05-12,Stonks: Thank you AI hype - Artificial intelligence
2023-05-12,"EUR/USD Bashed by Risk Aversion, S&P 500 Fumbles but Google Cushions Weakness"
2023-05-12,"S&P 500 closes lower, notches a second week of losses, following disappointing consumer sentiment data: Live updates"
2023-05-12,Dow Jones Today: Index Drops on Consumer Concern
2023-05-12,3 Best S&P 500 Index Funds
2023-05-12,S&P 500 Companies Reporting Positive EPS Surprises For Q1 See Below Average Price Increases
2023-05-12,Warren Buffett Warns of Trouble for the U.S. Economy -- Here's His Investing Advice
2023-05-12,The stock-market is top-heavy with tech. What that means for the 2023 rally.
2023-05-12,How High Could The S&P 500 Go?
2023-05-12,Wells Fargo says the S&P 500 is topping out and a correction is ahead
2023-05-12,Megacap tech stocks are driving 2023 stock-market gains. Is that a problem?
2023-05-12,"Stocks slide into the weekend after sentiment, inflation data: Stock market news today"
2023-05-12,"AI Frenzy Accounts for All of S&P 500 Gain in 2023, SocGen Says"
2023-05-12,"What Is the Dow 30, Companies In It, Significance"
2023-05-12,The stock markets versus housing: A 10-year look
2023-05-12,Stock market today: Wall Street slips as households get more nervous
2023-05-12,"Global markets update: S&P 500, Dow Jones drop; Nasdaq gains | Mint"
2023-05-12,"US Stocks Drop, Dollar Jumps As Cautious Sentiment Dominates: S&P 500 On Track To Close Another Week In T"
2023-05-12,10 Companies Are Doing So Well Even Analysts Are Amazed
2023-05-12,Stock Market News Today: US Stocks Fall As Traders Assess Debt Ceiling Outlook
2023-05-12,"Stock Market News for May 12, 2023"
2023-05-12,Can You Actually Retire a Millionaire With Index Funds Alone?
2023-05-15,"S&P 500, Dow muted on slowdown fears; Meta lifts Nasdaq"
2023-05-15,"Dow Jones, Nasdaq, S&P 500 weekly preview: Focus on debt ceiling talks"
2023-05-15,Futures Rise In Dangerous Market; Biotech Soars On FDA News
2023-05-15,"US Stocks' Trading Range Is Among Most Painful Since 1980, Citi Says"
2023-05-15,"Stock Market Today: Dow, S&P Live Updates for May 16"
2023-05-15,This stock from S&P 500 pack has gained 22% in two days; should you bet on it?
2023-05-15,"Our vision is to help masses optimise their wealth creation journey: Ravi Kumar, Upstox"
2023-05-15,"Dow, S&P edge up as data, debt ceiling curb gains"
2023-05-15,Western Digital stock leads S&P 500 gainers on Kioxia merger report
2023-05-15,"S&P 500 earnings, week of May 15: 16 companies to report"
2023-05-15,Q1 2023 Earnings Update: Better than Feared Undersells Results
2023-05-15,"Markets Week Ahead: Gold, S&P 500, US Dollar; Powell, Debt Ceiling, Australia Jobs, Germany ZEW, China Data"
2023-05-15,"S&P 500, Nasdaq Week Ahead: Resilience or a Lull Before the Storm?"
2023-05-15,Turkish lira sinks to new record low on prospect of Erdogan re-election
2023-05-15,7 Safe ETFs to Shield Your Portfolio From Market Turmoil
2023-05-15,US Value Stocks Trail Growth Stocks By An Alarming 8% In 2023: Why Is The Value Style Underperforming Again?
2023-05-15,"How to Invest, 4 Stocks to Buy Now: Top Hedge Fund Manager"
2023-05-15,"Stock Market News for May 15, 2023"
2023-05-15,Sell in May and Go Away? Sure. Just Not These Stocks
2023-05-15,"Japanese Stocks Rallied Five Weeks In A Row After Warren Buffett's Bet, Outperforming A Nearly Flat S&P 500"
2023-05-15,Vanderbilt students manage $500K portfolio in TVA Investment Challenge Program
2023-05-16,Japan stock index hits 33-year high as investors warm to Tokyo story
2023-05-16,US stocks fall after mixed retail sales data
2023-05-16,"US stock market news: Dow Jones, S&P 500 edge up as data, debt ceiling curb gains"
2023-05-16,"Dow Jones, S&P 500 Outlook: Retail Traders Boost Upside Bets as Support Levels Near"
2023-05-16,"Wall Street closes lower after Home Depot outlook, US retail sales"
2023-05-16,"Stock Market Today: Dow, S&P Live Updates for May 17"
2023-05-16,S&P 500 Outlook: Extreme Bearish Positioning Could Spur Face-Ripping Short Squeeze
2023-05-16,5 Most-Loved ETFs of Last Week
2023-05-16,"Bull Market or Not, This ETF Should Be Your Go-To Investment"
2023-05-16,"Billionaire investor forecasts S&P 500 to rise in 2023, despite recession fears"
2023-05-16,Index Trading Strategy - Pros & Cons
2023-05-16,"Stock Market News for May 16, 2023"
2023-05-16,8 Stocks Wowed With 50% Profit Growth — Analysts Expect A Repeat
2023-05-16,The 2023 Say on Pay Season – Potential Outcomes and Considerations
2023-05-17,Americans think gold beats stocks as a long-term investment. Advisors disagree: 'It's more like a speculation'
2023-05-17,Goldman Sachs says A.I. could push S&P 500 profits up by 30% in the next decade
2023-05-17,"NASDAQ 100, Dow Jones, S&P 500: Optimism Surrounds U.S. Debt Ceiling Talks as Stocks Rise"
2023-05-17,"Wall St gains as Tesla, regional banks boost; optimism on debt talks"
2023-05-17,"Stocks close higher Wednesday, Dow surges 400 points as traders grow optimistic on a debt ceiling deal: Live updates"
2023-05-17,"Wall St rallies on debt ceiling optimism, regional bank rise"
2023-05-17,Japan's stock market is smoking the S&P 500. Is it too late to jump in?
2023-05-17,"FTSE 100, DAX 40 and S&P 500 Slip on US Debt Ceiling Woes"
2023-05-17,"Stock Market Today: Dow, S&P Live Updates for May 18"
2023-05-17,BofA Says an Ominous Signal From S&P 500 Is Pointing to Gains
2023-05-17,Growth Stocks Are Back — Analysts Like These 8 The Best
2023-05-17,These are the cheapest S&P 500 stocks in each sector
2023-05-17,Aggressive demand falters in S&P 500: Will a shakeout follow? [Video]
2023-05-17,Monthly Covered Call Commentary – Global X ETFs
2023-05-17,How Options Traders Have Played The V-Shaped Rally
2023-05-17,Here's a Bear Market Lesson You Can't Forget
2023-05-17,"Markets Advance on Optimism About Debt Limit Talks, Regional Banks"
2023-05-17,"Stock Market News for May 17, 2023"
2023-05-17,"U.S. Stocks Still Appear Expensive, Here Are Some Alternatives"
2023-05-18,"S&P 500, Nasdaq end at 9-month highs on debt-ceiling hope, economic data and upbeat earnings"
2023-05-18,Growing debt ceiling deal hopes send stocks higher
2023-05-18,S&P 500 jumps nearly 1% Thursday for highest close since August as traders hope for debt ceiling resolution: Live updates
2023-05-18,RBC's Calvasina Likes Her 4100 Target for S&P 500
2023-05-18,"Stock Market Today: Dow, S&P Live Updates for May 19"
2023-05-18,"Dow, S&P 500, Nasdaq Jump on Debt Deal Hopes: More Gains on the Cards?"
2023-05-18,Investing Club mailbag: How to use Jim Cramer's trusted S&P Oscillator to interpret market swings before investing
2023-05-18,Just 7 companies are carrying the S&P 500 in 2023
2023-05-18,AI Could Boost S&P 500 Profits by 30% Over Next Decade: Goldman Sachs
2023-05-18,The Stock Market Has Flipped From 'Sell the Rip' to 'Buy the Dip' Regime
2023-05-18,Nasdaq 100's Big Recovery Faces a Key Tipping Point
2023-05-18,Zero-Day Options Are Reordering the Way the Stock Market Behaves
2023-05-18,"The stock market is sending so many mixed signals, it's easy to be confused"
2023-05-18,Markets Gain Amid Optimism About a Deal to Lift the Debt Ceiling
2023-05-18,"Big 4 private equity firms project optimism even as fundraising, deals slow"
2023-05-18,"If You Love JEPI, You Need To Check Out JEPQ"
2023-05-18,Why a Fed rate-hike pause may not be as great for stocks as Wall Street hopes
2023-05-18,"Stock Market News for May 18, 2023"
2023-05-18,'It's As If The Whole Country Takes A Pay Cut:' Top Economist Warns Of A Recession And Another 23% Drop In Stocks ...
2023-05-18,7 High-Quality S&P 500 Stocks to Buy on the Dip
2023-05-18,"US economy, Markets What happens after the Fed pauses?"
2023-05-18,Here's the Best Day of the Week for the Stock Market So Far in 2023
2023-05-19,"NASDAQ 100, Dow Jones, S&P 500: Investor Confidence Grows Amidst Debt Ceiling Talks, Strong Earnings"
2023-05-19,Fido's money hoover wins again
2023-05-19,Fewer S&P 500 Companies Discussing “Recession” on Earnings Calls for 3rd Straight Quarter
2023-05-19,Stock Market News Today: S&P 500 Advances to 9-Month High
2023-05-19,These 20 Stocks Have at Least 25% Upside Despite S&P 500 Hitting New 2023 High
2023-05-19,"S&P 500 Could Plunge 20% if US Fails to Raise Debt Ceiling, UBS Warns"
2023-05-19,"S&P 500 Will Crash 30% As Spending, Profits, Banking Weaken: McDonald"
2023-05-19,"Stock Market (SPX) Keep Rallying, Defying Doom Scenarios"
2023-05-19,"Futures Rise; Market Rally Hits 2023 High, But Don't Do This"
2023-05-19,"Stock Market Today: Dow ends 100 points lower Friday, but Nasdaq post longest weekly win streak since February"
2023-05-19,"Stocks end Friday lower as GOP negotiators halt debt ceiling talks, S&P 500 notches best week since March: Live updates"
2023-05-19,Stocks rise with debt limit confidence
2023-05-19,S&P 500 expected to be a 'muted environment' for remainder of 2023: Strategist
2023-05-19,The 60-40 Portfolio Makes a Comeback
2023-05-19,Index Trackers Vs ETF: Powering Passive Investment – Forbes Advisor UK
2023-05-19,"AI Will Send Profits Skyward Over the Next 10 Years, Goldman Says | Chief Investment Officer"
2023-05-19,"Stock Market News for May 19, 2023"
2023-05-19,Small-cap stocks suck. Is it time to buy small caps?
2023-05-19,Tide turns finally for Japanese stocks
2023-05-19,BofA Strategist Says Sell US Stocks as AI Seen Forming a Bubble
2023-05-19,Markets Fall as Debt Ceiling Talks Pause
2023-05-19,Pair Equal Weight With Momentum to Generate Excess Returns
2023-05-22,Bank Of America Predicts S&P 500 Will Test All-Time High This Year— But Other Experts Are Much More Cautious
2023-05-22,"S&P 500 closes little changed on Monday as pivotal debt ceiling meeting looms, Nasdaq hits highest level since August: Live updates"
2023-05-22,"Nasdaq, S&P 500 rise amid fresh round of debt talks; Micron slides"
2023-05-22,"S&P 500's recent move higher is a trap for investors, warns Morgan Stanley"
2023-05-22,History Shows S&P 500 Extends Gains After Strong First 100 Days
2023-05-22,Morgan Stanley Says US Rally Isn't Start of Bull Market
2023-05-22,"4 reasons the stock market keeps climbing as S&P 500 attempts push above 4,200"
2023-05-22,"NASDAQ 100, Dow Jones, S&P 500: Pre-Market Weakness on Monday Amid Debt Ceiling Uncertainty"
2023-05-22,CNBC Daily Open: The S&P’s high is nothing to celebrate
2023-05-22,Wall Street ends mixed as investors await debt ceiling talks
2023-05-22,Mike Wilson: Don't be fooled by S&P 500 rally
2023-05-22,"Dow Jones, Nasdaq, S&P 500 weekly preview: BofA gets more bullish"
2023-05-22,"Apple, Microsoft, and 3 Other Stocks Are Now Worth Nearly $9 Trillion"
2023-05-22,S&P Sheds $500 Billion from Fake Pentagon Explosion
2023-05-22,"FANG'd Out, S&P Rivals Debt Ceiling for Market Attention"
2023-05-22,Hedge Funds Rush to Buy Stocks With S&P 500 Nearing Key Level
2023-05-22,How to Recover After a Loss in the Stock Market
2023-05-22,Slowing demand leaves US companies overstocked as turnover ratios decline
2023-05-22,"BofA makes glass-half-full case for stocks, sees S&P 500 at 4,300 by year-end"
2023-05-22,"Why the stock market has a tailwind to grind higher after S&P 500 tests 4,200"
2023-05-22,"Nasdaq 100, S&P 500 analysis: Why we prefer the Nasdaq over the S&P 500"
2023-05-22,"Pentagon Explosion Was Fake AI Image Sending Stocks, S&P 500 Down"
2023-05-22,The Stock Market Breakout Is Awaiting Confirmation After Key Breakout
2023-05-22,Bank of America raises its S&P 500 price target and says the outlook is 'glass half full' as bad news is already priced ...
2023-05-22,"Don't be fooled by the S&P 500 rally, says Wall Street's top strategist Mike Wilson"
2023-05-22,Semiconductors: Nvidia is best performing S&P 500 stock in 2023
2023-05-22,"Buy the dip? If the debt ceiling isn’t resolved soon, markets will likely slide"
2023-05-22,How Much $10000 Invested In Meta's IPO 11 Years Ago Is Worth Now
2023-05-22,"Strong First 100 Days For S&P 500 Bodes Well For Rest Of Year, History Shows"
2023-05-22,"If you invested $1,000 in this one stock just 10 years ago, you'd be $575,000 richer. Can you guess what it is? The answer might surprise you."
2023-05-22,S&P 500 has bottomed says indicator with a perfect track record
2023-05-23,S&P 500 closes 1% lower Tuesday as debt ceiling talks drag on in Washington: Live updates
2023-05-23,"$9 trillion worth! Apple, Microsoft, 3 other tech companies now make up 25% of S&P 500"
2023-05-23,S&P 500 seen dipping between now and year-end - Reuters poll
2023-05-23,"Fake image of explosion at Pentagon goes viral, creates chaos in stock market. See here | Mint"
2023-05-23,"Stock Market Today: Dow, S&P Live Updates for May 24"
2023-05-23,Stock Market News Today: S&P 500 Falls As Debt Talks Drag on
2023-05-23,S&P 500 posts biggest daily decline in 3 weeks as U.S. debt-ceiling uncertainty weighs on stocks
2023-05-23,Wall St ends sharply lower on deadlocked debt ceiling talks
2023-05-23,"‘Verified’ Twitter accounts share fake image of ‘explosion’ near Pentagon, causing confusion"
2023-05-23,20 S&P 500 companies that had the best Q1 on 3 key measures — Buy the stocks?
2023-05-23,Goldman Sachs says weak investment flows suggest limited upside for the S&P 500
2023-05-23,B Of A Upped Its Forecast For Stocks — Just Not The Ones You Think
2023-05-23,"AI continues to drive S&P 500, tech growth trends"
2023-05-23,Goldman Sachs says weak investment flows suggest limited upside for the S&P 500
2023-05-23,The best trackers for each major index
2023-05-23,The S&P 500 is the most concentrated it's been in decades: Morning Brief
2023-05-23,Tech Stocks Are 'the Only Game in Town' As They Beat the S&P 500
2023-05-24,Wall St ends down as debt-ceiling clouds hover
2023-05-24,"The S&P 500 is up 8% this year, but most stocks are down—here's what it means for your money"
2023-05-24,Are Portfolios Too Concentrated?
2023-05-24,"Stock Market Today: Dow, S&P Live Updates for May 25"
2023-05-24,"Stock market drop over debt ceiling could begin within days, experts said"
2023-05-24,Don’t expect markets to rejoice if a deal is reached on the debt ceiling
2023-05-24,"NASDAQ 100, Dow Jones, S&P 500: Traders Await Debt-Ceiling Talks, Fed Meeting Minutes"
2023-05-24,The 60/40 Portfolio: Reimagined for Today's Market
2023-05-24,Just 20 Stocks Have Driven S&P 500 Returns So Far in 2023
2023-05-25,Earnings Insight Infographic: Q1 2023 By the Numbers
2023-05-25,Is the US in a bull market or not?
2023-05-25,Nasdaq closes 1.7% higher Thursday as Nvidia's surge powers tech rally: Live updates
2023-05-25,Rosenberg: S&P 500 Is Already Signalling Recession As Key Stocks Slide
2023-05-25,Wall Street Is Rethinking Its Gloomy Outlook for Stock Market
2023-05-25,Debt Ceiling Crisis: What Did Stocks Do the Last Time the U.S. Nearly Defaulted?
2023-05-25,The S&P 500 is up almost 8% in the first 100 trading days of the year. That bodes well for the rest of 2023
2023-05-25,Will the S&P 500 tank (or will bears be forced to capitulate?) for SP:SPX by CityIndex
2023-05-25,Global stock buybacks hit record high in 2022; North America drives activity
2023-05-25,This Investment Strategy Has Been Foolproof Since 1900 -- 104 for 104 -- and It's the Closest Thing to a Wall Street ...
2023-05-25,Strong corporate earnings are helping the US avoid a recession - but there are 2 big risks facing markets and the ...
2023-05-25,Another US downgrade might not be as bad as it sounds
2023-05-25,"U.S. Equities End Mixed on Nvidia News, Debt Ceiling Worries"
2023-05-25,"Up Over 32% This Year, Is Ark Innovation ETF a Better Investment in 2023 Than the S&P 500?"
2023-05-25,Buying an S&P 500 ETF to diversify your ASX investments? You'll want to know this
2023-05-25,When Does Equal Weight Outperform?
2023-05-26,"Bear-Market Rally Is Fooling Traders, Morgan Stanley Strategist Mike Wilson Says"
2023-05-26,Highest Number of S&P 500 Companies Citing “AI” on Q1 Earnings Calls in Over 10 Years
2023-05-26,Stock Market's ‘Tremendous Bifurcation' Creates an S&P 495
2023-05-26,US stock market: Wall Street ends higher as Nvidia sparks rush for AI stocks
2023-05-26,AI Is Becoming the Stock Market's Answer to Everything
2023-05-26,Nvidia Dusts Warren Buffett In Race To $1 Trillion
2023-05-26,Nvidia Rally Powered Stock Market Above Key Level Suggesting More Upside
2023-05-26,"FTSE 100, DAX 40 and S&P 500 Try to Stabilise Despite Ongoing US Debt Ceiling Woes"
2023-05-26,"Key Fed Inflation Rate Heats Up Again, Lifting Rate-Hike Odds; S&P 500 Shakes It Off"
2023-05-26,Equally Weighting within Sectors: Impact and Potential Applications
2023-05-26,"Stock Market News for May 26, 2023"
2023-05-26,‘The mother of all crises.’ A US debt default would ricochet around the world
2023-05-26,"Market With Narrow Breadth Likely to Slump, Stovall Says | Chief Investment Officer"
2023-05-26,Ulta Beauty Shares Sink as the Beauty Products Retailer Warns of Slowing Growth
2023-05-26,"SPYI Captures Massive Single Day Nvidia Pop, Enhances Income"
2023-05-26,Hedge funds raise bets against US stocks as debt deadline nears
2023-05-26,"Markets Jump on Debt Ceiling Optimism, More Positive AI News"
2023-05-30,Just 5 stocks including Nvidia account for 96% of the S&P 500's gains this year
2023-05-30,"Nasdaq boosted by Nvidia, cautious optimism on temporary debt deal"
2023-05-30,"Stock Market Today: Dow, S&P Live Updates for May 31"
2023-05-30,"Semiconductors Power Nasdaq Surge, S&P 500 Challenges Last Week's Bull-Trap"
2023-05-30,"Shares close mixed, Nvidia's 3% rise offsets debt ceiling jitters"
2023-05-30,"'Few are priced for an upcrash.' The S&P 500 could reach 4,600 this year, thanks to pessimism, says RBC."
2023-05-30,Nasdaq ends at highest level in almost 10 months as debt-ceiling deal goes to Congress
2023-05-30,Markets Mixed on Concerns Debt Ceiling Deal Might Not Pass
2023-05-30,AI and Tech: Narrow Market Mega Caps Should Pay Off for the Broad-Minded
2023-05-30,Rise of the tech giants exposes the problem of index distortions
2023-05-30,"NASDAQ 100, Dow Jones, S&P 500: Futures Rise as Debt Ceiling Agreement Boosts Market Confidence"
2023-05-30,Dow finishes Tuesday lower as Wall Street weighs odds of debt ceiling deal clearing Congress: Live updates
2023-05-30,"RBC Lifts Its S&P 500 Target on Better Earnings Outlook, Corporate Confidence"
2023-05-30,5 trillion-dollar companies behind most of S&P 500's gains this year
2023-05-30,"S&P 500, Nasdaq gains belie negative stock market breadth"
2023-05-30,How Much of a Problem is Concentrated Leadership for Stocks?
2023-05-30,Here's A Couple Of Reasons To Equal Weight The S&P 500
2023-05-30,This 88% Accurate Tool Predicts How Stocks Will Do This Year
2023-05-30,Sector Views – Industrial Bright Spots During Cycle Shift
2023-05-30,"Stock Market News for May 30, 2023"
2023-05-30,110 of the S&P 500 Companies Are Talking About AI -- 2 Stocks to Buy Right Now
2023-05-30,Court grants Sackler family immunity in exchange for $6 billion opioid settlement
2023-05-30,A New Artificial Intelligence ETF Simplifies Asset Allocation
2023-05-30,The index funds and ETFs that active funds struggle to beat
2023-05-30,Is the Era of Large-Cap Growth Stocks Over?
2023-05-30,"For the First Time in 23 Years, the S&P 500 Is Displaying an Ominous Warning to Wall Street"
2023-05-31,"Stock Market Today: Dow, S&P Live Updates for June 1"
2023-05-31,The narrowest rally ever - Six stocks explain 100% of S&P 500's rally this year
2023-05-31,Zero fear - S&P 500
2023-05-31,Wall St falls as labor data spurs rate hike jitters before debt ceiling vote
2023-05-31,"US shares close mixed, Nvidia's 3% rise offsets debt ceiling jitters"
2023-05-31,"Dow Jones, S&P 500 Retreat from Highs as US Debt Deal Alludes to Fiscal Tightening"
2023-05-31,"Stocks slip as investors look to House vote on debt ceiling, Nasdaq pops nearly 6% in May: Live updates"
2023-05-31,"NASDAQ 100, Dow Jones, S&P 500: Stock Futures Dip Amid Debt Ceiling Debate"
2023-05-31,"NASDAQ 100, Dow Jones, S&P 500: In Negative Territory as Debt Ceiling Deal Awaits Approval"
2023-05-31,S&P 500 Can Still Rise Even If Its 5 Biggest Stocks Stop Rallying
2023-05-31,US stock indices appear increasingly risky
2023-05-31,"Out of 343 CEOs in S&P 500 companies, only 20 were women, shows study"
2023-05-31,Dow Falls 130 Points After FDIC Reveals Record Plunge In Bank Deposits
2023-05-31,Jim Cramer Says One Sector Has Single-Handedly Saved the Markets
2023-05-31,"S&P 500: Five Stocks Turn $10,000 To $44,175 In Five Months"
2023-05-31,"AMC’s stock falls 3.7%, outpacing the S&P 500’s decline"
2023-05-31,"Tesla is back into the S&P 500 ESG index, but barely anyone’s really heard about it"
2023-05-31,Why I Don't Buy Stocks
2023-05-31,The banking crisis has gone quiet but it isn’t over
2023-05-31,The Seesaw Becomes Extreme
2023-05-31,S&P/TSX composite down almost 170 points in broad based decline | Globalnews.ca
2023-05-31,"Stock Market News for May 31, 2023"
2023-05-31,Wall Street strategists get more bullish as stocks go higher: Morning Brief
2023-05-31,"For the few women who sit atop S&P 500 companies, thinner paychecks as median compensation slips"
2023-05-31,S&P 500 analysis: Stocks fall as growth worries intensify
2023-05-31,2023 Say on Pay & Proxy Results
2023-06-01,The S&P 500 finally shows positive signs -- unless it's just another head-fake
2023-06-01,How concentration risk in the S&P 500 could hurt your portfolio
2023-06-01,"S&P 500, Nasdaq end at 9-month highs on economic data, hopes for Fed rate hike pause and progress on raising the debt ceiling"
2023-06-01,"NASDAQ 100, Dow Jones, S&P 500: Mixed Opening as Debt Ceiling and Jobs Report Loom"
2023-06-01,"NASDAQ 100, Dow Jones, S&P 500: Futures Traders Showing Mixed Reaction to Bipartisan Bill Passage"
2023-06-01,These five companies are responsible for S&P 500's 2023 gains
2023-06-01,Nasdaq and S&P 500 close at highest levels since August on optimism over debt ceiling bill: Live updates
2023-06-01,"Stock Market Today: Dow, S&P Live Updates for June 2"
2023-06-01,"Wall Street rises on hopes of Fed pausing hikes, debt ceiling deal cheer"
2023-06-01,"For the few women who sit atop S&P 500 companies, thinner paychecks as median compensation slips, ETHRWorldME"
2023-06-01,Best Index Funds for a Low-Priced Portfolio
2023-06-01,"S&P 500, Nasdaq 100 Drop on Global Growth Woes and Still-Tight US Labor Market?"
2023-06-01,ASX: Why is Australia's sharemarket underperforming this year
2023-06-01,Goldman’s Hedge Fund ETF Is Crushing the S&P 500 With AI Bets
2023-06-01,Missed Your Shot To Buy Nvidia Stock? How To Jump In Now
2023-06-01,Should iShares Core S&P 500 ETF (IVV) Be on Your Investing Radar?
2023-06-01,Dow Jones Today: Debt Vote Drives Index Higher
2023-06-01,"2023 Proxy Season: More Proposals, Lower Support"
2023-06-01,Analysts Raise S&P 500 Target Price: ETFs to Buy
2023-06-02,Analysts Making Smaller Cuts Than Average to EPS Estimates for S&P 500 Companies for Q2
2023-06-02,"NASDAQ 100, Dow Jones, S&P 500: Stock Futures Show Slight Gains, Attention Shifts to Jobs Report"
2023-06-02,"Nasdaq, S&P 500 Set 2023 Highs"
2023-06-02,The S&P 500 is ridiculous. Here’s why.
2023-06-02,"Palo Alto Networks promoted to S&P 500, replacing Dish Network"
2023-06-02,Wall Street stocks rally after jobs data point to robust US economy
2023-06-02,"Dow leaps 700 points on hot jobs report, Nasdaq notches sixth straight winning week: Live updates"
2023-06-02,Dow ends 700 points higher as stock-market rally puts S&P 500 on verge of bear-market exit
2023-06-02,Stock Market Today: Friday rally drives S&P 500 to verge of bear-market exit
2023-06-02,Is The Market Running Out Of Breadth?
2023-06-02,"3M, Caterpillar stocks lead unanimous rally in the S&P 500’s industrials sector"
2023-06-02,S&P 500 nears bear-market exit. Will Big Tech's rally finally spread to the broader stock market?
2023-06-02,Dow surges over 700 points as investors cheer jobs report and debt ceiling deal
2023-06-02,S&P 500 nears bear market exit. Can Big Tech rally spread to wider stock market?
2023-06-02,"Jobs Report: Hiring Is Strong, But Workweek Is Shortest Since Covid Lockdown; S&P 500 Gains"
2023-06-02,S&P 500 Dividend Aristocrats List: Sorted By Hedge Fund Popularity
2023-06-02,"Wall Street ends up on jobs data, debt default averted"
2023-06-02,Millennials' Top Stock Is Up 192% — And You've Never Heard Of It
2023-06-02,"ASX to rise, S&P 500 lifts in broad rally, techs extend gains"
2023-06-02,Bear Market Guide: The Different Phases And How To Invest During One
2023-06-02,"Stock market today: Wall Street leaps, nearly escapes its bear market after strong jobs report"
2023-06-02,"Stock Market News for Jun 2, 2023"
2023-06-02,"Apple, Nvidia, Meta, Lead Market Rally (Why That's Not Good)"
2023-06-02,Stocks rally after May jobs report tops expectations: Stock market news today
2023-06-02,May Market Recap- 20-Year Anomalies - RIA
2023-06-02,S&P Dow Jones Indices Changes
2023-06-02,Here’s the real reason Target’s stock is dropping
2023-06-05,Here’s the pain trade Citi sees in U.S. stocks as S&P 500 exceeds its 2023 target
2023-06-05,"Markets Week Ahead: S&P 500, Gold, US Dollar; US ISM, Euro Area Retail Sales, RBA, Japan Econ Watchers, China Inflation"
2023-06-05,Are Stocks in a New Bull Market? It Depends.
2023-06-05,S&P 500 Set to Enter Bull Market as Fed Fuels Dip-Buying Surge
2023-06-05,S&P 500 ends lower as traders eye potential pause in rate hikes
2023-06-05,Morgan Stanley Says S&P 500 Will Slide 9% By Year's End--But These Stocks Could Weather The Storm
2023-06-05,Top-heavy and ultra-narrow - Wall St needs to bulk out
2023-06-05,What if the S&P 500 fumbles its bear-market exit? What strategists think of the role of tech in this rally.
2023-06-05,Palo Alto Networks To Join S&P 500 Index: Here Are All The S&P Index Changes
2023-06-05,Stock Market Outlook: S&P 500 Can Rally 20% If It Clears 3 Hurdles
2023-06-05,"S&P 500, Nasdaq cling to recent gains as Apple hits record high"
2023-06-05,"NASDAQ 100, Dow Jones, S&P 500: Mixed Trade Following Last Week’s Surge as Oil Prices Jump"
2023-06-05,China's May trade data disappoints; Asia markets mixed after S&P 500 marks highest 2023 level
2023-06-05,Palo Alto Networks stock rises 4% with company set to join S&P 500
2023-06-05,"Stock Market Today: Dow, S&P Live Updates for June 6, 2023"
2023-06-05,"Outlook on FTSE 100, DAX 40 and S&P 500 as the Fed is no longer expected to hike rates at its June meeting."
2023-06-05,Morgan Stanley Sees US Profit Drop From Earnings Killing Stock Rally
2023-06-05,Energy was worst-performing S&P 500 sector in May
2023-06-05,Dow falls 200 points as S&P 500 pulls back from 2023 high
2023-06-06,"Big Tech's added bulk in S&P 500 in 2023 outweighs index’s energy sector, DataTrek says"
2023-06-06,"S&P 500, Nasdaq rise as banks advance; Fed meet in focus"
2023-06-06,The 20% up rule — bull market vs bear rally
2023-06-06,S&P 500 ticks up on Tuesday to close at highest level in 2023: Live updates
2023-06-06,"Markets, Equites S&P 500: The surging seven"
2023-06-06,"Stock Market Today: Dow, S&P Live Updates for June 7, 2023"
2023-06-06,Traders raise bets on stocks falling as S&P 500 nears new bull market
2023-06-06,S&P 500 at 9-Months Highs as Bulls Assert Dominance but Downside Risks Build
2023-06-06,S&P 500: Investors are the most bearish since 2007
2023-06-06,Stocks close higher as S&P edges toward bull market: Stock market news today
2023-06-06,"US stocks end up as Fed, CPI loom large next week"
2023-06-07,"S&P 500, Nasdaq end lower as Treasury yields rise on Fed rate hike expectations"
2023-06-07,Goldman: S&P 500 is undervalued because of the AI boom
2023-06-07,"S&P 500, Nasdaq close lower as traders cash in on latest megacap rally"
2023-06-07,"S&P 500, Nasdaq fall as tech shares give up gains"
2023-06-07,"AI can further boost the S&P 500, says Goldman Sachs. Here's how much."
2023-06-07,European stocks may give US equities a run for their money
2023-06-07,"S&P 500, Nasdaq end Wednesday lower as market rally pauses: Live updates"
2023-06-07,Key Technical Indicator Flags Bearish Signal On The S&P 500 Index: US Stock Market May Drop About 14% If History ...
2023-06-07,"Stock Market Outlook: 14% Upside Seen As AI Boosts Productivity, Profits"
2023-06-07,Wall Street strategists get more bullish as stocks rise. They're still not optimistic enough.
2023-06-07,"Stock Market Today: Dow, S&P Live Updates for June 8, 2023"
2023-06-07,"NASDAQ 100, Dow Jones, S&P 500: Sentiment Tinged with Caution as Inflation, Fed Decision Loom"
2023-06-07,BMO's Brian Belski explains why his firm raised S&P 500 price target to 4550
2023-06-08,"S&P 500, Nasdaq open higher as jobless claims rise"
2023-06-08,"S&P 500 exits bear market, Nasdaq ends 1% higher as investors focus on Fed's next steps"
2023-06-08,"H2 2023 outlook on the S&P 500 amid probable monetary tightening, lower liquidity and recessionary fears."
2023-06-08,"Dow rises more than 160 points to notch third straight day of gains, S&P 500 hits new closing high for 2023: Live updates"
2023-06-08,"S&P 500 Surges Into Bull Market on Tech Strength, Fed Rate-Pause Hopes"
2023-06-08,"S&P 500's Tech-Heavy Top Is a Feature, Not a Bug"
2023-06-08,"Stock Market Today: Dow, S&P Live Updates for June 9"
2023-06-08,"Fading risks, fear of missing out may fuel US stocks after near 20% rally"
2023-06-08,"NASDAQ 100, Dow Jones, S&P 500: Mixed Performance as Investors Await Catalysts"
2023-06-08,Stock futures flat as rally awaits new catalyst: Stock market news today
2023-06-08,Wall Street ends up amid record low volatility ahead of eventful week
2023-06-08,"How US stocks rose 20% from their lows, and where they might be going"
2023-06-08,"Stock market today: Asian shares mostly rise, lifted by bull market on Wall Street"
2023-06-08,Tech gains and rise in jobless claims lift US stocks
2023-06-08,"Dow, Nasdaq and S&P 500 are rising but most stocks are falling"
2023-06-08,Reading between the lines of the stock market rally
2023-06-09,"S&P 500 first-quarter EPS creeps out of the red, Refinitiv data shows"
2023-06-09,The S&P 500 is in a bull market. Here's what that means and how long the bull might run
2023-06-09,What is Driving the Expected Rebound in S&P 500 Earnings Growth in Q4 2023?
2023-06-09,"U.S. stocks end higher, S&P 500 books longest weekly win streak since August 2022 after bear-market exit"
2023-06-09,"S&P 500 notches fourth straight positive week, touches highest level since August: Live updates"
2023-06-09,"S&P 500, Nasdaq hit fresh 2023 highs as Tesla rallies"
2023-06-09,"Asia markets rise as S&P 500 hits new 2023 high, China's producer price index falls"
2023-06-09,What is a bull market vs. bear market? What to know as S&P 500 changes
2023-06-09,"NASDAQ 100, Dow Jones, S&P 500: S&P 500 Hits Yearly High, Boosting Investor Confidence"
2023-06-09,"A New Bull Market in Stocks Has Begun, With More Upside Ahead"
2023-06-09,Stocks in the current market rally may have gotten too pricey
2023-06-09,"S&P 500 finishes week at highest level since August, as Nasdaq logs 7th-straight winning week: Stock market news today"
2023-06-09,"S&P 500 Bull Market Won't Last, 99% Chance of US Recession: Rosenberg"
2023-06-09,"S&P 500 Bull Market Kicks Off, But The Dominance Of 7 Stocks Leaves S&P 493 In The Dust"
2023-06-09,"Stock Market News for Jun 9, 2023"
2023-06-09,"S&P 500 Bull Market Kicks Off, But The Dominance Of 7 Stocks Leaves S&P 493 In The Dust"
2023-06-09,The S&P 500 Is in a Bull Market. Will It Last?
2023-06-12,"Morgan Stanley, Goldman at Odds on S&P 500's Bull Market Rally"
2023-06-12,S&P 500 notches highest close in more than a year
2023-06-12,"NASDAQ 100, Dow Jones, S&P 500: Optimism Grows as Indices Continue Uptrend"
2023-06-12,Goldman Sachs lifts S&P 500 price target to 4500 as index enters bull market
2023-06-12,"Goldman pushes back against bears like Morgan Stanley with 4,500 S&P 500 target"
2023-06-12,"Nasdaq, S&P 500 end at almost 14-month high ahead of this week’s inflation data, Fed decision"
2023-06-12,"Stock Market Today: Dow, S&P Live Updates for June 13"
2023-06-12,Lowest Number of S&P 500 Companies Citing “ESG” on Earnings Calls Since Q2 2020
2023-06-12,"NASDAQ 100, Dow Jones, S&P 500: Investors Await Inflation Data, Fed Meeting"
2023-06-12,Be wary of the new bull market of SP 500
2023-06-12,The history of cyclical bull markets suggests the S&P 500 could rise to 4900 by next summer
2023-06-12,"When Retail Investors Are All Zigging, Is It Time to Zag?"
2023-06-12,Is The S&P 500 Still Undervalued?
2023-06-12,"S&P 500, Nasdaq Composite see highest close since April 2022 as stocks power higher"
2023-06-12,SPDR S&P 500 ETF Trust Testing Key Technical Levels With An Extremely Overbought Weekly Chart. Here's How To ...
2023-06-12,"Outlook on FTSE 100, DAX 40 and S&P 500 ahead of this week’s US inflation data and several central bank meetings."
2023-06-12,5 Top S&P 500 Stocks to Buy as Index Enters Bull Market
2023-06-12,It's A New Bull Market! 13 Stocks Jump 30% Or More Every Time
2023-06-12,Markets Advance on Optimism Fed Policymakers Will Skip a Rate Hike at This Week's Meeting
2023-06-12,"Markets Week Ahead: S&P 500, Gold, USD; Fed, ECB, BoJ, Germany ZEW, UK & Australia Jobs, US CPI, China Retail Sales"
2023-06-12,Personal Finance: Big US Stocks Can't Outperform Forever
2023-06-12,Morgan Stanley: Stocks could fall 14% in next 12 months
2023-06-13,S&P 500 equal-weight ETFs in vogue as investors avoid big tech
2023-06-13,US stocks end higher as inflation data cements bets on rate hike pause
2023-06-13,"Stocks rise after inflation report, S&P 500 and Nasdaq hit fresh 13-month highs: Live updates"
2023-06-13,US stocks rally as inflation data cements bets on rate hike pause
2023-06-13,"Morning Bid: Inflation anxiety, yet S&P 500 keeps on running"
2023-06-13,The S&P 500 is breaking out. Here are Wall Street's favorite names to lead the next leg higher
2023-06-13,S&P 500 Bull Market: What Does Historical Performance Suggests from Here?
2023-06-13,"S&P 500, Nasdaq refresh 14-month highs as May inflation data underscores expectations for Fed pause"
2023-06-13,The S&P 500 broke out to a 13-month high and is flashing a 'rare signal.' Here's what analysts are saying
2023-06-13,"Stock Market Today: Dow, S&P Live Updates for June 14"
2023-06-13,S&P 500 and Nasdaq close at highest since April 2022
2023-06-13,What Are Intangible Assets? – Forbes Advisor
2023-06-13,Wall Street's biggest bull says to forget the recession
2023-06-13,"NASDAQ 100, Dow Jones, S&P 500: Tech Sector Fuels Rally Amid Easing Inflation, Steady Rates"
2023-06-13,US stocks rise after weaker inflation bolsters Fed pause hopes
2023-06-13,S&P 500 beat pet food industry stock index in 2022
2023-06-13,"‘Greedflation’ is replacing inflation as companies raise prices for bigger profits, report finds"
2023-06-13,How to Invest in the S&P 500 Index
2023-06-13,Wall Street is divided on birth of bull market
2023-06-13,CPI Inflation Rate Falls To 4%; Futures Rise Ahead Of Fed
2023-06-13,SPX: S&P 500 Breaks Above 4330 to Hit a 52-week High
2023-06-13,"Wall Street's biggest bull called this year's stock market rally—now instead of a recession, he says 'the economy is ..."
2023-06-13,"NASDAQ 100, Dow Jones, S&P 500: Investors Eye May CPI Report for Clues on Interest Rate Hikes"
2023-06-13,Stock Market Outlook: Goldman Sachs Raises S&P 500 Target Amid AI Boom
2023-06-14,"Stock Market Today: Dow, S&P Live Updates for June 15"
2023-06-14,Here's How Stocks Performed After The Fed Stopped Hiking Rates In The Past
2023-06-14,Dow Jones Today: Index Falls on Fed's 'Pause'
2023-06-14,The seven companies driving the US stock market rally
2023-06-14,US stocks end mixed after Fed signals more rate hikes to come
2023-06-14,Federal Reserve Meeting Shock: Two More Rate Hikes Eyed; S&P 500 Hangs Tough
2023-06-14,Japan’s Stock Market Is Booming. Here’s Why.
2023-06-14,Wall Street deeply divided on 2023 stock-market outlook despite new bull market
2023-06-14,How much could AI boost US stocks?
2023-06-14,"S&P 500 closes nearly flat after Fed leaves rates unchanged, signals more hikes are coming: Live updates"
2023-06-14,Federal Reserve Meeting: 'Hawkish Pause' May Cap Upside For S&P 500
2023-06-14,Humana leads S&P 500 decliners after UnitedHealth says seniors are catching up on pandemic-delayed surgeries
2023-06-14,"S&P 500 Q1 2023 Buybacks Again Tick up, As Sector Expenditures Shift; Buyback Tax Reduced Operating Earnings by ..."
2023-06-14,Morgan Stanley's Slimmon on joining the S&P 500 and Nasdaq rally
2023-06-14,Stock-market bull says S&P 500 could see 'sell-the-news' pullback after Fed pause
2023-06-14,U.S. stocks end mixed on Fed decision to hold interest rates steady but leave door open to more increases
2023-06-14,Is Invesco S&P 500 Equal Weight ETF (RSP) a Strong ETF Right Now?
2023-06-14,Stocks wobble as Fed skips a rate hike but forecasts more: Stock market news today
2023-06-14,Wall Street Bulls and Bears Collide on Direction of S&P 500
2023-06-14,Goldman Sachs Lifts S&P 500 Price Target; Here Are 2 High-Upside Stocks to Play the Bounce
2023-06-14,"Outlook on FTSE 100, DAX 40 and S&P 500 ahead of Wednesday’s FOMC meeting."
2023-06-14,Can Tech Stocks Keep Driving the Market Rally?
2023-06-14,S&P 500 to Gold Ratio Suggests Caution Ahead for Equities
2023-06-14,Morgan Stanley’s Mike Wilson Sees US Profit Recession Persisting
2023-06-14,S&P 500 Forecast: Bulls Energized after US CPI. Will the Fed Play Spoiler?
2023-06-15,How to invest in the S&P 500: A guide for beginners
2023-06-15,"S&P 500, Nasdaq jump for sixth straight session to end at 14-month highs despite hawkish Fed and ECB"
2023-06-15,"Stock Market Today: Dow, S&P Live Updates for June 16"
2023-06-15,"NASDAQ 100, Dow Jones, S&P 500: Dow Jones Surges Over 350 Points, S&P 500 Hits 13-Month High"
2023-06-15,Investors swayed by the apparent bull market should beware another false dawn
2023-06-15,Enthusiasm for Tech Stocks and Optimism About Fed Rate Hikes Lift Markets
2023-06-15,"US Stocks: They're So High, It's Time to Diversify"
2023-06-15,Dow Jones Futures Fall: Market Rally Resilient After Fed Surprise; Tesla Ends Record Run
2023-06-15,S&P 500 Has Erased All Losses Since the Fed Started Hiking Rates
2023-06-15,S&P 500: Close to a Local Top?
2023-06-15,"NASDAQ 100, Dow Jones, S&P 500: Lower after Fed’s Hawkish Tone Rattles Investors"
2023-06-15,Wells Fargo Investment Institute 2023 Midyear Outlook: Navigating end-of-cycle turbulence
2023-06-15,CFPs weigh in: Here's the best place to put your money when saving for a house
2023-06-15,Nvidia Stock Got Away? Analysts Think These Techs Will Rally Next
2023-06-15,Company execs used to trumpet their diversity and climate efforts. Now not so much
2023-06-15,TSX positioned to outperform S&P 500 for the next decade: Strategist
2023-06-15,Lennar Stock Leads S&P 500 On Earnings Beat As Homebuyers Accept 'New Normal'
2023-06-15,How the Fed's interest rate hike campaign reshaped the U.S. economy
2023-06-15,S&P 500 may need better breadth to tackle all-time high as six stocks deliver 88% of market cap gains in 2023 ...
2023-06-15,Elon Musk blasts ESG after tobacco stocks beat Tesla
2023-06-15,5 things to remember as the U.S. stock market enters another bull run
2023-06-15,Fundstrat's Tom Lee shares his S&P 500 target for 2024 and names stocks to buy
2023-06-15,The 7 companies driving the U.S. stock market rally
2023-06-16,"S&P 500 Above 4400 Leaves No Room for More Gains, Citigroup Says"
2023-06-16,S&P 500 Reignites Bullish Momentum After FOMC Price Discovery
2023-06-16,"S&P 500 breaks six-day win streak on Friday, but still notches best week since March: Live updates"
2023-06-16,S&P 500 Will Keep Rallying to Hit a New Record High This Year: Strategist
2023-06-16,"U.S. stocks end lower, but S&P 500 scores longest weekly win streak since 2021 after Fed pause"
2023-06-16,How businesses can stand the test of time
2023-06-16,S&P 500 ends lower as Microsoft recedes from record high
2023-06-16,BofA's Hartnett Sees Big US Stock Rally Followed by Big Collapse
2023-06-16,AI Frenzy Pushes S&P 500's RSI To Most Overbought Level Since November 2021: What Does History Suggest Will ...
2023-06-16,"NASDAQ 100, Dow Jones, S&P 500: Consumer Sentiment, Quadruple Witching Set the Tone"
2023-06-16,"Markets End Friday Lower, but Post Weekly Gains Amid Inflation, Fed Optimism"
2023-06-16,S&P 500 leaps to highest close in 14 months; traders bet US rates near peak
2023-06-16,"Stock rally takes breather, but S&P 500, Nasdaq have best week since March: Stock market news today"
2023-06-16,Market Rally Intensifies Debate Over What Will Come Next
2023-06-16,Best CD Rate vs. S&P 500 Return: Which Is Better Right Now?
2023-06-16,Bear Markets: How Deep Is Your Loss?
2023-06-16,"Recession Is Looming and the S&P 500 Could Fall to 4000, Says Wells Fargo"
2023-06-16,How Cheap (or Expensive) is the Stock Market Right Now?
2023-06-16,Big stock rally could be followed by 'big collapse': Bank of America
2023-06-16,The trackers giving most of the S&P 500’s gains to investors
2023-06-16,The S&P 493 is finally joining the S&P 500's rally: Morning Brief
2023-06-16,S&P 500 at new medium-term highs – Is correction coming?
2023-06-16,"ESG returns rebound, taking some gas out performance debate"
2023-06-16,"Tech Futures Up As Adobe Hails 'AI Era,' But This Risk Is Rising"
2023-06-16,"Are stocks cheap? Most are, actually"
2023-06-16,"Top 5 Performing S&P 500 Stocks This Week: 2 Are AI Latecomers, 1 Was Nearly Sunk By Covid"
2023-06-16,"S&P 500 in bull market, but here's why fund investors have missed out"
2023-06-16,The stock market's high-flyers have a new nickname
2023-06-16,"Stock Market News for Jun 16, 2023"
2023-06-16,Why 2023 Is Shaping Up To Be A Historic Bull Market
2023-06-16,Wall Street: Warren Pie says US sharemarket is 'priced to perfection'
2023-06-16,U.S. stocks open higher with S&P 500 on pace for best week since March
2023-06-16,2023 Equity Market Outlook: Midyear Update
2023-06-16,What's So Scary About a Mega-Cap Tech Bull Market?
2023-06-20,"NASDAQ 100, Dow Jones, S&P 500: Futures Lower as Positive Momentum Falters"
2023-06-20,20 Worst Performing S&P 500 Stocks in 2023
2023-06-20,"Stocks close lower for a second straight day, Dow sheds 200 points as market rally cools: Live updates"
2023-06-20,The Stock Market Has Momentum - Maybe Too Much
2023-06-20,9 Up-And-Coming Stocks Are Close To Becoming The Next Big Caps
2023-06-20,"Up 15% in 2023, Is It Safe to Invest in the S&P 500 Right Now?"
2023-06-20,"NASDAQ 100, Dow Jones, S&P 500: Struggling as Investors Await Clarity on Fed Policy"
2023-06-20,"Stocks close lower for third straight day, Nasdaq drops 1% as investors' optimism wanes: Live updates"
2023-06-20,"Stock Market Today: Dow, S&P Live Updates for June 21"
2023-06-20,Dow Jones Today: Markets Sputter To Start Shortened Week
2023-06-20,Stock Market Outlook: the Rally Is Broadening and Has More Room to Run
2023-06-20,Generac stock charges higher to pace the S&P 500 gainers after reports of widespread power outages
2023-06-20,Morgan Stanley Says Stock Bulls Face Rude Awakening
2023-06-20,Tech stock stars of 2023: Companies powering S&P 500 rally
2023-06-20,Mind the Gap: Are Gen Z CEOs a thing already?
2023-06-20,"Why Amazon, Nvidia, and Tesla shares could tumble"
2023-06-20,Dow Tanks 250 Points—And Some Experts Warn More Pain May Be On Deck
2023-06-21,Tesla returns to S&P 500 ESG index with more environmental disclosures
2023-06-21,"The S&P 500 Could Sink 23% in a Recession, so Consider Some Hedging"
2023-06-21,Goldman Strategists See Many Reasons for Hedging S&P 500 Rally
2023-06-21,"S&P 500, Nasdaq rise to end 3-day losing streak as investors snap up tech shares: Live updates"
2023-06-21,"Stock Market Today: Dow, S&P Live Updates for June 22"
2023-06-21,"S&P 500's 'FOMO' rally has upside beyond 4500, says Bank of America chart analyst"
2023-06-21,"NASDAQ 100, Dow Jones, S&P 500: Stocks Retreat as Investors Digest Powell’s Inflation Comments"
2023-06-21,A Complete Breakdown of S&P 500 Companies
2023-06-21,"Wall Street ends lower, pausing rally as Powell testimony looms"
2023-06-21,"Here's how investors will know if the stock-market rally has legs, even if the S&P 500 slides further"
2023-06-21,"The AI boom will stay with the S&P 500, says Wall Street firm bumping up target"
2023-06-21,The Best And Worst Performing Stocks So Far In 2023
2023-06-21,S&P 500 & Sectors: ROIC Falls In 1Q23
2023-06-21,History Suggests This S&P 500 Dividend Stock Is Perfect to Buy and Hold Forever
2023-06-21,Stock Market Outlook: Record Highs Could Be Hit in S&P 500 by End of Year
2023-06-21,Tech leads stock dip as Powell points to more rate hikes: Stock market news today
2023-06-21,S&P 500 & Nasdaq 100 Price Setups: Will Powell’s Speech Trigger a Reversal?
2023-06-21,DJIA Technical: Broke minor support ahead and underperformed
2023-06-21,"Short Bets on US Stocks Hit $1 Trillion, Most Since April 2022"
2023-06-21,The Ultra-Wealthy Love This $579 Billion Recession-Proof Industry Outperforming The S&P 500
2023-06-21,What Is The Great Recession? – Forbes Advisor
2023-06-21,"FOMO Rally in Stock Market Has More Upside, but Key Risk Is Looming: BofA"
2023-06-21,Two Of The World's Richest Men Loaded Up On The Exact Same Stock
2023-06-21,Wall Street extends sell-off as Powell hints at further rate hikes
2023-06-21,Wall Street's new consensus: AI will drive the stock market higher
2023-06-22,"US Stock Market: Dow Jones, S&P 500, Nasdaq fall Jerome Powell inflation recession us dollar"
2023-06-22,Wall Street ends higher as Powell wraps up testimony
2023-06-22,"Stock Market Today: Dow, S&P Live Updates for June 23"
2023-06-22,Wall Street slips as Powell hints at further rate hikes
2023-06-22,"S&P 500, Dow pause as Powell defends inflation fight"
2023-06-22,Analysts keep raising their earnings expectations for the S&P 500
2023-06-22,How Investors Are Preparing Now For The Coming Tech-Stock Crash
2023-06-22,S&P 500 and Nasdaq Snap 3-Day Losing Streak as Tech Stocks Advance
2023-06-22,U.S. stocks shake off rate-hike worries to end mostly higher
2023-06-22,4 Top Dividend Payers of the S&P 500
2023-06-22,"NASDAQ 100, Dow Jones, S&P 500: Investors on Edge as Powell’s Hawkish Stance Puts Wall Street on Alert"
2023-06-22,"Recession obsession, AI boom and wild markets: What Wall Street can expect for the rest of 2023"
2023-06-22,"YOLO Army Bets on Stocks at Fastest Pace Ever, JPMorgan Says"
2023-06-23,Dogs of the S&P 500 Strategy: Performance and 10 Current Picks
2023-06-23,How to Invest in the S&P 500: Should I Invest in the S&P 500 in April 2024?
2023-06-23,"Stocks tumble on Friday, Nasdaq snaps eight-week winning streak: Live updates"
2023-06-23,Wall Street ends higher as Powell wraps up testimony
2023-06-23,S&P 500 & Sectors: Price-To-Economic Book Value Ratio Rises Again In 1Q23
2023-06-23,Wall St Week Ahead Lofty valuations on US stocks a growing worry for investors
2023-06-23,"Dow Jones Today: Index Falls, Breaking 3-Week Winning Streak"
2023-06-23,"Bye-bye, bull markets: A top forecaster predicts the S&P 500 will return just 2% a year after inflation over the next decade"
2023-06-23,"NASDAQ 100, Dow Jones, S&P 500: Investors Brace for Negative Weekly Results"
2023-06-23,"NASDAQ 100, Dow Jones, S&P 500: Wall Street Faces Losing Week as Stock Indexes Retreat"
2023-06-23,"Amazon, 2 discount retailers shine this week as S&P 500 struggles"
2023-06-23,Where Are Analysts Most Optimistic on Ratings for S&P 500 Companies Heading Into Q3?
2023-06-23,How Long Do Bull Markets Last? Here's the Historical Data
2023-06-23,"Stocks sink as Nasdaq, S&P 500 snap lengthy win streaks: Stock market news today"
2023-06-23,"Stocks fall, dollar up as investors weigh more rate hikes"
2023-06-23,BofA Says Investors Are Fleeing Tech Stocks After 'Baby Bubble'
2023-06-23,Global markets slide as recession fears grip investors
2023-06-23,"FTSE 100 back in negative territory, DAX and S&P 500 come off highs"
2023-06-23,FTSE 100 and S&P 500: the return of the market bubble?
2023-06-23,This Fidelity Fund Quietly Beats Cathie Wood At Her Own Game
2023-06-23,"Canadian Stock Payouts Hit Record Levels Versus US, CIBC Says"
2023-06-23,There’s Still Reasons to Believe in Value Investing
2023-06-23,"Stock market: 'Unlikely' S&P 500 will make money in 10 years, strategist says"
2023-06-26,"Charted: Companies in the Nasdaq 100, by Weight"
2023-06-26,"NASDAQ 100, Dow Jones, S&P 500: Fed Tightening, Pfizer’s Drug Drop Dampen Wall Street Mood"
2023-06-26,"NASDAQ 100, Dow Jones, S&P 500: Major Averages End Weekly Winning Streaks, Investors Seek Momentum"
2023-06-26,Nasdaq sheds 1% on Monday as investors dump tech names to start final week of June: Live updates
2023-06-26,"Stock Market Today: Dow, S&P Live Updates for June 27"
2023-06-26,Morgan Stanley's top strategist says stocks are on the precipice of a major plunge
2023-06-26,"Wall Street slips as investors eye Russia, Fed hikes, quarter-end"
2023-06-26,"Dow Jones, Nasdaq, S&P 500 weekly preview: Tech bull running out of steam? By Investing.com"
2023-06-26,Wall Street Gap on Market Outlook Grows Into a Canyon
2023-06-26,"FTSE 100, DAX and S&P 500 try to find support"
2023-06-26,Wharton’s Jeremy Siegel sees ‘mild recession’ this year
2023-06-26,Does the New Standard and Poor's 500 Bull Market Need a Breather
2023-06-26,Stock market set for big first half gain. What history says about rest of 2023.
2023-06-26,Should Invesco S&P 500 High Dividend Low Volatility ETF (SPHD) Be on Your Investing Radar?
2023-06-26,Anatomy of a Narrow Equity Market
2023-06-26,Economic Outlook U.S. Q3 2023: A Sticky Slowdown Means Higher For Longer
2023-06-26,"Take the Zacks Approach to Beat the Market: Shopify, Oracle, Uber in Focus"
2023-06-26,"It’s Too Soon to Say Whether This Is a Bull Market, but Invest Anyway"
2023-06-26,"Stocks slip, tech drags to start last week of June trading: Stock market news today"
2023-06-26,Are investors ignoring the Federal Reserve’s warning?
2023-06-26,Why it might be time to get optimistic about the stock market
2023-06-26,"Investors watch for quarter-end rebalancing in US stocks, bonds and options"
2023-06-27,S&P 500 2024 EPS Estimates Remain Intact
2023-06-27,"S&P 500, Nasdaq futures rise slightly as investors await economic data"
2023-06-27,Wall Street rebounds as upbeat economic data allays slowdown fears
2023-06-27,"Homebuilder ETF outperforms S&P 500, industry's stocks still ‘cheap’ in 2023 market rally"
2023-06-27,Wall Street closes higher as upbeat economic data allays slowdown fears
2023-06-27,"NASDAQ 100, Dow Jones, S&P 500: Mixed Results as Walgreens Disappoints, Durable Goods Surge, Home Prices Vary"
2023-06-27,S&P 500 rally could continue and 'breathe new life' into small cap stocks: Strategist
2023-06-27,Markets Rise on Positive News about Consumer Confidence and Travel Demand
2023-06-27,Stock market today: Live updates
2023-06-27,BNP Paribas AM unveils first ETF on Irish platform
2023-06-27,SPYI Crosses $100 Million As Investors Flood Into S&P 500
2023-06-27,"Fundstrat's Tom Lee Says ""Buy the Dip"" in the S&P 500 -- Here's Why"
2023-06-27,These Investors Mint Nearly $1 Trillion On AI Stock 'Gold Rush'
2023-06-27,This Must-Know ETF Beats the Market Over the Long Term
2023-06-27,Superstar Stocks Are Getting Rarer in the Winner-Take-All Market
2023-06-27,Goldman Sachs: 39 Stocks Expected to 3x S&P 500 With Low Risk
2023-06-27,"Stock Market Today: Dow, S&P Live Updates for June 28"
2023-06-28,BNP Paribas Asset Management launches its first Irish ETF
2023-06-28,"Stock Market Today: Dow, S&P Live Updates for June 29"
2023-06-28,"S&P 500 Vs Russell 2000: Small Caps Should Outperform, Goldman Sachs Says"
2023-06-28,India’s stock market is hitting record highs. Here’s why
2023-06-28,"FTSE 100, DAX 40 and S&P 500 recover"
2023-06-28,The S&P 500 is headed for a big first-half gain. Three key stocks have more than doubled
2023-06-28,"NASDAQ 100, Dow Jones, S&P 500: Prices Slide as Trade Tensions Mount; Nvidia Declines"
2023-06-28,Nasdaq Set For Best First Half In Its 52-Year History Amid AI-Fueled 'Market Euphoria'
2023-06-28,"S&P 500, Nasdaq edge higher as Apple counters Fed jitters"
2023-06-28,Forget AI and EVs; 2 Cruise Lines Rank Among Top 5 Stocks in S&P 500
2023-06-28,"S&P 500, Dow end lower after Powell reiterates Fed could raise rates twice more"
2023-06-28,Equal Weight RSP Poised to Outperform S&P 500 in June
2023-06-28,S&P 500 closes near flat as Powell warns that more restrictive policy could be on the way: Live updates
2023-06-28,"Dow, S&P 500 end lower after Fed’s Powell says back-to-back rate hikes aren’t ruled out"
2023-06-28,July became best month for stocks over past 10 years. Here's what it will take for market to rally again this year.
2023-06-28,Meta tops list of U.S. firms spending on private jets
2023-06-28,Equal Weight RSP Poised to Outperform S&P 500 in June
2023-06-28,"Watch out: S&P 500 gains may be much lower than expected, Fed economist says"
2023-06-28,General Mills (GIS) Stock Sinks After Cheerios Maker Forecast Slowdown
2023-06-28,American companies are draining their cash at the dumbest possible time
2023-06-28,"Cathie Wood's Ark Outshines S&P 500, Nasdaq In H1: Here Are The Major Trades It Made"
2023-06-28,S&P 500 Companies: A Visual Breakdown - The Big Picture
2023-06-28,Goldman Sachs Says Attractive Valuations Make Small-Cap Stocks Appealing; Here Are 2 'Strong Buy' Names With ...
2023-06-29,"Nasdaq edges up, S&P 500, Dow decline slightly; more Fed rate hikes in focus"
2023-06-29,"Dow, S&P gain with bank rally countering rate worries"
2023-06-29,Op-Ed: No one saw the S&P 500 surging 14% in the first half of 2023
2023-06-29,"S&P 500 ends higher, Treasury yields touch three-month high on solid US economic data"
2023-06-29,"Stock Market Today: Dow, S&P Live Updates for June 30"
2023-06-29,Default risk broadly ticks up for S&P 500 companies at end of June
2023-06-29,"NASDAQ 100, Dow Jones, S&P 500: Optimism as GDP Surpasses Expectations, Jobless Claims Drop"
2023-06-29,Investors are pouring money into this modified S&P 500 stock-market strategy
2023-06-29,"Dow closes 200 points higher as major banks pop on stress test results, GDP revised upward: Live updates"
2023-06-29,Investing During a Recession: How Much Do You Know?
2023-06-29,Is a 'Double Negative' in the S&P 500 Index coming?
2023-06-29,"Wall Street rallies as it heads for a winning week, month and first half of year"
2023-06-29,"Stock Market News Today, 6/29/23 – Dow, S&P 500 Rally as Financials Lead - TipRanks.com"
2023-06-29,Verizon Stock Has Over 60% Upside If It Recovers To Its Pre-Inflation Shock Highs
2023-06-30,"US stocks: Dow, S&P gain with bank rally countering rate worries"
2023-06-30,"The Artificial Intelligence (AI) Boom Could Send the S&P 500 50% Higher by 2025, According to Wall Street"
2023-06-30,"Wall St rallies; Nasdaq hits 40-year milestone, Apple scales $3 trillion"
2023-06-30,Stock Market Rally That Shocked Everyone Is Broadening Beyond Tech
2023-06-30,Meet The Index Laggards
2023-06-30,The Top 10 Performing Stocks in the S&P 500 in the First Half of 2023
2023-06-30,Why US stocks may rally more than expected this year
2023-06-30,"S&P 500 rises on Friday to close out big first half, Nasdaq posts best start to a year in 4 decades: Live updates"
2023-06-30,"FTSE 100, DAX 40, and S&P 500 try to end month and quarter on a high"
2023-06-30,"S&P 500: Six Stocks Turn $10,000 Into $69,878 In Six Months"
2023-06-30,2023 Second Half Preview: What to Expect for the Stock Market
2023-06-30,Most investors believe we are in a new bull market and there will be no recession in 2023
2023-06-30,Inflation Data Propel S&P 500 To 52-Week High. What Traders See In The Details.
2023-06-30,Moving Averages: S&P Finishes June Up 6.5%
2023-06-30,Cathie Wood Is Back On Top Thanks To 8 Stocks Not In The S&P 500
2023-06-30,"Apple is now worth $3 trillion, boosted by the Nasdaq’s best start in 40 years"
2023-06-30,The stock market's surprising first-half strength
2023-06-30,"Banking shares rally and lift Dow, S&P 500"
2023-06-30,Biden stock market gains trail Trump and Obama
2023-06-30,Six questions facing US stock investors as 2023's second half nears
2023-07-03,Apple's growing stock market heft poses dilemma for fund managers
2023-07-03,"S&P 500, Nasdaq Ahead of US Jobs Data: No Sign of a Reversal"
2023-07-03,Stock Market Outlook: Fundstrat Raises 2023 S&P 500 Price Target on AI
2023-07-03,"Nifty 500 vs S&P 500: India catches its breadth, even as US outruns it"
2023-07-03,"Dow Jones, Nasdaq, S&P 500 weekly preview: Bears in back seat"
2023-07-03,Top 25 Stocks in the S&P 500
2023-07-03,"Fundstrat's Tom Lee raises S&P 500 target, sees all-time high before year-end"
2023-07-03,S&P 500 to Finish Year Modestly Higher: Invesco's Hooper
2023-07-03,Here's another reason that the market could post a huge rally in the second half
2023-07-03,"Stock Market Today: Dow, S&P Live Updates for July 4"
2023-07-03,"What Is the Russell 1000 Index? Definition, Holdings, and Returns"
2023-07-05,S&P 500 Vs. Gold: Which Is The Better Investment?
2023-07-05,Exploiting the wonderfully weird overnight drift of stocks
2023-07-05,"NASDAQ 100, Dow Jones, S&P 500: Cautious Trade Ahead of Fed Minutes"
2023-07-05,US stocks broadly rise in June with S&P 500 up 6.5%
2023-07-05,These S&P 500 stocks are trading at a discount as the second half gets under way
2023-07-05,Dow slips 100 points to snap 3-day win streak as investors consider Fed’s latest comments: Live updates
2023-07-05,Just 8 Stocks Make These 'Rule Of 10' Screens
2023-07-05,Wall Street posts modest loss after Fed minutes
2023-07-05,Broadening horizons - deceptive breadth of equity rally
2023-07-05,"June, Mid-Year 2023 Review and Outlook"
2023-07-05,"NASDAQ 100, Dow Jones, S&P 500: Mixed on Return from Holiday Break as Investors Await Fed Minutes"
2023-07-05,"Stock Market Today: Dow, S&P Live Updates for July 6"
2023-07-05,S&P 500 snaps three-day win streak as U.S. stocks close lower
2023-07-05,Dow closes more than 300 points lower as hot jobs data raises fears of Fed rate hikes: Live updates
2023-07-05,Cost of debt repayments a rising burden for US companies
2023-07-05,Most valuable US companies in the world by market cap
2023-07-05,"Stocks end lower amid China headwinds, Fed minutes: Stock market news today"
2023-07-05,The 'Rule of 10' Can Identify Next Stock Market Winners: Goldman Sachs
2023-07-05,ETFs to Tap S&P 500 After Best 1H Since 2009
2023-07-05,"FTSE 100, DAX 40 and S&P 500 on a Negative Footing"
2023-07-05,"Cramer examines the worst performers from the first half of 2023, explains why the market seems narrow"
2023-07-05,"Stock Market News for Jul 5, 2023"
2023-07-05,Jeremy Grantham of GMO: Stock market crash 70% likely
2023-07-05,"Wall Street bull sees stocks higher in 2023, but AI won't be the only driver"
2023-07-05,The Fed can’t decide how much money US households have left
2023-07-05,"Stock Market Indexes | S&P 500, DJIA, and NASDAQ"
2023-07-06,What exactly is your problem with stock index concentration?
2023-07-06,"Stock Market Today: Dow, S&P Live Updates for July 7"
2023-07-06,"The Bull Market in Stocks Is on Track to Push S&P 500 to 5,000 by 2024"
2023-07-06,Out-of-sync U.S. stocks hide market risks
2023-07-06,Equity Outlook: AI Stars Eclipse Broader Earnings Resilience
2023-07-06,REIT stocks log positive returns in Q2 but underperform S&P 500
2023-07-06,Dow tumbles on red-hot US job market
2023-07-06,Wall St slides as labor data stokes rate hike fears
2023-07-06,"NASDAQ 100, Dow Jones, S&P 500: Caution Prevails as Robust Jobs Data Raises Rate Hike Concerns"
2023-07-06,"Wall Street predictions gone wrong, experts revise S&P 500 target for 2023"
2023-07-06,Left behind by 2023 stock-market rally? Use this kind of ETF to play catchup
2023-07-06,Wall Street Traders Reel as Still-Hot Economy Fuels Rate-Hike Bets
2023-07-06,Is It Time to Buy the S&P 500's 3 Worst-Performing Stocks in June?
2023-07-06,What Is the Weekend Effect? Is It Real?
2023-07-06,Wall St logs sharp losses as labor market strength stokes rate-hike fears
2023-07-06,David Rosenberg: It's time to deploy profits from the U.S. stock market to the TSX
2023-07-06,Dow Plunges 350 Points As Investors Brace For 'Much More' Aggressive Fed Action
2023-07-06,Top 50 ETFs 2023: Satellite ETFs
2023-07-06,Stock Investors Are on Notice After Wall Street's Fear Gauge Jumps
2023-07-06,8 of the Best BlackRock Funds to Buy for Your IRA
2023-07-06,"S&P/TSX composite down almost 300 points, U.S. stocks also fall"
2023-07-06,Titan Review 2024: What You Need To Know
2023-07-06,"7 Of The Top 10 Most-Valuable Stocks Are Still Cheap, Analysts Say"
2023-07-06,How the S&P 500 responded to the new PVP disclosure rules
2023-07-07,"Stocks tumble on Friday, notching weekly losses, as traders' rate hike fears return: Live updates"
2023-07-07,S&P 500 edges up after mixed jobs data
2023-07-07,"NASDAQ 100, Dow Jones, S&P 500: US Stocks Waver on Weaker Jobs Report, Fed Rate Hike Worries"
2023-07-07,BofA stocks indicator sees S&P 500 surging 16% in next 12 months
2023-07-07,Industry Analysts Project 9% Increase in S&P 500 Price Over the Next 12 Months
2023-07-07,S&P 500 bears are moving in but on the front side of bull trend
2023-07-07,"US Stocks Sink as Yields Soar, S&P 500 Carves Out Bearish Double-Top Pattern"
2023-07-07,Wall Street ends choppy day lower after jobs data
2023-07-07,US Stock Market: Today’s update on S&P 500 and Nasdaq 100
2023-07-07,"FTSE 100, DAX 40 and S&P 500 are Taking a Hit Amid Strong US ADP Jobs Data"
2023-07-07,Stock Market Short Sellers That Helped Fuel This Year's Rally Are Finally Giving Up
2023-07-07,"The No. 1 way to grow your wealth, according to a self-made millionaire: It’s ‘deceptively simple’"
2023-07-07,5 ETF Winners of 1H23 With More Upside Left
2023-07-07,"US STOCKS-S&P 500, Dow slip after mixed jobs data"
2023-07-07,S&P 500 gains as weakest pace of job growth since 2020 eases Fed hike worries By Investing.com
2023-07-07,"Jobs Report: Hiring Is Merely Solid, But Wage Growth Is Hot"
2023-07-07,Should SPDR Portfolio S&P 500 Value ETF (SPYV) Be on Your Investing Radar?
2023-07-07,Cruise Line Stocks Have Become Top Performers
2023-07-07,25 US Companies With The Highest Profit Margins
2023-07-07,SPX: S&P 500 Drops 0.8% After Data Shows US Labor Market is Still Hot
2023-07-07,"These stocks, including Tesla, are this week's top performers as the S&P 500 falls"
2023-07-07,"Energy stocks jump, S&P 500 struggles for direction heading towards closing bell"
2023-07-07,"U.S. stocks give up gains to end lower, book weekly losses after June jobs data"
2023-07-10,Wall St ends up; investors digest Fed official comments
2023-07-10,Highest Number of S&P 500 Companies Issuing Positive EPS Guidance Since Q3 2021
2023-07-10,"NASDAQ 100, Dow Jones, S&P 500: Investors Await CPI Data, Earnings Season; Meta Climbs"
2023-07-10,S&P 500 index expected to gain 9.3% over the next 12 months: FactSet
2023-07-10,"Stock Market Today: Dow, S&P Live Updates for July 11"
2023-07-10,"NASDAQ 100, Dow Jones, S&P 500: Futures Slide as Investors Brace for Inflation Data, Earnings Season"
2023-07-10,Stocks on S&P 500 Face Further Losses as Profit Warnings Loom
2023-07-10,"Dow Jones, Nasdaq, S&P 500 weekly preview: Q2 earnings season is here"
2023-07-10,"Citi downgrades U.S. stocks, sees S&P 500 pull back 9% to 4000"
2023-07-10,Dow closes 200 points higher Monday to snap 3-day losing streak: Live updates
2023-07-10,Tom Lee says S&P 500 may rally 100 points on lighter inflation reading
2023-07-10,"S&P 500 could surge 100 points this week on inflation data, says Fundstrat's Lee"
2023-07-10,"Stocks score first gains in four days ahead of inflation data, earnings season"
2023-07-10,This stock investing strategy has blown away the S&P 500. Here's a way to refine it for quality.
2023-07-10,10 S&P 500 Stocks to Buy With the Most Upside
2023-07-10,Market heavyweights dip ahead of Nasdaq 100 rebalance
2023-07-10,Morgan Stanley Mike Wilson: better Q2 earnings not enough
2023-07-11,Stock market concentration: Interpreting the tech stock rally
2023-07-11,"S&P 500 is most likely going to correct back to 4,100, Mizuho warns market bulls"
2023-07-11,Market heavyweights dip ahead of Nasdaq 100 rebalance
2023-07-11,"Stock Market Today: Dow, S&P Live Updates for July 12"
2023-07-11,"NASDAQ 100, Dow Jones, S&P 500: Investors Await CPI Data, Earnings Season; Meta Climbs"
2023-07-11,"S&P 500 at risk of tumbling to 4,100, Mizuho warns market bulls"
2023-07-11,"Meme Stocks Rally, Waving Short-Term ‘Red Flag’ for S&P 500 Index"
2023-07-11,"Wall St ends up ahead of CPI; JPMorgan, financial shares gain"
2023-07-11,"Stock Market Today: Dow ends up 317 points, scores best day in a month ahead of June CPI reading"
2023-07-11,"S&P 500, Dow rise ahead of monthly inflation data"
2023-07-11,"NASDAQ 100, Dow Jones, S&P 500: Cautious Trade Ahead of US Inflation Data"
2023-07-11,"Want Diversification? You Won't Find It With the Dow Jones Industrial Average, S&P 500, or Nasdaq 100"
2023-07-11,"S&P 500 climbs as energy, industrials flex muscles; Inflation data eyed"
2023-07-11,Dow closes 300 points higher Tuesday as key consumer inflation report looms: Live updates
2023-07-11,Will S&P 500 Resume Its Uptrend?
2023-07-12,"S&P 500, Nasdaq close at highest in 15 months after inflation data takes some pressure off Fed"
2023-07-12,Explainer: What is Nasdaq's special rebalancing and its impact?
2023-07-12,"S&P, Nasdaq climb 1% each as cooling inflation eases Fed rate hike fears"
2023-07-12,US earnings recession fades but Wall St is expensive
2023-07-12,"The stock market could fall this far in a recession, says Oxford Economics"
2023-07-12,"NASDAQ 100, Dow Jones, S&P 500: Stocks Soar on Lower Inflation Data; Bank Stocks Lead Rally"
2023-07-12,"Stock Market Today: Dow, S&P Live Updates for July 13"
2023-07-12,"S&P 500, Nasdaq close at highest levels since April 2022, buoyed by cooler-than-expected inflation report: Live updates"
2023-07-12,S&P 500 Ekes Out Modest Gain Ahead of US CPI Data but Double Top Still in Play
2023-07-12,Nasdaq leads Wall St to higher close as CPI report lifts sentiment
2023-07-12,Here's Where History Says the Latest Bull Market Is Headed Next
2023-07-12,Dow Jones Today: Index Jumps on Inflation Drop
2023-07-12,"NASDAQ 100, Dow Jones, S&P 500: Futures Edge Higher Ahead of Inflation Data"
2023-07-12,Midyear outlook: Why market history says to expect 'outsize' performance in the second half of 2023
2023-07-12,US stocks hit 15-month high after inflation falls more than forecast
2023-07-12,Domino's Shares Soar After Striking App-Ordering Deal With Uber
2023-07-13,U.S. stocks just reached another market milestone. Here's how the S&P 500 could climb even higher.
2023-07-13,Nasdaq climbs 1% as ebbing inflation eases rate hike fears
2023-07-13,CNBC Daily Open: The S&P 500 can hit a record high
2023-07-13,"As S&P 500 hits 2023 highs, it’s all systems go for stock market bulls"
2023-07-13,Nasdaq leads Wall St to higher close as CPI report lifts sentiment
2023-07-13,"S&P 500 finishes above 4,500 level for first time in 15 months as U.S. stocks advance for 4th day on upbeat inflation data"
2023-07-13,S&P 500 Information Technology sector outperformed S&P 500 by 26% in 6 months to June - S&P Dow Jones
2023-07-13,"S&P 500 can 'easily' top 5000 by end of 2023, portfolio manager says"
2023-07-13,Goldman Partner Sees S&P 500 Rising to Record Before Year’s End
2023-07-13,Global X launches covered call S&P 500 ETF
2023-07-13,S&P 500 climbs as Alphabet leads rally in tech
2023-07-13,"Under-the-surface improvements in the S&P 500 signal big gains ahead, history shows"
2023-07-13,"Stock Market Today: Dow, S&P Live Updates for July 14"
2023-07-13,"Wall St ends up, extends recent gains on cooling US inflation"
2023-07-13,Cash in on the 1%’s favorite investing style—minus the fees
2023-07-13,"S&P 500, Nasdaq Reach Fresh Yearly Highs as Disinflation Takes Hold"
2023-07-13,US stocks: Wall Street returns to highest level in more than a year
2023-07-13,Stock market today: Live updates
2023-07-14,"Dow closes 100 points higher Friday on solid earnings, registers best week since March: Live updates"
2023-07-14,S&P 500 Q2 earnings now seen down 8.1% yr-over-yr; 6.4% decline seen week ago-Refinitiv
2023-07-14,"S&P 500 ends down with banks mostly lower, indexes post weekly gains"
2023-07-14,"S&P 500 Earnings Season Update: July 14, 2023"
2023-07-14,"S&P 500 snaps 4-day win streak, but stocks still score weekly gains after bank earnings"
2023-07-14,"US stocks rise for fourth straight day, S&P 500 at 15-month peak"
2023-07-14,Investors Look for Reasons the Market Could 'Grind Higher'
2023-07-14,"S&P 500 ends down with banks mostly lower, indexes post weekly gains"
2023-07-14,S&P 500 off highs on Citigroup slip as major Wall Street banks kick off earnings
2023-07-14,Five S&P 500 Stocks More Than Double Your Money This Year
2023-07-14,Stock Market Still Underwater - Apple Floats At 0% Return Level
2023-07-14,Top-Ranked Hedge Fund Chief Sees S&P 500 Entering 'No Man's Land'
2023-07-17,Equities are in the 'optimism' phase of the stock market cycle
2023-07-17,Ahead of Market: 10 things that will decide D-Street action on Tuesday
2023-07-17,"Stock Market Today: Dow, S&P Live Updates for July 18"
2023-07-17,"Dow Jones, Nasdaq, S&P 500 weekly preview: Big Tech takes the stage By Investing.com"
2023-07-17,"S&P 500, Nasdaq end at 15-month highs ahead of busy week of earnings"
2023-07-17,Dow Jones Today: Stocks Rise To Start Big Week of Corporate Earnings
2023-07-17,S&P 500 Gains & Losses Today: Solar Stocks Jump After First Solar Deal
2023-07-17,"NASDAQ 100, Dow Jones, S&P 500: Futures Stable as Investors Await Earnings Surge"
2023-07-17,"Dow rises for sixth straight day, closes at highest level in 2023: Live updates"
2023-07-17,"S&P 500: Solar Stocks Shine As Telecoms, Tesla Rival Tumble"
2023-07-17,S&P 500 Will Likely Report a Decline in Earnings for 3rd Consecutive Quarter in Q2 2023
2023-07-17,Lone S&P 500 Stock Ignored by Wall Street Is Paying the Price
2023-07-17,"Markets Week Ahead: Gold, EUR/USD, S&P 500 Break Out as USD Tanks; Tesla Earnings Eyed"
2023-07-17,"NASDAQ 100, Dow Jones, S&P 500: Mixed Sentiment as Investors Eye Earnings, Economic Data"
2023-07-17,Fundstrat's Tom Lee explains why he sees an all-time high in the S&P 500 this year
2023-07-17,Ed Yardeni sees S&P 500 rising to a record as high as 5400 within the next 18 months
2023-07-17,Wall St ends higher with earnings poised to ramp up
2023-07-17,"The 'S&P 500 is hot, the Nasdaq is even hotter,' says this strategist."
2023-07-17,"S&P 500 rises as financials, tech shine ahead of further earnings parade this week"
2023-07-17,Why investors should not expect positive economic data to push S&P 500 materially higher as good news already priced into stocks
2023-07-17,"The Zacks Analyst Blog Highlights SPDR S&P 500 ETF Trust, Nvidia, Carnival, PulteGroup and Copart"
2023-07-17,"Stocks will hit a record high by the end of 2024 as the latest bull market rages on, veteran market watcher says"
2023-07-17,S&P 500 moving 'in lockstep' with consumer sentiment: Strategist
2023-07-17,BlackRock offers a vote to retail investors in its biggest ETF
2023-07-17,Can Home Depot Stock Return To Pre-Inflation Shock Highs?
2023-07-17,Here's what's lifting U.S. stocks this year
2023-07-17,Graphic: Large stocks driving S&P 500's gains
2023-07-17,BlackRock to Expand Proxy Voting Choice to Its Largest ETF
2023-07-17,The Birkin bag is one of the best luxury investments out there
2023-07-17,S&P 500 (SPY) ETF: What's on the Horizon? - TipRanks.com
2023-07-17,"Mid-Year Thematic Review: Contrarians 1, Consensus 0 – Global X ETFs"
2023-07-17,Investors Who Bet Against Cathie Wood Pay The Price
2023-07-17,"Last year's exaggerated market swings haven't entirely subsided in 2023, despite the S&P 500's gains"
2023-07-17,U.S. CEO Compensation Advantage Grows vs. U.K. Peers
2023-07-17,"Stock Market News for Jul 17, 2023"
2023-07-18,Weekly S&P 500 Index performance 2023
2023-07-18,S&P 500 Gains & Losses Today: Big Bank Stocks Advance on Strong Earnings Reports
2023-07-18,Credit Suisse ups S&P 500 year-end forecast to 4700
2023-07-18,"Dow, S&P 500 rise after upbeat earnings from big banks"
2023-07-18,Markets Mixed at Midday as Strong Earnings Reports Lift the Dow and S&P 500
2023-07-18,"NASDAQ 100, Dow Jones, S&P 500: Market Digests Earnings, Retail Sales Amid Looming Fed Decision"
2023-07-18,Credit Suisse raises S&P 500 target to 4700 — highest on Wall Street
2023-07-18,Bank results lift stocks; Dow up for seventh straight session
2023-07-18,Dow Jones Today: Stocks Gain on Better-than-Expected Bank Earnings
2023-07-18,"Stock Market Today: Dow, S&P Live Updates for July 19"
2023-07-18,Equity View: Why the S&P 500 Is Trading Near Fair Value
2023-07-18,"Dow pops more than 300 points for 7th straight positive day, longest winning streak since 2021: Live updates"
2023-07-18,"S&P 500 Has All-Time Highs In Sight, But What If It Hesitates?"
2023-07-18,First ETF with 100% protection against losses launches in US
2023-07-18,"Why Nasdaq, S&P 500 Futures Are Dipping Today - PNC Finl Servs Gr (NYSE:PNC), Masimo (NASDAQ:MASI), Bank"
2023-07-18,S&P 500 Banks Reporting Higher Provisions for Loan Losses for Q2
2023-07-18,"S&P 500 Outlook: Make or Break Week for Stocks ahead of Netflix, Tesla Earnings"
2023-07-18,ETF That Offers 100% Downside Protection During Selloffs Debuts
2023-07-18,"Stock Market News for Jul 18, 2023"
2023-07-18,S&P 500 Outlook Over Next 1-2 Months: Broadening Participation Points to Further Gains
2023-07-18,"S&P 500, Nasdaq: Highest Levels in 15 Months"
2023-07-18,First ETF to Offer Protection Against 100% of Stock Losses Launches
2023-07-19,US stocks climb as investors assess bank earnings; Dow eyes 8th day of gains
2023-07-19,S&P 500 Gains and Losses Today: Stocks Rally on Solid Earnings News
2023-07-19,These 4 Bearish Scenarios Could Rock the Stock Market by End of Year
2023-07-19,S&P 500 in 'terrific uptrend' as sectors reach record-highs: Analyst
2023-07-19,Stocks advance as earnings pick up; Dow notches 8th day of gains
2023-07-19,Analyst That Correctly Called the S&P 500's Rally Has a Warning About What's Next For Stocks
2023-07-19,"Omnicom’s stock tumbles to lead the S&P 500’s losers, after revenue misses expectations"
2023-07-19,Is the S&P 500 set to hit an all-time high this year?
2023-07-19,"NASDAQ 100, Dow Jones, S&P 500: Mixed Opening Expected Despite Strong Start to Earnings Season"
2023-07-19,"Stock Market Today: Dow, S&P Live Updates for July 20"
2023-07-19,"Dow jumps 100 points for its eighth straight winning day, a first since 2019: Live updates"
2023-07-19,Entry Point Looming for S&P 500 Bulls
2023-07-19,Stock market today: Asian shares are mixed as investors weigh weakness in the tech sector
2023-07-19,Q3 2023 Equity Insights
2023-07-19,A Stock Fund That Can't Go Down
2023-07-19,"Up 19% in 2023, would I be crazy to invest in the S&P 500 right now?"
2023-07-19,Why Are Investors Allocating to Equal-Weight RSP Now?
2023-07-19,Short sellers avoid mega-cap stocks that drive market rally
2023-07-20,Double or quits: valuing Wall Street (part 2)
2023-07-20,"Tesla, Netflix pull Nasdaq and S&P lower, Dow ends higher"
2023-07-20,New S&P 500 Target From Piper Sandler's Michael Kantrowitz Still Sees 20% Drop
2023-07-20,"NASDAQ 100, Dow Jones, S&P 500: Mixed Performance Amid Disappointing Earnings from Netflix, Tesla"
2023-07-20,Rare Streak for S&P 500 Matches Its Runup to All-Time High
2023-07-20,Incentives Linked to ESG Metrics Among S&P 500 Companies
2023-07-20,Stock Market Today: Nasdaq ends more than 2% lower after earnings disappointment
2023-07-20,Dow rises more than 100 points to notch first 9-day rally since 2017. Nasdaq tumbles 2%: Live updates
2023-07-20,"Dow posts 9-day winning streak, while earnings sink Nasdaq, S&P 500"
2023-07-20,"Strategist Raises S&P 500 Price Target 16% to 4,700 Amid Red-Hot Rally"
2023-07-20,"Dow ekes out narrow gain Friday for 10th straight positive day, longest rally since 2017: Live updates"
2023-07-20,'Nowhere near bubble territory': What 3-year returns say about the stock-market rally
2023-07-20,S&P 500 Gains and Losses Today: Stocks Mixed After Latest Earnings Reports
2023-07-20,"US STOCKS-S&P 500, Nasdaq to open lower as Tesla, Netflix slump"
2023-07-20,"Stock Market Today: Dow, S&P Live Updates for July 21"
2023-07-20,The magnificent 7: How AI is lifting the S&P 500
2023-07-20,"The stock market has soared this year, but will it last? Experts weigh in"
2023-07-20,"Tesla, Netflix pull Nasdaq and S&P lower, Dow ends higher By Reuters"
2023-07-20,Nine Stocks Let You Cash In On Obscene Flight And Hotel Prices
2023-07-20,Stock market rally broadens as transportation stocks join the 52-week-high club
2023-07-20,'Night effect' ETFs to shut down with overnight stock returns elusive
2023-07-20,Global X covered call ETFs: An unnecessary volatility tool?
2023-07-20,"Stock-market bubble trouble? Check out the 3-year view on Nasdaq, S&P 500 returns."
2023-07-20,Nasdaq Plummets; Dow Pulls Off Longest Winning Streak in 5 Years
2023-07-20,"S&P 500 Approaches 4,600: Time to Lock in Profits?"
2023-07-20,Kim Kardashian may be the hero the IPO market needs
2023-07-20,Can the S&P 500 really surge 42% by 2025?
2023-07-21,Dow Ekes Out Longest Winning Streak in 6 Years; Nasdaq Ends the Week Lower
2023-07-21,Unbearable weight of heavyweights
2023-07-21,Stocks end mixed; Dow up for tenth straight day
2023-07-21,S&P 500 Gains and Losses Today: Index Little Changed on Mixed Earnings Reports
2023-07-21,One measure of 'the market' is up 34% this year while another is only up 6%—here's why
2023-07-21,The Future Looks Brighter for IP-Backed Financing
2023-07-21,S&P 500's Bear Market Is 260 Points From Being Over
2023-07-21,"S&P 500 Earnings Season Update: July 21, 2023"
2023-07-21,Stock Market Outlook: 3 Indicators Say 30% S&P 500 Rally Not Stretched
2023-07-21,"Global markets update: Tesla, Netflix drag down S&P 500 and Nasdaq | Mint"
2023-07-21,Short Squeeze: Market Strategists Try Getting the Rest of 2023 Right
2023-07-21,"Kevin O'Leary: Bidenomics Fantastic for Stocks, Bad for Small"
2023-07-21,S&P 500 rises as defensive stocks shine ahead of big tech earnings
2023-07-21,"US stocks: Tesla, Netflix pull Nasdaq and S&P lower, Dow ends higher"
2023-07-21,Wall St Week Ahead Relentless U.S. stock rally faces Fed test
2023-07-21,Interpublic Group Cuts Growth Outlook as Tech Business Stumbles
2023-07-21,Investors Make A Bundle On 10 Stocks Others Panic Sold (Like Tesla)
2023-07-21,How Concentration at the Sector Level Has Changed in Recent Months
2023-07-21,"Dow Jones, S&P 500 May Climb as Retail Traders Remain Deeply Bearish"
2023-07-21,Dow books 10th straight winning session as tech stocks fall on disappointing earnings
2023-07-24,S&P 500 index 6% away from creating history! Will it cross all-time high levels in 2023?
2023-07-24,S&P 500 Reporting A Lower Year-Over-Year Net Profit Margin For the 6th Straight Quarter
2023-07-24,Goldman's Kostin Says S&P 500 to Be Pricier as Laggards Catch Up
2023-07-24,"Stock Market Today: Dow, S&P Live Updates for July 25"
2023-07-24,Uber's stock deemed 'hard to ignore' with possible S&P 500 inclusion ahead
2023-07-24,"Dow rises nearly 200 points, extends rally to 11 days for longest winning streak in six years: Live updates"
2023-07-24,"Dow Jones, Nasdaq, S&P 500 weekly preview: All eyes on Microsoft By Investing.com"
2023-07-24,"NASDAQ 100, Dow Jones, S&P 500: Tech Giants Lead Wall Street’s Bullish Start; Fed Rate Decision Looms"
2023-07-24,S&P 500 Is Moving on From Big Tech - It Could Mean Smaller Stock Gains
2023-07-24,I Asked An AI Tool What It Thinks About The Stock Market Rally
2023-07-24,S&P 500 rises at the start of big week but bearish technicals cast shadow
2023-07-24,S&P 500 Gains and Losses Today: Oil Industry Stocks Surge as Oil Prices Rise
2023-07-24,"AI, ChatGPT and Inflation Push US Stocks Toward All-Time Highs"
2023-07-24,"Stocks Rise To Kick Off Big Week of Earnings, Fed Decision"
2023-07-24,"S&P 500 higher ahead of big tech earnings, Fed decision"
2023-07-24,'We Were Wrong': Morgan Stanley's Wilson Offers Stocks Mea Culpa
2023-07-24,Unleash Your Investing Power: Why the S&P 500 Is the Ultimate Growth Engine for Canadians
2023-07-24,Innovator debuts first 'Buffer' ETF with 100% downside protection
2023-07-24,The New S&P 500 Buffer ETF That Offers 100% Downside Protection: Here's How It Works!
2023-07-24,Stocks gain despite tech slip | Active Trader Commentary
2023-07-24,Few Are Worrying About Stock Market Breadth Anymore
2023-07-24,JPMorgan's Kolanovic Sticks to Stock Selloff Call Even as Market Defies Gloom
2023-07-24,"Stock Market News for Jul 24, 2023"
2023-07-24,Should Vanguard S&P 500 Value ETF (VOOV) Be on Your Investing Radar?
2023-07-24,The market rally isn't just the Magnificent Seven anymore
2023-07-24,Dow leads Wall Street higher as investors eye beyond tech
2023-07-24,A $27 Trillion Earnings Week Looms for High-Flying Stock Markets
2023-07-25,S&P 500 Gains and Losses Today: Stocks Rally on Earnings Enthusiasm
2023-07-25,"S&P 500 rally is showing signs of a bubble, selloff is coming - JPM"
2023-07-25,"Dow closes higher for 12th straight day, registers longest rally since February 2017: Live updates"
2023-07-25,"Stocks Rise on Earnings Optimism Ahead of Google, Microsoft Reports"
2023-07-25,"S&P 500 rises on tech strength ahead of Microsoft, Alphabet Results"
2023-07-25,"S&P 500 Risks 64% Meltdown, Says Expert Who Called 2000, 2008 Crashes"
2023-07-25,AI mania drives Wall Street to higher close ahead of earnings
2023-07-25,S&P 500 hits highest level in more than a year ahead of Federal Reserve meeting
2023-07-25,"As tech stocks skyrocket, here are the S&P 500's best and worst sectors for profit margins"
2023-07-25,What Is the VIX?
2023-07-25,"S&P 500, Nasdaq: Big Tech Earnings and FOMC to Dominate a Busy Week"
2023-07-25,"Cost of betting on a stock-market crash is cheapest since 2008, says BofA"
2023-07-25,15 value-stock picks for momentum investors
2023-07-25,Meme Stocks' 133% Rally Finally Proves Investors 'Lost Their Minds'
2023-07-25,The stock market is dominated by just a handful of companies. The Biden administration is worried
2023-07-25,Morgan Stanley's Mike Wilson admits he 'was wrong' about the S&P 500 as the index is close to erasing 2022's plunge
2023-07-25,"Stock Market Today: Dow, S&P Live Updates for July 26"
2023-07-26,U.S. stocks close little changed as Fed leaves door open
2023-07-26,Investors are seized by optimism. Can the bull market last? | Mint
2023-07-26,S&P 500 Gains and Losses Today: Stocks Mixed After Fed Lifts Rates
2023-07-26,"Dow rises for a 13th straight day, posting its best winning streak since 1987: Live updates"
2023-07-26,"The Fed Hikes Again, But Powell Makes A Dovish Shift; The S&P 500 Is Unmoved"
2023-07-26,"When Performance Matters: Nasdaq-100 vs. S&P 500 Q2, 2023"
2023-07-26,"NASDAQ 100, Dow Jones, S&P 500: Coca-Cola Q2 Earnings Surpass Estimates; Investors Eye Fed"
2023-07-26,Hedging Stock-Market Sell-Off Hasn't Been This Cheap Since 2008: BofA
2023-07-26,"S&P 500, Nasdaq slide as Big Tech results roll in; Fed in focus"
2023-07-26,"Stock Market Today: Dow, S&P Live Updates for July 27"
2023-07-26,Dow Jones Today: Index Notches Longest Streak in 36 Years
2023-07-26,Investors Massively Shorting 12 Meme Stocks Are Playing With Fire
2023-07-26,"S&P 500, Nasdaq Update: US Stocks Ease Ahead of FOMC Despite Positive Earnings"
2023-07-26,"S&P 500, Nasdaq weakness belie bullish market breadth"
2023-07-26,The Dow just posted its best winning streak since the 1980s. Why it keeps going higher
2023-07-26,"Stock Market News for Jul 26, 2023"
2023-07-26,Wall Street Analyst Tom Lee's Forecast for Stocks
2023-07-26,Should You Buy the 5 Highest-Paying Dividend Stocks in the S&P 500?
2023-07-26,Board Directors Skew Older as Companies Loosen Age Constraints
2023-07-26,"Microsoft, Google Are Key Earnings Movers After S&P 500 Hits New High; Fed Rate Hike Due"
2023-07-26,"S&P 500 E-Mini Bears Want Double Top Test of 4,500"
2023-07-27,Dow Jones index set to end 13 day winning streak
2023-07-27,"Dow Jones, S&P 500 Unscathed by Fed Rate Hike. Retail Traders Turn More Bearish"
2023-07-27,"S&P 500 turns lower as financials, airline weigh despite Meta surge"
2023-07-27,"Stock Market Today: Dow, S&P Live Updates for July 28"
2023-07-27,S&P 500 Gains and Losses Today: Stocks Dip as Economic Growth Raises Rate Hike Concerns
2023-07-27,"S&P 500 and Nasdaq 100 Make Gains, While CAC40 Struggles"
2023-07-27,Dow loses more than 200 points Thursday to snap historic 13-day rally: Live updates
2023-07-27,Why Did S&P 500 Fall? Bank of Japan Hawkish Hint Scares Investors
2023-07-27,"Help me doctor, I'm selling the US and buying Asia"
2023-07-27,"US Equity Indices Post FOMC: Nasdaq, S&P 500, Dow Price Setups"
2023-07-27,Matt Levine's Money Stuff: Private Markets Move More Slowly
2023-07-27,Wall Street suddenly appears confident America will avoid a recession
2023-07-27,Wall Street Says the S&P 500 Is Headed Higher: 2 Unique Growth Stocks to Buy Now and Hold
2023-07-27,11 Little-Known Major Stocks Blow Away The 'Magnificent Seven'
2023-07-27,What Is a Bear Market? How Long Do They Last?
2023-07-27,"Stock Market News for Jul 27, 2023"
2023-07-27,Chart of the Week: Mid-Cap ETFs in Focus
2023-07-27,"The Dow sinks, snapping its longest run since 1987"
2023-07-28,Wall St. Pessimists Are Getting Used to Being Wrong
2023-07-28,"S&P 500 Earnings Season Update: July 28, 2023"
2023-07-28,"S&P 500 closes nearly 1% higher on softening inflation data, nabs 3rd week of gains: Live updates"
2023-07-28,S&P 500 Gains and Losses Today: Stocks Jump as Inflation Cools
2023-07-28,Global markets update: US stocks dip despite GDP growth | Mint
2023-07-28,Women Hold a Third of S&P 500 Boards Seats With Gains in June
2023-07-28,Citi raises year-end S&P 500 price target to 4600
2023-07-28,Nasdaq Rebalance: What You Need To Know
2023-07-28,"S&P rises 1%, Nasdaq 2% on signs of easing inflation; chip stocks gain"
2023-07-28,Citigroup raises S&P 500 target for 2023 on increased chances of ‘soft landing’
2023-07-28,"US stocks: Wall Street closes down, Dow snaps longest winning streak since 1987"
2023-07-28,"U.S. stocks end a volatile week higher as Dow industrials, S&P 500 notch 3rd straight week of gains"
2023-07-28,Mark Zuckerberg Snatches Prized Bragging Right From Warren Buffett
2023-07-28,Quarterly Income Commentary: Covered Call Writing Strategies as an Attractive Income Solution
2023-07-28,Wall Street ends week higher on US soft landing hopes
2023-07-28,"August Is A Flat Month For Most Stocks, Yet Technology Tends To Perform Well"
2023-07-28,What historically happens after stocks soar through July: Morning Brief
2023-07-28,Stocks rally to end strong week as inflation keeps cooling: Stock market news today
2023-07-28,Key Fed Inflation Rate Tumbles On Another Month Of Tame Prices; S&P 500 Rallies
2023-07-28,S&P 500 could top 5000 by end of 2023: J.C. Parets
2023-07-28,Top-Performing Mutual Funds for 10 Years
2023-07-28,"The extreme bubble in stocks 'will end in tears' with the S&P 500 plunging 64%, a long-time bear who called the 2000 ..."
2023-07-31,"Piper Sandler raises S&P 500 target for 2023 as stock-market breadth expands, positive earnings underpin equities"
2023-07-31,"Stocks end slightly higher as S&P 500, Nasdaq book 5th straight monthly gain"
2023-07-31,"Stock Market Today: Dow, S&P Live Updates for August 1"
2023-07-31,"SPX: S&P 500 Companies Shine Halfway Through the Earnings Season, Apple & Amazon Up Next"
2023-07-31,S&P 500 Gains and Losses Today: Oil Industry Stocks Advance as Oil Prices Climb
2023-07-31,"NASDAQ 100, Dow Jones, S&P 500: July to End with Strong Gains as Rally Expands Beyond Mega-Caps"
2023-07-31,S&P 500 Companies With More International Exposure Reporting An Earnings Decline of -21%
2023-07-31,Citigroup lifts S&P 500's year-end target to 4600
2023-07-31,US stocks notch longest monthly winning streak in two years
2023-07-31,The Top Performing S&P 500 Sectors Over the Business Cycle
2023-07-31,"S&P 500, Nasdaq rise for fifth month in a row"
2023-07-31,10 Most Oversold S&P 500 Stocks Right Now
2023-07-31,"S&P 500: 6,000 In 2024"
2023-07-31,"Dow Jones, Nasdaq, S&P 500 weekly preview: Citi boosts SPX target"
2023-07-31,Wall Street’s Biggest Bear Mike Wilson Changes Tune on the Rally
2023-07-31,"U.S. stocks finish higher as S&P 500, Nasdaq climb for 5th straight month"
2023-07-31,Jeremy Siegel Says Stocks Are Headed for New All-Time Highs
2023-07-31,Stocks close higher to end another strong month: Stock market news today
2023-07-31,Citi hikes S&P 500 price target: This is when it expects it to hit 5000 By Investing.com
2023-08-01,"S&P 500, Nasdaq end lower on first day of August in busy earnings week"
2023-08-01,A New Big Bull on Wall Street Sees S&P 500 at Record by Year-End
2023-08-01,"Wall St falls after mixed earnings, downbeat manufacturing data"
2023-08-01,Oppenheimer strategist projects S&P 500 will eclipse record high by year end
2023-08-01,Top 25 S&P 500 Stocks by Index Weight for August 2023
2023-08-01,"NASDAQ 100, Dow Jones, S&P 500: Earnings Caution as Investors Brace for Tech Stock Volatility"
2023-08-01,Top S&P 500 ETFs for Q3 2023
2023-08-01,"Stock Market Today: Dow, S&P Live Updates for August 2"
2023-08-01,S&P 500 Companies Ramped Up Capital Expenditures for the 9th Quarter
2023-08-01,JPMorgan's Trading Desk Says Record S&P 500 'Feels Inevitable'
2023-08-01,Top 10 stocks in the S&P
2023-08-01,"S&P 500 Gains and Losses Today: Pharma Stocks Fall After Pfizer, Merck Reports"
2023-08-01,"S&P 500 slips to kick off August, Dow notches small gain after touching highest level in over a year: Live updates"
2023-08-01,"Bitcoin Turns Less Volatile Than S&P 500, Tech Stocks and Gold"
2023-08-01,S&P 500 Is Nearing Record High. the Fed Will Determine If It Gets There.
2023-08-01,Stock Market Outlook: New Record for S&P 500 'Feels Inevitable'
2023-08-01,"S&P 500, Nasdaq Outlook: US Stocks Embrace Potential ‘Soft Landing’"
2023-08-01,US stocks broadly rise in July; S&P 500 up 3.1%
2023-08-01,Stocks are having their best run since 2021. Can they beat the August doldrums?
2023-08-01,The US stock market just had its best year — so far — since 1997
2023-08-01,"S&P 500, Nasdaq start August lower while Apple, Amazon earnings and jobs data loom this week"
2023-08-01,Oppenheimer raises S&P 500 target to 4900
2023-08-01,A Bull Market Is Coming: History Says the S&P 500 Could Soar 24% in the Next Year
2023-08-01,"S&P 500: 7 Stocks Turn $10,000 Into $99,506 In 7 Months"
2023-08-01,Companies double down on AI in June-quarter analyst calls
2023-08-01,"Nasdaq 100 and S&P 500 Near Recent Highs, Hang Seng Drops Back From Three-Month High"
2023-08-02,"Wall Street ends down, investors step back after Fitch US rating cut"
2023-08-02,Stock Market Outlook: S&P 500 on Track for 28% Gain This Year
2023-08-02,"Global markets update: S&P 500, Nasdaq edge lower on mixed set of earnings reports | Mint"
2023-08-02,"Nasdaq, S&P 500 at a Standstill, Russell 2000's Rising Channel Holds: What's Next?"
2023-08-02,"The S&P 500 is expensive, but there are still pockets of value"
2023-08-02,Wall St falls after Fitch downgrades top-tier US rating
2023-08-02,"S&P 500 Is Enjoying One of Its Best Years Since 1927, Thanks to AI"
2023-08-02,Personal Finance: Stocks Are Pricey Even Without Magnificent Seven
2023-08-02,S&P 500 marks sharpest daily decline since April
2023-08-02,S&P 500 slumps nearly 1.4% in worst day since April as Nasdaq falls over 2% after Fitch lowers U.S. credit rating
2023-08-02,Nasdaq drops more than 2% in worst day since February as Fitch downgrade ignites selloff: Live updates
2023-08-02,"NASDAQ 100, Dow Jones, S&P 500: Pressured by Credit Rating Downgrade"
2023-08-02,"Stock Market Today: Dow, S&P Live Updates for August 3"
2023-08-02,S&P 500 Gains and Losses Today: Weak Guidance from AMD Weighs on Chip Stocks
2023-08-02,Stocks Slide After Debt Downgrade Even As Experts Dismiss 'Little' Impact On Markets
2023-08-02,Bonds Are Useless Hedge for Stock Losses as Correlation Jumps
2023-08-02,Don't Sweat The U.S. Credit Rating Downgrade As S&P 500 Slides
2023-08-02,Janet Yellen: Credit downgrade 'puzzling' and 'unwarranted'
2023-08-02,U.S. credit rating: How the S&P 500 reacted to 2011 downgrade
2023-08-02,S&P 500 books biggest drop since April after U.S. loses AAA ratings for a second time
2023-08-02,America’s credit rating got downgraded again. Here’s what happened the last time
2023-08-02,2 Remaining AAA-Rated Companies Shine As U.S. Gets Downgraded
2023-08-03,"CEO pay averaged $16.7 million last year at S&P 500 companies, a decline"
2023-08-03,"S&P 500, Dow slip in volatile session as yields rise, earnings disappoint"
2023-08-03,S&P 500 Gains and Losses Today: Stocks Fall After Weaker-Than-Expected Earnings Reports
2023-08-03,"S&P 500 books 3-day drop as bond yields jump, Apple earnings on deck"
2023-08-03,US stocks: Wall Street tumbles to its worst loss in months
2023-08-03,S&P 500 closes lower for a third day as rising bond yields pressure stocks: Live updates
2023-08-03,"Earnings Season 2Q: S&P 500 Companies Cut Buybacks, Capital Spending Rises"
2023-08-03,"Stock Market Today: Dow, S&P Live Updates for August 4"
2023-08-03,"Markets News, August 3, 2023: Stocks Drop, Treasury Yields Jump on Debt Downgrade"
2023-08-03,"NASDAQ 100, Dow Jones, S&P 500: Tech Stocks Stumble as Fitch’s US Rating Cut Spooks Market"
2023-08-03,Dow Beats S&P 500 With Longest Streak of Gains Since 1987
2023-08-03,"NASDAQ 100, Dow Jones, S&P 500: Rising Rates, Mixed Earnings Stir Market Turbulence"
2023-08-03,Wall Street closes near flat as Treasury yields surge
2023-08-03,"S&P 500 off session lows on dip buying in chips ahead of Apple, Amazon earnings By Investing.com"
2023-08-03,S&P 500 neared ‘tipping point’. What history says about stocks after big rally.
2023-08-03,Rising hopes for a softer landing
2023-08-04,CEO Tenure Rates
2023-08-04,Wall Street ends lower after US jobs report; Apple weighs
2023-08-04,S&P 500 Gains and Losses Today: Stocks Lose Ground as Hiring Slows
2023-08-04,"S&P 500 Earnings Season Update: August 4, 2023"
2023-08-04,S&P 500 Weekly Forecast – S&P 500 Continues to Find Support at the Same Area
2023-08-04,S&P 500 hasn't seen a 2% daily drop in nearly 6 months. Is a selloff is overdue?
2023-08-04,"Stock Market News, Aug. 4, 2023: Jobs Report Rally Loses Steam, Stocks Drop to Cap a Losing Week"
2023-08-04,"Dow Jones, S&P 500 Pullback May Accelerate as Retail Traders Become Bullish"
2023-08-04,S&P 500 slips as Apple slump offsets Amazon surge; July job gains miss estimates By Investing.com
2023-08-04,Wall St rises on Amazon boost; bond yields fall
2023-08-04,"U.S. stocks see post-jobs report pop fade as S&P 500, Nasdaq struggle to snap 3-day losing streak"
2023-08-04,S&P 500: Debt Downgrade Selloff Is Over
2023-08-04,11 Revived Stocks Trading For $5 Or Less Are Now Worth Billions
2023-08-04,S&P 500 Technical Analysis - US NFP in focus
2023-08-04,CEOs earn 272 times as much as their employees: Study
2023-08-04,"SPX: S&P 500 Erases Gains Ahead of Jobs Data, Earnings in Full Swing with Amazon and Apple In"
2023-08-04,The Market Is Detached From The Real Economy - RIA
2023-08-04,"NASDAQ 100, Dow Jones, S&P 500: Labor Data Holds Key to US Market Outlook"
2023-08-04,Is The Sky Falling For The S&P 500 Index?
2023-08-04,US stocks fall after weaker than expected jobs data and Apple earnings
2023-08-07,"S&P 500, Dow kick off week higher; U.S. inflation in focus"
2023-08-07,"Nasdaq, Russell 2000, S&P 500 Remain Above Support: What Lies Ahead?"
2023-08-07,"NASDAQ 100, Dow Jones, S&P 500: US Futures Up as Investors Eye Corporate Earnings, Inflation"
2023-08-07,"Dow jumps more than 400 points, S&P 500 and Nasdaq snap four-day losing streaks as stocks rebound: Live updates"
2023-08-07,S&P 500 is beating Q2 earnings estimates—but beware
2023-08-07,S&P 500 Gains and Losses Today: Stocks Take Off After Earnings Reports
2023-08-07,SPX: S&P 500 Sheds 2.3% For the Week as Jobs Report Signals Economic Cooldown
2023-08-07,S&P 500 quarterly earnings have been upbeat; revenue not so much
2023-08-07,"S&P 500 in danger of breaching support as tech momentum wanes, says analyst"
2023-08-07,"Stock Market Today: Dow, S&P Live Updates for August 8"
2023-08-07,S&P 500 Companies See Largest Negative Price Reaction to Positive EPS Surprises Since 2011
2023-08-07,Dow Jones Today: Index Rebounds with 400-Point Gain
2023-08-07,"Dow Jones, Nasdaq, S&P 500 weekly preview: Better than feared Q2 results, worse than expected reactions"
2023-08-07,"Stock Market News for Aug 7, 2023"
2023-08-07,"NASDAQ 100, Dow Jones, S&P 500: Investors Eye Inflation Data as Dow Leaps Forward on Strong Earnings"
2023-08-07,How To Trade The S&P 500 Index And The Market By Using Options Data - Amazon.com (NASDAQ:AMZN)
2023-08-07,Stock Market Forecast: 2 Reasons to Prepare for a Summertime Pullback
2023-08-07,"Stock market setting up for a seasonal correction, chart analysts say"
2023-08-07,Dow scores first gain in four days as U.S. stocks bounce back from losing week
2023-08-07,"One 'Magnificent 7' Stock Is Still Undervalued, Morningstar Says"
2023-08-07,"Viatris Shares Gain on Sales, Divestitures, and FDA Review of Its MS Drug"
2023-08-07,"Dan Niles says S&P 500 could fall by 10%, names stocks to play it"
2023-08-07,S&P 500: Energy-Drink Giant Leads Monday's 5 Big Winners
2023-08-07,Wall Street closes near flat as Treasury yields surge
2023-08-07,Equity capital markets: rates and market performance
2023-08-08,S&P Gains and Losses Today: Bank Stocks Tumble on Moody's Downgrade
2023-08-08,Deutsche Bank's Chadha Sees 10% Upside for S&P if Recession Avoided
2023-08-08,"US stocks: Wall Street closes up, regains ground as US inflation report nears"
2023-08-08,Dow sheds more than 150 points as Moody’s bank downgrade rekindles market selloff: Live updates
2023-08-08,Wall St falls as Moody's bank downgrades spark broad sell-off
2023-08-08,Rising bond yields emerge as pressure point for US stock rally
2023-08-08,"Stock Market Today: Dow, S&P Live Updates for August 9"
2023-08-08,"NASDAQ 100, Dow Jones, S&P 500: Weak as Moody’s Sounds Alarm on Banks"
2023-08-08,"Stock Market News, August 8, 2023: Stocks Tumble on Bank Downgrades, Falling Chinese Exports"
2023-08-08,S&P 500 slips as banks stumble on ratings downgrade By Investing.com
2023-08-08,S&P 500 Price Forecast – Stocks Has Fallen Again During the Tuesday Session
2023-08-08,S&P 500 Will Ride Spending Wave; Pain in Parts of US Economy: O'Leary
2023-08-08,Morgan Stanley's Mike Wilson stands by 'boom-bust' prediction for stocks
2023-08-08,S&P 500: Current Correction Has Some Way to Go Before We Turn Higher
2023-08-08,"Warm Start to the Week, but Lead-Up to China’s Trade Data Brings Some Caution: S&P 500, China A50, Natural Gas"
2023-08-08,Earnings Season Was Good For Corporate Profits Even If Revenues Weren't Great
2023-08-08,"Inflation, economy threaten investor confidence as US stock valuations climb"
2023-08-08,A complicated options trade that has helped prop up U.S. stocks is starting to unravel
2023-08-08,Citi's Montagu Says US Stocks Can Rise as Positioning Risk Drops
2023-08-08,"The S&P 500, Dow, and Nasdaq Since Their 2000 Highs"
2023-08-08,These three charts explain what is happening in the stock market right now
2023-08-08,Stocks tumble as Moody’s warns it could cut credit ratings of 6 big US banks
2023-08-08,Which Index is Best for U.S. Equity Exposure?
2023-08-08,U.S. Economic Optimism Hits One-Year Low; Investors Sour
2023-08-08,This Stock Market Indicator Says the S&P 500 Is Headed Higher: 2 Growth Stocks to Buy Now Before the Rally
2023-08-09,Wall Street ends lower as investors await US inflation data
2023-08-09,"US stock market: Dow Jones, S&P 500 end lower after bank rating cuts spark wider sell-off"
2023-08-09,"NASDAQ 100, Dow Jones, S&P 500: VIX Tests 2-Month High after Moody’s Rating Shakes Wall Street;"
2023-08-09,"Dow, S&P 500 post back-to-back declines ahead of key inflation report"
2023-08-09,"Markets Updates, Aug. 9, 2023: Stocks Extend Losses Ahead of Inflation Data"
2023-08-09,S&P Gains and Losses Today: Index Falls as Tech Stocks Lose Ground
2023-08-09,"NASDAQ 100, Dow Jones, S&P 500: Futures Rise; Penn Entertainment, Lyft Steal Spotlight"
2023-08-09,"Dow sheds nearly 200 points, Nasdaq drops 1% as August slide resumes ahead of inflation report: Live updates"
2023-08-09,"The S&P 500 Seems Really Expensive, But Is It?"
2023-08-09,"Kenvue, the J&J spinoff, will join the S&P 500 index"
2023-08-09,"Dow ends Thursday slightly higher, lifted by weaker-than-expected inflation data, Disney pops nearly 5%: Live updates"
2023-08-09,What Is the S&P 500? – Forbes Advisor
2023-08-09,"Stock Market Today: Dow, S&P Live Updates for August 10"
2023-08-09,SPX: S&P 500 Falls 0.4% as Moody's Slaps Midsized Banks with Downgrades
2023-08-09,"Russell 2000, Nasdaq and S&P 500 Test Support: Time to Go Long?"
2023-08-09,Wall St ends lower after bank rating cuts spark wider sell-off
2023-08-09,US Companies Slow Progress in Recruiting Black Directors to Boards
2023-08-09,S&P 500: 11 Stocks Completely Crushed This Earnings Season
2023-08-09,"Government Spending Will Propel the S&P 500 Higher, Says Kevin O'Leary — Here Are 3 'Strong Buy' Stocks to Bet on It"
2023-08-09,"S&P, Nasdaq fall as Apple drags, jobless claims data fuels rate jitters"
2023-08-09,Warren Buffett's favorite indicator signals stocks are 'significantly overvalued'
2023-08-09,5 Monthly-Dividend ETFs That Yield Over 10%
2023-08-09,Wall Street: S&P 500 stumble threatens key support levels
2023-08-09,The New ETF That Offers 100% Downside Protection
2023-08-09,China’s property crisis deepens as another huge developer risks default
2023-08-09,The S&P 500 Snapped a Key Streak--Now What?
2023-08-09,US boardroom diversity gains slow as S&P 500 seeks resumes from finance
2023-08-09,What does Moody’s downgrade mean for markets?
2023-08-09,The super 7 active funds that have beaten the Nasdaq over 10 years
2023-08-10,Stock awards push Alphabet's Pichai to highest-paid S&P 500 CEO in 2022
2023-08-10,"NASDAQ 100, Dow Jones, S&P 500: Stocks Resilient Ahead of US Inflation Data"
2023-08-10,"Markets News, Aug. 10, 2023: Stocks Pare Gains, End the Day Little Changed After Inflation Data"
2023-08-10,"Dow, S&P 500 and Nasdaq eke out gains, but close below session highs after July's inflation report"
2023-08-10,Last AAA-Rated Stocks in the S&P 500 Look Poised for Long-Term Outperformance
2023-08-10,"Stock Market Today: Dow, S&P Live Updates for August 11"
2023-08-10,"Wall Street ends flat, after pop from July inflation data fizzles"
2023-08-10,A Week of 1% Moves on the S&P 500 Could Trigger Forced Selling
2023-08-10,"CPI Inflation Rate Trends Tame, Signaling Patient Fed, But S&P 500 Erases Gains"
2023-08-10,KVUE Stock Alert: Kenvue to Join the S&P 500
2023-08-10,Blackout for 'night effect' ETFs
2023-08-10,"Nasdaq 100 and S&P 500 Edge Higher Ahead of US CPI, Nikkei 225 Rallies Above 32,000"
2023-08-10,Broader Horizons? More Stocks Help Fuel US Market Gains
2023-08-10,Stifel's Bannister expects little change for S&P 500 through year end
2023-08-10,Baillie Gifford US Growth trust: 'We are dissatisfied with our five-year performance'
2023-08-10,S&P 500 Gains and Losses Today: Disney Leads Gains After Raising Disney+ Prices
2023-08-11,"Markets News, Aug. 11, 2023: S&P 500, Nasdaq Fall for Second Straight Week; Chevron Lifts the Dow"
2023-08-11,S&P 500 Gains and Losses Today: News Corp Shares Jump on Profit Beat and AI Plans
2023-08-11,"Nasdaq Composite slips Friday, falls two weeks straight for the first time in 2023: Live updates"
2023-08-11,Millennials Hit The Jackpot On 10 Stocks — Nvidia Is Just One
2023-08-11,S&P 500 Stock Traders on Notice as Options Shift Threatens Market Volatility
2023-08-11,"NASDAQ 100, Dow Jones, S&P 500: Technology Sector Facing Weekly Decline"
2023-08-11,"U.S. stock futures pause ahead of PPI, sentiment data"
2023-08-11,"NASDAQ 100, Dow Jones, S&P 500: Wall Street Wavers as Mild Inflation Meets Tech Tensions"
2023-08-11,S&P 500: 5 Biggest Earnings Season Winners of Q2 2023
2023-08-11,"Apple's $500 Billion Buyback Spree Exceeds Visa, Exxon's Market Value"
2023-08-11,"Stock Market News for Aug 11, 2023"
2023-08-11,A Complete Guide to Dividend Aristocrat ETFs
2023-08-14,"Markets News, Aug. 14, 2023: Stocks Rebound From Early Losses Ahead of Retail Data and Earnings"
2023-08-14,"S&P 500, Nasdaq end up as Nvidia surge leads megacap higher"
2023-08-14,"S&P 500, Nasdaq close higher Monday as tech stocks make a comeback: Live updates"
2023-08-14,Dow Jones Industrial Average: What Is the DJIA? – Forbes Advisor
2023-08-14,S&P 500 Gains and Losses Today: Chip Stocks Help Lift the Tech Sector
2023-08-14,"Burry, famous for 'Big Short,' bought bearish options against S&P, Nasdaq 100"
2023-08-14,"Stock Market Today: Dow, S&P Live Updates for August 15"
2023-08-14,"Unlimited-Vacation Companies Seen Beating S&P 500, Investors Say"
2023-08-14,"Dow ekes out a gain as S&P 500, Nasdaq bounce back from weekly losses"
2023-08-14,'Big Short' Michael Burry Reveals Bets Against S&P 500 and Nasdaq-100
2023-08-14,"At 20 S&P 500 companies, the CFO earned 50% or more of what the CEO was paid in 2022"
2023-08-14,"Dow Jones, Nasdaq, S&P 500 weekly preview: BTIG sees 'meaningful' downside risk for tech stocks By Investing.com"
2023-08-14,"Timing the Market: Why It's So Hard, in One Chart"
2023-08-14,"U.S. stocks open mostly down, with S&P 500 struggling to snap back-to-back weekly losses"
2023-08-14,"Nvidia Stock Roars Back, Leads S&P 500, As Chips, Steel Plays Rebound"
2023-08-14,Investors Load Up On 3 Stocks Beyond The 'Magnificent Seven'
2023-08-14,S&P 500 Technical Analysis - The bullish trend is still intact
2023-08-14,Unlimited vacation time could help companies beat the S&P 500: survey
2023-08-15,"Markets News, Aug. 15, 2023: Dow Drops More Than 350 Points on U.S. Banking Concerns, Weakening Chinese ..."
2023-08-15,The S&P 500 is flashing a warning that U.S. stocks are likely headed lower after breaking below its 50-day moving average
2023-08-15,"Famous for 'Big Short', Michael Burry bought bearish options against S&P 500, Nasdaq 100: Report | Mint"
2023-08-15,"'The Big Short' Take 2: Michael Burry’s $1.6 billion short bet against S&P 500, Nasdaq 100"
2023-08-15,S&P 500 Gains and Losses Today: Discover Shares Plunge After C-Suite Shakeup
2023-08-15,"Stock Market Today: Dow, S&P Live Updates for August 16"
2023-08-15,Is Michael Burry Short $1.6 Billion on the S&P 500 & Nasdaq?
2023-08-15,Michael Burry’s Scion Asset Management appears to bet against S&P 500 and Nasdaq 100
2023-08-15,"Dow slides more than 300 points, breaking a 3-day win streak, as bank names tumble: Live updates"
2023-08-15,A dotcom-like recession could push S&P 500 to 3500 - Jefferies By Investing.com
2023-08-15,S&P 500 ends at lowest level in a month as investors monitor signs of China’s weakening economy
2023-08-15,Should SPDR S&P 500 ETF (SPY) Be on Your Investing Radar?
2023-08-15,These 20 dividend stocks have been the best income growers in the S&P 500
2023-08-15,'Big Short' Michael Burry bets against S&P 500 and Nasdaq
2023-08-15,'Big Short' investor Michael Burry places bearish bets against S&P 500 and Nasdaq
2023-08-15,S&P 500: 'Magnificent 7' Stocks Meltdown Costs Investors $632 Billion
2023-08-15,"Unlimited PTO policy could help companies outperform the S&P 500, investors say"
2023-08-15,S&P 500 slips as retail sales upside surprise dents dovish Fed bets By Investing.com
2023-08-15,Wall St ends lower; strong retail sales stoke interest rate worries
2023-08-16,"Why 'Big Short' Burry's Bets Against S&P 500, Nasdaq Are No Surprise"
2023-08-16,"Zero-Day Options (0DTE) Fueled S&P 500 Stock Selloff, Goldman Sachs Says"
2023-08-16,Big Short's Michael Burry bets against S&P 500 and Nasdaq 100
2023-08-16,S&P 500 Gains and Losses Today: Intel Shares Fall After Ending Tower Semiconductor Deal
2023-08-16,"Michael Burry, of ‘Big Short’ fame, just bet $1.6 billion on a stock market crash"
2023-08-16,"S&P 500 Is Hugely Overvalued, Stock Market Tumble Is Likely: Rosenberg"
2023-08-16,"Stocks fall a second straight day, Nasdaq drops 1% as Fed cites lingering inflation woes: Live updates"
2023-08-16,Is It Too Late to Invest in the S&P 500?
2023-08-16,A New Stock Is About to Join the S&P 500. Does History Show That Buying It Now Could Pay Off?
2023-08-16,6 Cheap Stocks' Profit Is Poised To Boom 50% Or More
2023-08-16,What are ‘Big Short’ Michael Burry and Warren Buffett seeing that we aren’t?
2023-08-16,S&P 500 set to be put to the test later today
2023-08-16,'Big Short' investor Michael Burry's new bets against the S&P 500 and Nasdaq-100 are no surprise. Here's why.
2023-08-16,"Wall Street stocks down after Fed minutes, bank shares extend losses"
2023-08-17,"S&P 500, Treasurys or Berkshire Hathaway? Here's where value investor Guy Spier would put his money"
2023-08-17,Global markets update: US stocks slip after Fed minutes show officials split over rate hike | Mint
2023-08-17,"US stock market: Dow, S&P 500 end lower after Fed minutes cloud outlook for rates"
2023-08-17,Kevin O'Leary: Michael Burry's S&P 500 Short Will Be Painful
2023-08-17,"S&P 500, Dow gain on boost from Cisco"
2023-08-17,S&P 500 Gains and Losses Today: Index Dips as Healthcare Stocks Plummet
2023-08-17,"Market Sentiment Teeters As US Indices, Including S&P 500, Break Key Supports: Next Levels To Watch"
2023-08-17,"Stock Market Today: Dow, S&P Live Updates for August 18"
2023-08-17,Dow tumbles nearly 300 points as stocks fall for a third straight day and yields pop: Live updates
2023-08-17,S&P 493 vs S&P 500 - Developments driven by the 'big 7'
2023-08-17,Warren Buffett's Second-Largest Bet After Apple Is Paying Off
2023-08-17,Warren Buffett recommends index funds for investors — but hardly invests in any himself. How come? Here's why they ...
2023-08-17,Highest Dividend Payers Are Biggest Losers in S&P 500 | Chief Investment Officer
2023-08-17,S&P 500 Counter Trend Rally Over?
2023-08-18,"NASDAQ 100, Dow Jones, S&P 500 News: Teetering Trade Suggests Bearish Wave Approaching"
2023-08-18,"U.S. stocks end mostly down, S&P 500 posts third straight weekly loss on rising yields, China worries"
2023-08-18,"S&P 500, Dow gain on boost from Cisco"
2023-08-18,S&P 500 Gains and Losses Today: Mixed Earnings Reactions Lead to Losses for the Week
2023-08-18,Global markets update: Fed interest rate hike fears pull down US stocks | Mint
2023-08-18,"S&P 500 ends near flat as energy, defensive sectors counter megacap declines"
2023-08-18,"Nasdaq falls a fourth day in a row, notches longest weekly losing streak since December: Live updates"
2023-08-18,"US Indices’ Rally is Cracking: S&P 500, Nasdaq Price Action"
2023-08-18,Why stock investors are suddenly so scared
2023-08-18,Stock Market Outlook: Investors Should Buy-the-Dip Amid August Rout
2023-08-18,US open: S&P 500 nears two-month low as risk appetite wanes
2023-08-18,S&P 500 Q2 2023 earnings beat Wall Street expectations
2023-08-18,China's Debt Crisis Mounts As Everything Goes Wrong
2023-08-18,Five US funds achieving stellar returns without riding the coat tails of the S&P 500 index
2023-08-18,"'Big Short' Michael Burry Is 'One-Trick Pony,' Wrong on Stocks: Expert"
2023-08-18,How China’s economic turmoil could hurt your portfolio
2023-08-21,"S&P 500, Nasdaq close higher after three straight weekly declines"
2023-08-21,S&P 500 Gains and Losses Today: Tech Stocks Lead Index Higher
2023-08-21,"ChatGPT-picked Stocks Beat S&P 500, Top U.K. Mutual Funds"
2023-08-21,"Nasdaq snaps 4-day losing streak, tech shares rise despite higher yields"
2023-08-21,J&J spinoff Kenvue to replace Advance Auto Parts on the S&P 500
2023-08-21,"Up 15% in 2023, Is It Safe to Invest in the S&P 500 Right Now?"
2023-08-21,"Markets News, Aug. 21, 2023: Big Tech, Chip Stocks Boost Nasdaq While the Dow Lags"
2023-08-21,"Nasdaq rallies with Nvidia, tech shares; investors look toward Jackson Hole"
2023-08-21,"A History Of U.S. Bear Markets, 1957 to 2022"
2023-08-21,"S&P 500 closes lower, weighed by declines in bank and retail shares: Live updates"
2023-08-21,"NASDAQ 100, Dow Jones, S&P 500 News: US Stocks Rebound, Jackson Hole Awaits"
2023-08-21,"Stock Market Today: Dow, S&P Live Updates for August 22"
2023-08-21,"Dow Jones, Nasdaq, S&P 500 weekly preview: All eyes on Nvidia and Powell"
2023-08-21,This Fidelity manager has crushed the S&P 500 since 1989—here's his advice for investors
2023-08-21,Warren Buffett once said this was ‘probably the best single measure of where valuations stand.’ Should you use it when you invest?
2023-08-21,CEOs extol benefits of AI on earnings calls but not in official filings
2023-08-21,Advance Auto Parts earnings come as retailer set to lose spot on S&P 500
2023-08-21,S&P downgrades five US banks following Moody’s lead
2023-08-21,U.S. stocks open modestly higher after S&P 500’s three-week slide
2023-08-21,"Dow Jones Futures Rise: Market In Correction As Nvidia Earnings, Powell Speech Loom; What To Do"
2023-08-21,9 Plunging Stocks Suffer 50% Of S&P 500's $2 Trillion Meltdown
2023-08-21,Asian stocks mixed as traders await Fed conference for interest rate update | The Asahi Shimbun: Breaking News ...
2023-08-21,"S&P 500 rides Nvidia surge, shrugging off jolt in Treasury yields to 16-year highs"
2023-08-21,"Stock Rally's Pause Presents Dip-Buying Opportunity, Wall Street Strategists Say"
2023-08-21,S&P 500 Correction: Will Jerome Powell Come to the Rescue This Time?
2023-08-21,"NASDAQ 100, Dow Jones, S&P 500 News: Jackson Hole Awaits as US Economy Resilience Shines"
2023-08-21,These are the hottest S&P 500 stocks of the summer. Where analysts see them going next
2023-08-21,"S&P 500: Cybersecurity Giant Palo Alto Soars On Earnings; Tesla, Nvidia Are Big Winners"
2023-08-22,"Global markets update: Tech stocks lead Nasdaq, S&P 500 higher | Mint"
2023-08-22,S&P 500 Gains and Losses Today: Banking Stocks Lose Ground After S&P Downgrades
2023-08-22,"Stock Market Today: Dow, S&P Live Updates for August 23"
2023-08-22,Wall Street firm cuts S&P 500 target. What Seaport says could go wrong by end of 2023
2023-08-22,US bank stocks weigh on S&P 500 after ratings downgrades
2023-08-22,"Stock-market slide: All S&P 500 sectors are down in August, on pace for a broad monthly drop not seen this year"
2023-08-22,2023 S&P 500 New Director and Diversity Snapshot
2023-08-22,"Dow, S&P 500 end down as US interest-rate worries mount, bank shares slip"
2023-08-22,Why Stocks Have Tanked in August and What Wall Street Expects Next
2023-08-22,"Nasdaq Index, Dow Jones, S&P 500 News: Markets Navigate Rising Yields; Forecast Eyes on Fed”"
2023-08-22,Markets Mixed Midday as Bank Stocks Face Pressure After Downgrades
2023-08-22,"Markets News, Aug. 22, 2023: Tech Buoys Nasdaq; Nvidia, Banks Weigh on S&P 500"
2023-08-22,S&P 500 Bounces: Is the Downtrend Over?
2023-08-22,"S&P 500, Nasdaq 100 News: AI Optimism Propels Nvidia; Wall Street Awaits Powell’s Forecast."
2023-08-22,Investors look to AI-darling Nvidia's earnings as US stocks rally wobbles
2023-08-22,"BlackRock, State Street, Vanguard Are 'Most Powerful Cartel' Ever: Ramaswamy"
2023-08-22,VTI vs. VOO – Forbes Advisor - Investing
2023-08-22,"U.S. stocks open higher, with the S&P 500 extending gains this week"
2023-08-22,"From stocks to bitcoin, soaring US yields cast shadow over risk asset rally"
2023-08-22,How to Invest in the S&P 500 in 2024: A Ste-by-Step Guide • Benzinga
2023-08-22,U.S. banks and regional lenders slide across the board as S&P is latest to downgrade ratings
2023-08-22,"Billionaire ""Shark Tank"" Investor Kevin O'Leary Says Michael Burry's Bearish Bet on the S&P 500 Is ""Very Risky"""
2023-08-22,Kenvue Joins S&P 500 On Friday: Time To Buy?
2023-08-22,Better to Invest $100K in VOO or SCHD?
2023-08-22,3 ETFs to Invest Like Warren Buffett
2023-08-22,"Apple only Big Tech stock ‘really hitting’ the S&P 500 as ‘little’ about August’s market slump appears worrisome, says DataTrek"
2023-08-22,"Stock Market Today: Dow, S&P 500 Hit By Struggling Financial Stocks, Dick's Earnings"
2023-08-23,"S&P 500 books best day in nearly 2 months, Nasdaq rises 1.6% ahead of Nvidia earnings"
2023-08-23,"Nasdaq extends 3-day streak, S&P closes up 1% ahead of Nvidia earnings: Live updates"
2023-08-23,"Dow, S&P 500 end down as US interest-rate worries mount, bank shares slip"
2023-08-23,"US stock market: Dow, S&P 500 ease as rate worries mount, banks shares dip"
2023-08-23,S&P 500 to end 2023 up 17% but little gains seen between now and year end: Reuters poll
2023-08-23,"A History Of U.S. Bull Markets, 1957 to 2022"
2023-08-23,"Markets News, Aug. 23, 2023: Tech Stocks Boost Nasdaq, S&P 500 Ahead of Nvidia Earnings"
2023-08-23,S&P 500 Gains and Losses Today: Tech Stocks Shine as Treasury Yields Recede
2023-08-23,"Labor Dept. Cuts Job Gains By 306,000; S&P 500 Rises Ahead Of Fed Chair Powell's Big Speech"
2023-08-23,"Stock Market Today: Dow, S&P Live Updates for August 24"
2023-08-23,You'll Have This Much Money In 10 Years If You Lock In 5.6% Now
2023-08-23,Crypto's correlation to S&P 500 tightens as digital assets slide in rough week
2023-08-23,4 Top Dividend Payers of the S&P 500
2023-08-23,Equal-Weight Flexes Diversification Credibility
2023-08-23,"Stock Market News for Aug 23, 2023"
2023-08-23,This Could Give Palantir's Stock a Big Boost This Year
2023-08-23,Analyzing S&P/TSX During Recessions
2023-08-23,Cash yielding more than stocks for first time in two decades
2023-08-23,The No. 1 Holding in Warren Buffett's Secret Portfolio Is the Investment Buffett Believes Most People Should Make
2023-08-24,S&P 500 Gains and Losses Today: Tech Rally Stalls Ahead of Speech From Fed Chair Powell
2023-08-24,Another Big Short? Michael Burry’s new bet may not be a big worry for India
2023-08-24,"NASDAQ 100, Dow Jones, S&P 500 News: Nvidia’s AI Dominance Sparks Market Optimism"
2023-08-24,"If the S&P 500 breaks this key support level, bulls will be in trouble"
2023-08-24,"US stock market: Dow, S&P 500 end sharply higher; Nvidia jumps ahead of quarterly results"
2023-08-24,10 American Funds Mutual Funds with Long Track Records
2023-08-24,"US Indices’ Upside Could be Capped: S&P 500, Nasdaq Price Setups"
2023-08-24,"Stocks sell off Thursday as Nvidia-led rally fizzles, Dow drops more than 300 points: Live updates"
2023-08-24,S&P 500 Price Forecast – Stock Markets Hesitate
2023-08-24,S&P 500 plunges more than 1% as Jackson Hole kicks off
2023-08-24,"S&P 500 Holders Are Betting on a Few Stocks Like Tesla, Nvidia: Rowan"
2023-08-24,"Markets News, Aug. 24, 2023: Nvidia Boost Fizzles; Nasdaq, S&P 500 Fall in Worst Session in Weeks"
2023-08-24,August once again lives up to its dismal reputation for stocks
2023-08-24,Cash is challenging stocks for the first time in 22 years: Morning Brief
2023-08-24,"US stocks may not be ready for hawkish Powell at Jackson Hole, options data show"
2023-08-24,"Major indexes fall 1%, focus shifts to upcoming Powell speech"
2023-08-24,Micro E-mini S&P 500 Futures Surpass 1 Billion Contracts Traded
2023-08-24,Stock Screen Finds These Growth Stocks Outperforming The S&P 500
2023-08-24,"Retail Traders Make Up 30%-40% of Zero-Day Options (0DTE) Volume, Cboe Says"
2023-08-24,How Long Should Your Time Horizon Be in the Stock Market?
2023-08-24,Stock Market Outlook: 2023 Rally Is Over and Fed Easing Unlikely
2023-08-24,"Stock Market Today: Dow, S&P Live Updates for August 25"
2023-08-24,Why Wall Street’s obsession with a company you probably never heard of is sending stocks surging
2023-08-24,The 100 Largest Low-Wage Employers Have Spent $341 Billion on Stock Buybacks Since 2020
2023-08-24,"The S&P 500 is poised to fall - and a government error could crush the US economy, one veteran trader warns"
2023-08-24,"S&P 500, Nasdaq set to open higher after Nvidia's blowout forecast"
2023-08-25,Wall St Week Ahead Historically stormy month of September may test US stock rally
2023-08-25,Indexes end higher in volatile trade as investors assess Powell speech
2023-08-25,"Shares rise as Fed weighs inflation risks, yields steady"
2023-08-25,"After 374-point tumble in the Dow, U.S. stock futures rise before Powell talk"
2023-08-25,"Nasdaq Index, Dow Jones, S&P 500 News: Stocks Rise as Markets Gear Up for Powell’s Keynote Remarks"
2023-08-25,"S&P, Nasdaq close higher, snap 3-week losing streak as Wall Street shakes off rate hike fears: Live updates"
2023-08-25,"S&P 500 Gains and Losses Today: Index Advances, Shaking Off Rate Hike Concerns"
2023-08-25,"U.S. stocks finish higher as S&P 500, Nasdaq snap 3-week losing streak"
2023-08-25,"Global Markets : Dow Drops 373 Points, S&P 500 Down 60: Unraveling the Stock Market Chaos"
2023-08-25,US stock market needs more than the Magnificent Seven
2023-08-25,"Markets News, Aug. 25, 2023: S&P 500, Nasdaq Rebound From Powell Comments to Close Winning Week"
2023-08-25,Why the Stock Market's Summer Doldrums Are Not a Problem
2023-08-25,"US Markets: Dow, S&P 500, and Nasdaq End Higher Amid Volatility on Friday"
2023-08-25,Fed Chair Powell At Jackson Hole: More Rate Hikes A Real Threat; S&P 500 Shrugs
2023-08-25,S&P 500 up most since June as poor Fed bets sink yields
2023-08-25,Wall Street closes higher after Fed Chair Powell delivers a 'Goldilocks' speech
2023-08-25,LDS Church adds $3B to its main stock fund while selling $500M in shares
2023-08-25,The sectors where it’s paying to be passive in 2023… and where it’s not
2023-08-25,"Is Nvidia The 'New Tesla?' How High The Stock Can Go, Analysts"
2023-08-25,Even Best Stock Pickers Face an Uphill Battle Beating the Market
2023-08-25,S&P 500 on pace to snap weekly losing streak as all its sectors trade up Friday afternoon
2023-08-25,These Money Managers Have Beaten the S&P 500 Like Clockwork: 2 Magnificent Growth Stocks They're Buying Now
2023-08-28,"Charts of the week: S&P 500, ASX 200, and Hang Seng Index"
2023-08-28,S&P 500: What is the outlook on stock buybacks in 2023?
2023-08-28,"S&P 500, Nasdaq end higher, attempting to beat back worst month since December"
2023-08-28,S&P 500 Gains and Losses Today: Index Adds to Last Week's Advance After Powell's Comments
2023-08-28,"Stock Market Today: Dow, S&P Live Updates for August 29"
2023-08-28,"Markets News, Aug. 28, 2023: Nasdaq, S&P 500 Gain to Start the Week; Dow Boosted by 3M"
2023-08-28,"NASDAQ 100, Dow Jones, S&P 500 News: Market Eyes Fed After Positive Week Start"
2023-08-28,Investor Warning: September Is The S&P 500's Worst Performing Month
2023-08-28,Dow closes 200 points higher as Wall Street aims to curtail August’s decline: Live updates
2023-08-28,Futures Rise As Rally Attempt Faces Big Questions; What To Do
2023-08-28,Stock Market Rally: How Long Can It Last? – Forbes Advisor
2023-08-28,Warren Buffett Bets His Fortune On One Of 9 'Can't Lose' Stocks
2023-08-28,"AI Hype to Lift More Stocks, Citigroup Strategist Scott Chronert Says"
2023-08-28,"S&P 500, Nasdaq Futures Continue Rally After Jackson Hole"
2023-08-28,Is Schwab S&P 500 Index (SWPPX) a Strong Mutual Fund Pick Right Now?
2023-08-28,Should SPDR Portfolio S&P 500 High Dividend ETF (SPYD) Be on Your Investing Radar?
2023-08-28,OpenAI launches a version of ChatGPT for businesses
2023-08-28,Rite Aid stock is experiencing extreme turbulence: Here’s why
2023-08-28,Should I sell Fundsmith Equity and buy a dirt cheap S&P 500 tracker instead?
2023-08-28,Disney Stock Hits Nine-Year Low: Here's How Its Performance Compares To That Of Peers
2023-08-28,"NASDAQ 100, Dow Jones, S&P 500 News: Nvidia, Tesla Lead Tech Revival; 3M’s Surge Boosts Dow"
2023-08-29,"Market News, Aug. 29, 2023: S&P 500 Has Best Day Since June on Signs of Cooling Labor Market"
2023-08-29,"S&P 500 ends sharply higher, jobs data fuels interest rate optimism"
2023-08-29,S&P 500 Gains and Losses Today: Index Gains as Jobs Data Boosts Hope of Rate Hike Pause
2023-08-29,"NASDAQ 100, Dow Jones, S&P 500 News: Turbulent Trade Ahead of Key Data Releases"
2023-08-29,"Stock Market Today: Dow, S&P Live Updates for August 30"
2023-08-29,Nasdaq pops more than 1% for third straight winning day as tech rebounds from August slump: Live updates
2023-08-29,This strategist says smart investors should hang on to stocks. Here's why.
2023-08-29,The Good And Bad: Paccar Inc. & Mueller Water Products
2023-08-29,Five S&P 500 Stocks To Buy And Watch In Today's Market
2023-08-29,"NASDAQ 100, Dow Jones, S&P 500 News: Markets Wobble in August’s Final Stretch"
2023-08-30,"Markets News, Aug. 30, 2023: Nasdaq Gains; S&P 500 Rises for Fourth Straight Day"
2023-08-30,Wall Street ends higher as economic data fuels rate-pause bets
2023-08-30,Stock Market News Today: S&P 500 Hits 4-Day Win Streak After Jobs Data
2023-08-30,10 Best-Performing Stocks of the Past 30 Years | Investing | U.S. News
2023-08-30,"Nasdaq Index, Dow Jones, S&P 500 News: Slowing US Economy Boosts Hopes for Rate Hike Pause"
2023-08-30,"Wall Street gains, dollar softens as weak data signals Fed pause"
2023-08-30,"Nasdaq 100, Dow Jones 30, S&P 500 News: Upcoming Key Data Could Shift Cautious Market Sentiment"
2023-08-30,Stock Market Outlook: S&P 500 Will Rally Next Month and Retest 2023 High
2023-08-30,US equal-weighted funds shine as investors look beyond Big Tech
2023-08-30,"S&P 500 rises for a fourth straight day, major averages curtail monthly losses in late August hot streak: Live updates"
2023-08-30,"S&P 500 Gains and Losses Today: Index Rises a 4th-Straight Day After Jobs, GDP Data"
2023-08-30,"S&P 500 Could Rally Another 11% by Year-End, Expert Says"
2023-08-30,"Job Openings Dive, S&P 500 Rises; Key Fed Inflation Rate Test Next"
2023-08-30,"Stock Market Today: Dow, S&P Live Updates for August 31"
2023-08-30,This Stock Market Indicator Has Been Right 83% of the Time Since 1983. It's Sending a Bullish Signal Now
2023-08-30,Funds punished for owning too few Nvidia shares after stunning 230% rally
2023-08-30,Markets Extend Rally at Midday Following Jobs and GDP Reports
2023-08-30,Rising labor costs are making AI stocks even more attractive
2023-08-30,"GST fraud: Still on the run, cops announce Rs 25k bounty for 9 cons"
2023-08-30,"Tesla stock pulls back, after S&P 500-leading rally in previous session"
2023-08-30,"For the first time since 2019, the S&P 500 and copper are no longer moving together"
2023-08-30,Head-and-shoulders starting to form on the S&P 500?
2023-08-30,"S&P 500 ends sharply higher, jobs data fuels interest rate optimism"
2023-08-30,Off-duty Ranaghat ASI emerges a hero
2023-08-31,"Dow closes more than 100 points higher to kick off September, notches best week since July: Live updates"
2023-08-31,"U.S. stocks post a losing month, the first for Nasdaq in 2023, ahead of August jobs report"
2023-08-31,S&P 500 Has Path to 5000 If US Pulls Off Soft Landing Into 2024
2023-08-31,"Markets News, Aug. 31, 2023: Nasdaq Ekes Out Gains; S&P 500, Dow Break 4-Day Winning Streak"
2023-08-31,Wall Street ends mixed as inflation data buoys optimism
2023-08-31,"Stock Market Today: Dow, S&P Live Updates for September 1"
2023-08-31,"S&P 500, Nasdaq post August losses, breaking 5-month winning streak"
2023-08-31,"NASDAQ 100, Dow Jones, S&P 500 News: Looking to End Month on Positive Note Ahead of NFP Report"
2023-08-31,Stock Market Outlook: What Wall Street Expects After Tough August
2023-08-31,S&P 500 Gains and Losses Today: Index Ends August Little Changed Following Inflation Data
2023-08-31,"Nasdaq ekes out small gain Thursday, but still suffers worst month in 2023: Live updates"
2023-08-31,"NASDAQ 100, Dow Jones, S&P 500 News: Salesforce Shines Amid Slowing US Economic Growth"
2023-08-31,"Dax, S&P 500 and CAC40 See Further Strength in Early Trading"
2023-08-31,"S&P 500: 8 Stocks Turn $10,000 Into $125,279 In 8 Months"
2023-08-31,"Morgan Stanley’s Andrew Slimmon: S&P 500 could rally further, countering Mike Wilson argument"
2023-08-31,Why Oppenheimer's Stoltzfus Is Sticking With Bullish S&P 500 Call
2023-08-31,"The Fed's New Key Inflation Rate Just Jumped, But S&P 500 Rises"
2023-09-01,Analysts Are Raising Quarterly S&P 500 EPS Estimates for the First Time Since Q3 2021
2023-09-01,Term of the Week: September Effect
2023-09-01,S&P 500 Gains and Losses Today: Index Little Changed After Unemployment Jumps
2023-09-01,Blackstone and Airbnb set to join S&P 500; shares climb
2023-09-01,"Blackstone, Airbnb to Join S&P 500 After Index Rebalancing"
2023-09-01,S&P 500 ends higher as jobs data fuels rate-hike optimism
2023-09-01,Factors and The Magnificent Seven
2023-09-01,Global markets update: US stocks end mixed ahead of jobs data | Mint
2023-09-01,"Airbnb, Blackstone to join S&P 500, while Deere will replace Walgreens in S&P 100"
2023-09-01,First Trust launches active S&P 500 buffer ETF
2023-09-01,Top 25 Stocks in the S&P 500 by Index Weight for September 2023
2023-09-01,"S&P 500 Seasonality: The Chart That Sends Shivers Down Spines In September, But With Peculiar Twist"
2023-09-01,August was another month to forget as bearish investors drive down stocks
2023-09-01,Jobs Report: Solid Hiring As Wage Growth Ebbs Is Near Perfect; S&P 500 Wavers
2023-09-01,SPX: Stock Rally Loses Steam as S&P 500 Snaps 5-Month Winning Streak
2023-09-01,Trends in Shareholder Proposals
2023-09-01,Dollar General downgraded at Raymond James but analyst still sees stock outperforming S&P 500 in the next year
2023-09-01,S&P 500 Outlook: Can NFP Propel US Stocks Back to Yearly Highs?
2023-09-01,Uber could be added to the S&P 500 in next 12 months: Mark Mahaney
2023-09-01,Is It Time for Investors to Consider Sector Rotation Amid a Tech-Heavy S&P 500?
2023-09-01,Stock Traders Shrug Off High Rates With S&P 500 Hitting Best Week Since June
2023-09-01,"NASDAQ 100, Dow Jones, S&P 500 News: Eyes on U.S. Jobs Data and Federal Reserve Signals"
2023-09-01,September Is The Worst Month For S&P 500 Stocks (Except These 11)
2023-09-01,S&P 500 Black Female CEO Leave Walgreens Drugstore Role
2023-09-01,August 2023 Review and Outlook
2023-09-05,"Markets News, Sept. 5, 2023: Stocks Close Lower as Oil Prices Surge on Saudi Cuts"
2023-09-05,Fewer S&P 500 Companies Discussing “Recession” on Earnings Calls for 4th Straight Quarter
2023-09-05,Blackstone marks ‘another important milestone’ with S&P 500 inclusion
2023-09-05,"Wall St slips as Treasury yields rise, oil prices boost energy sector"
2023-09-05,"S&P Gains and Losses Today: Index Drops as Oil Prices, Interest Rates Rise"
2023-09-05,"Stock Market Today: Dow, S&P Live Updates for September 6"
2023-09-05,"S&P 500: Airbnb, Blackstone Rally On Invite"
2023-09-05,"NASDAQ 100, Dow Jones, S&P 500 News: Bearish Response to Higher Treasury Yields, China’s Sluggish Growth"
2023-09-05,5 Things to Know Before Markets Open
2023-09-05,"Airbnb, Tesla stocks rise, Manchester United, Softbank shares fall and other stocks on the move"
2023-09-05,"NASDAQ 100, Dow Jones, S&P 500 News: Markets Tread Lightly Amid September’s Historical Woes"
2023-09-05,Dow closes nearly 200 points lower as rising oil prices drag down stocks: Live updates
2023-09-05,PulteGroup stock leads S&P 500 losers amid beatdown of homebuilder sector as Treasury yields climb
2023-09-05,Airbnb and Blackstone Shares Set For Price Bump On S&P 500 Inclusion
2023-09-05,The Concentration Risk Lurking In Your 401(k)
2023-09-05,25% Of The S&P 500 Are 'Dead Money' Stocks You Likely Own
2023-09-05,S&P 500 Giant ServiceNow Leads 5 Stocks Bearing This Elite Mark. All Are Actionable.
2023-09-05,US healthcare stocks roiled by investor tug of war over economy
2023-09-05,Investors Optimistic About S&P 500: ETFs in Focus
2023-09-05,"Stock market ‘exceptionally’ unlikely to climb this year to record peak, says Stifel’s Barry Bannister"
2023-09-05,"S&P 500: Headwinds Mount as Oil Prices, Rates and US Dollar Head Higher"
2023-09-05,Blackstone and Airbnb to join S&P 500
2023-09-05,Is CrowdStrike's Surge A Sign Of Cybersecurity Revival?
2023-09-05,"Stock Market News for Sep 5, 2023"
2023-09-05,"Biden Approval Rating Bounces, Thanks To Investors, Amid S&P 500 Rally"
2023-09-05,"Airbnb, Blackstone to join S&P 500"
2023-09-05,The most important driver of stock prices is on the rise: Morning Brief
2023-09-06,S&P 500 Gains and Losses Today: Index Drops Amid Renewed Fears of More Fed Rate Hikes
2023-09-06,Energy stocks top S&P 500 sectors in August; utilities slide to bottom
2023-09-06,More Than A Third Of S&P 500 Stocks Get Kicked Out In Nine Years
2023-09-06,"Markets News, Sept. 6, 2023: Nasdaq, S&P 500 Tumble as Oil Prices Continue to Climb"
2023-09-06,"NASDAQ 100, Dow Jones, S&P 500 News: A Cautious Pulse Reverberates Across Wall Street."
2023-09-06,"Stocks fall, dollar and yields up after US services data"
2023-09-06,"Dow Jones Falls, S&P 500 Tests Key Level On Economic Data; Meta, Tesla Back Off Early Entries"
2023-09-06,"Stock Market Today: Dow, S&P Live Updates for September 7"
2023-09-06,The US funds and trusts that have beaten the S&P 500 since the financial crisis
2023-09-06,BMO says bull case scenario of S&P 500 at 5050 'becoming more likely'
2023-09-06,"Dow tumbles nearly 200 points, Nasdaq falls a third straight day as Fed rate hike fears return: Live updates"
2023-09-06,Understanding S&P 500 Index Funds - Ramsey
2023-09-06,"Got $100 Per Week? How the Stock Market Could Turn It Into $790,000"
2023-09-06,Blackstone and Airbnb to enter S&P 500 following rebalance
2023-09-06,"Nasdaq Index, Dow Jones, S&P 500 News: Heightened Inflation Concerns Rattling Investor Confidence"
2023-09-06,Blackstone Stock Jumps on S&P 500 Inclusion: Is This Just the Beginning?
2023-09-06,TSLA: Tesla Stock Lights Up S&P 500's Leaderboard with 5% Gain on Bright News
2023-09-06,"Stock Market Outlook Splits Forecasters, Often Within Same Wall Street Firm"
2023-09-06,How to Avoid Costly Mistakes When the Market Is Down
2023-09-06,Stock-market bulls must defend this 'line in the sand' to avert deeper slide: analyst
2023-09-06,Airbnb Stock Is Set to Join the S&P 500. What Does That Mean for Investors?
2023-09-06,4 Gems That Doubled S&P 500's Average Returns Over Last 5 Years
2023-09-06,Power failure: Why did SolarEdge’s value plummet by $11 billion in a year?
2023-09-07,"S&P, Nasdaq fall as Apple drags, jobless claims data fuels rate jitters"
2023-09-07,S&P 500 – Is It New Downtrend or Still Just a Correction?
2023-09-07,"Energy ETFs are outshining the S&P 500, but it’s not just because of the oil rally"
2023-09-07,8 Stocks Face Highest Risk Of Getting Booted Out Of The S&P 500
2023-09-07,"S&P 500 Gains and Losses Today: Index Slips on Worries About Rate Hikes, Tech"
2023-09-07,"NASDAQ 100, Dow Jones, S&P 500 News: Fed Rate Hike Fears Rattle US Stock Futures"
2023-09-07,"Stock Markets Today: S&P 500 target, Apple in China, Yuan weakness, Arm's IPO"
2023-09-07,"UBS sees end of S&P 500 profit recession, index to 4700 by June 2024"
2023-09-07,BlackRock shifts six more ETFs to full replication
2023-09-07,"Greg Boutle of BNP Paribas Raises S&P 500 Year-End Price Target to 4,150"
2023-09-07,"Stock Market Today: Dow, S&P Live Updates for September 8"
2023-09-07,Futures: S&P 500 Breaks Key Level; Here's What To Do
2023-09-07,A Bull Market Is Coming: 2 Solid Index Funds That Have Made Money Like Clockwork to Buy Now
2023-09-07,"SPDR S&P 500 ETF Trust (NYSEARCA: SPY) - A hold for the pension, not a trade"
2023-09-07,Why stocks could avoid a steep selloff this September
2023-09-07,Nasdaq tumbles for a fourth day as fears of higher interest rates pressure markets: Live updates
2023-09-07,"Stocks Will Crash 25% or More, Recession Will Hit by Spring: Rosenberg"
2023-09-07,"Markets News, Sept. 7, 2023: Dow Rises; Nasdaq on Four-Day Losing Streak on Jobs Data, China iPhone Ban"
2023-09-07,Indicator Shows Stock Market Most Overvalued Since Dot-Com Bubble Crash
2023-09-07,Is It Time to Buy the S&P 500's 3 Worst-Performing August Stocks?
2023-09-08,S&P 500 & Sectors: GAAP Earnings' Misleading Trend Continues In 2Q23
2023-09-08,"Nasdaq, S&P 500 Gap Lower as Apple Leads Tech Sector Rout"
2023-09-08,S&P 500 Gains and Losses Today: Index Snaps Losing Streak as Tech Stocks Rise
2023-09-08,"Markets News, Sept. 8, 2023: Stocks Eke Out Gains, but Finish the Week Lower"
2023-09-08,"U.S. stocks end slightly higher, S&P 500 snaps three-day losing streak ahead of next week's inflation report"
2023-09-08,Biggest Stock Market Crashes In US History
2023-09-08,Highest Number of S&P 500 Companies Citing “AI” on Q2 Earnings Calls in Over 10 Years
2023-09-08,Warren Buffett’s Berkshire Hathaway can lose 99.4% and still have outperformed the S&P 500
2023-09-08,S&P 500 closes up slightly ahead of US inflation data
2023-09-08,"US stocks: S&P, Nasdaq fall as Apple drags, jobless claims data fuels rate jitters"
2023-09-08,"FTSE 100, DAX 40 and S&P 500 Try to Stabilize After a Tough Week"
2023-09-08,Tech stock valuations creating 'significant divergence' in S&P 500: Strategist
2023-09-08,Markets Rise at Midday With S&P 500 Set to Break 3-Day Losing Streak as Tech Rebounds
2023-09-08,"S&P 500 snaps 3-day losing streak Friday, suffers first weekly decline in three: Live updates"
2023-09-08,"Stock Market News for Sep 8, 2023"
2023-09-08,The case for owning stocks over bonds is crumbling
2023-09-08,Will S&P 500 Form Lower High? Elliott Wave Price Forecast
2023-09-08,10 U.S. Companies Face Much Larger Problems In China Than Apple
2023-09-08,'Smart Money' Investors Pour $2 Billion Into Just 5 Stocks
2023-09-08,"NASDAQ 100, Dow Jones, S&P 500 News: Beijing’s Move, Huawei’s Resurgence Challenge Apple’s Dominance"
2023-09-08,"NASDAQ 100, Dow Jones, S&P 500 News: Bracing for Rate Hikes as US-China Tensions Rattle Tech Stocks"
2023-09-11,S&P 500 Dividend Aristocrats List: Sorted By Analyst Ratings
2023-09-11,Markets Gain at Midday Amid Expectations Fed Might Not Hike Rates at Next Meeting
2023-09-11,"S&P 500: Tesla, Apple Chipmaker Lead Big Movers"
2023-09-11,S&P 500 & Sectors: ROIC Keeps Falling In 2Q23
2023-09-11,Should Invesco S&P 500 GARP ETF (SPGP) Be on Your Investing Radar?
2023-09-11,How companies can improve workplace productivity
2023-09-11,2023: Impressive or an Outlier?
2023-09-11,One Company Is Expected To Grow Even Faster Than Nvidia
2023-09-11,S&P 500 Gains and Losses Today: Index Climbs Amid Signs Fed Could Pause Rate Increases
2023-09-11,S&P 500 Energy Outperforms Other Sectors as Oil Prices Surge
2023-09-11,Big tech stocks lead Wall Street stocks higher
2023-09-11,"Dow Jones, Nasdaq, S&P 500 weekly preview: Goldman sees 'a choppy path for equities' in near term By Investing.com"
2023-09-11,"Stock Market Today: Dow, S&P Live Updates for September 12"
2023-09-11,"Wall Street’s most bullish strategist warns of choppiness in stocks, still sees the S&P 500 touching a record high this year"
2023-09-11,S&P 500 May Crash Nearly 50% Once Severe Recession Hits Economy: Berg
2023-09-11,"NASDAQ 100, Dow Jones, S&P 500 News: Inflation Concerns, Tech Updates Steer Market’s Direction"
2023-09-12,"Airbnb Joins the S&P 500, Time to Buy In?"
2023-09-12,"S&P 500’s tech stocks slump, with Apple event failing to provide boost to the sector"
2023-09-12,15 Best S&P 500 Stocks For Dividend Growth
2023-09-12,"Markets News, Sept. 12, 2023: Stocks Fall on Apple's iPhone 15 Release, Rising Oil Prices"
2023-09-12,"Why low S&P 500 sector correlations are welcome signs for 2023 bull market, according to DataTrek"
2023-09-12,"Nasdaq closes lower by 1% Tuesday as Apple slides and tech suffers, Oracle sheds 13%: Live updates"
2023-09-12,"'Magnificent Seven' Dominate S&P 500, But Haunting Echoes Of Dot-Com Bubble Resurface"
2023-09-12,S&P 500 Gains and Losses Today: Index Falls as Oil Prices Hit 2023 Highs
2023-09-12,Buying S&P 500 Was More Profitable Than Following Burry Tweets: Expert
2023-09-12,Wall Street ends lower as Oracle tumbles on weak forecast
2023-09-12,"Stock Market Today: Dow, S&P Live Updates for September 13"
2023-09-12,"S&P 500 Q2 2023 Buybacks Decline 18.8%, As Sector Expenditures Shift Again; Buyback Tax Reduced Operating ..."
2023-09-12,"The S&P 500 looks risky and expensive - and could plunge 25% if something shocks the system, Morgan Stanley's ..."
2023-09-12,Fed meeting comes during historically tough week for US stocks
2023-09-12,"Markets News, Sept. 12, 2023: Nasdaq, S&P 500 Rise to Start Week of Key Inflation Data"
2023-09-12,"NASDAQ 100, Dow Jones, S&P 500 News: Oracle’s Dip, Arm’s IPO Reshape Market Landscape"
2023-09-12,"S&P 500 Looks Risky, May Plunge 25% If Something Shocks System: Wilson"
2023-09-12,"SocGen equity strategists upbeat on S&P 500 near-term, cautious into 2024"
2023-09-12,BofA Survey Shows 'Dramatic Shift' Toward High-Flying US Stocks
2023-09-12,"Why S&P 500, Nasdaq Are Set To Open In The Red Today - Oracle (NYSE:ORCL), Invesco QQQ Trust, Series 1 (N"
2023-09-12,Here's How Warren Buffett's Favorite Index Fund Could Help Make You a Millionaire
2023-09-12,A Look at Energy Stocks and the Strength of Technology
2023-09-12,"S&P 500 could surge to 5,050: BMO's Belski"
2023-09-12,"One Year After Trudeau's Bitcoin Warning, BTC Still Beat Inflation and S&P 500"
2023-09-12,Will Thermo Fisher Scientific Stock Recover To Its Pre-Inflation Shock Highs?
2023-09-12,S&P 500 and Nasdaq Fall at Midday as Oil Prices Hit 2023 Highs
2023-09-12,Stock Market Outlook: Bullish Indicator Signals New 2023 Highs Ahead
2023-09-12,"NASDAQ 100, Dow Jones, S&P 500 News: Tesla, Tech Giants Lead on AI Hopes"
2023-09-12,S&P 500 & Sectors: Free Cash Flow Yield Stagnant In 2Q23
2023-09-12,Investors Buy Up 8 Stocks In September And Sell Most Of The Rest
2023-09-12,All else being equal: Making the case for equal-weight ETFs
2023-09-12,"'Magnificent Seven' Dominate S&P 500, But Haunting Echoes Of Dot-Com Bubble Resurface - Microsoft (NASDAQ"
2023-09-12,WestRock Stock On a Tear After Smurfit Kappa Deal
2023-09-13,"Stock Market Today: Dow, S&P Live Updates for September 14"
2023-09-13,"FTSE 100, DAX 40 and S&P 500 Drop Ahead of US CPI"
2023-09-13,"Stay upbeat on U.S. stocks, says SocGen, which just boosted its S&P 500 target"
2023-09-13,Amundi continues shift to Ireland with €4bn S&P 500 ESG ETF merge
2023-09-13,Airbnb Stock On The Rise After Booking Spot In S&P 500
2023-09-13,Dow jumps 300 points for best day since early August as Arm debut revives IPO market hopes: Live updates
2023-09-13,"Markets News, Sept. 13, 2023: Dow Slips, Nasdaq Gains After Core Inflation Accelerated in August"
2023-09-13,S&P 500 ends higher as CPI data cements bets for Fed pause
2023-09-13,S&P 500 Gains and Losses Today: Index Little Changed After Inflation Data
2023-09-13,JPMorgan says S&P 500 is overvalued
2023-09-13,"S&P 500, Nasdaq gain, Treasury yields dip as data firms Fed pause bets"
2023-09-13,"NASDAQ 100, Dow Jones, S&P 500 News: Oil Prices Soar, Tech Stumbles as CPI Looms"
2023-09-13,"Nasdaq, S&P 500 gain, Treasury yields waver as CPI cements Fed pause"
2023-09-13,Stock Market Not Too Rattled By Inflation Data; Trucking Stock Gets A Bounce
2023-09-13,A Look at Energy Stocks and the Strength of Technology
2023-09-13,"Stocks rallied after hot inflation data 11 months ago. Don't expect a repeat, analyst says."
2023-09-13,What Is an Index Fund?
2023-09-13,U.S. stocks close mostly higher despite inflation edging up in August
2023-09-13,S&P 500 & Sectors: Price-To-Economic Book Value Ratio Is Flat In 2Q23
2023-09-13,"Core CPI Inflation Picked Up In August, But The S&P 500 Is Rising"
2023-09-13,Apple Investors Already Hate The New iPhone 15 More Than Ever
2023-09-13,Dow Jones Futures Fall; S&P 500 Struggles At Key Level As Apple Unveils iPhone 15
2023-09-14,S&P 500 Economic Earnings: Downward Trend Continues In 2Q23
2023-09-14,"Dow Jones Futures Rise With S&P 500, Small Caps Below Key Levels; 5 Titans Near Buy Points"
2023-09-14,"Stock Market Today: Dow, S&P Live Updates for September 15"
2023-09-14,"S&P 500 Gains and Losses Today: Index Jumps After Economic Data, Arm IPO"
2023-09-14,"NASDAQ 100, Dow Jones, S&P 500 News: Inflation Fears Ease, Retail Sales Surge"
2023-09-14,Visualized: How Long Does it Take to Double Your Money?
2023-09-14,"NASDAQ 100, Dow Jones, S&P 500 News: Firm Trade Ahead of PPI, Retail Sales Reports"
2023-09-14,Wall Street ends higher on economic data; Arm soars in debut
2023-09-14,"Markets News, Sept. 14, 2023: Dow Jumps 300 Points; S&P 500 Rises as Arm Debut Awakens Markets"
2023-09-14,"Three Reasons for the ""September Effect"" in Stocks - OpenMarkets"
2023-09-14,Why experts are swapping their typical S&P 500 tracker
2023-09-14,S&P 500 Sell Signal Warning? Cap Weight vs Equal Weight Divergence!
2023-09-14,"Hotel Stocks Decline, but News of Hersha Deal Softened Impact"
2023-09-14,"The Arm IPO is here, but many ETFs will not be buyers"
2023-09-14,2023 Dividend aristocrats list
2023-09-14,"$4 Trillion Triple Witching Options Event, Rebalancing to Threaten Market Calm"
2023-09-14,First ETF zero-day options ETF launches in the US
2023-09-14,"Stock Market News for Sep 14, 2023"
2023-09-15,"S&P 500 Gains and Losses Today: Index Slips After Consumer Data, Tech Losses"
2023-09-15,Medtech industry trends: Thriving in the next decade
2023-09-15,Where Are Analysts Most Optimistic on Ratings for S&P 500 Companies Heading Into Q4?
2023-09-15,"Dow sheds nearly 300 points Friday, S&P 500 and Nasdaq suffer second straight week of losses: Live updates"
2023-09-15,"Arm's shares seen as a shoo-in for Nasdaq 100, though S&P 500 unlikely"
2023-09-15,"Markets News, Sept. 15, 2023: S&P 500, Nasdaq Sink to Close Volatile Week of Trading"
2023-09-15,Linking ESG initiatives to financial performance
2023-09-15,Legacy Marketing Group® Announces Addition of the S&P 500® IQ Index for Use With FIAs
2023-09-15,"U.S. stocks fall, S&P 500 books another weekly loss amid worries over inflation pressure, auto worker strike"
2023-09-15,Dow Industrials Paying Price for Leaving Out Amazon and Alphabet
2023-09-15,"1 Surefire Warren Buffett Index Fund Could Turn $400 Per Month Into $825,000"
2023-09-15,"NASDAQ 100, Dow Jones, S&P 500 News: Tech Titans Stumble as Semiconductor Woes Shake US Markets"
2023-09-15,"Stock market today: Wall Street closes lower, giving S&P 500 another losing week"
2023-09-15,Here are the companies affected by the S&P rebalancing at the close Friday
2023-09-15,Warren Buffett's S&P 500 Housing Market Play Just Surprised Wall Street
2023-09-15,Big part of stock market unconvinced economy is going anywhere: 'Weakness underneath the hood'
2023-09-15,"FTSE 100, DAX 40 and S&P 500 Rally on Improved Sentiment"
2023-09-15,Wall Street ends sharply lower as chipmakers and megacaps slide
2023-09-15,S&P 500 and US Tech: New All-Time Highs by March 2024? | investing.com
2023-09-15,Five Stocks With Earnings Set To Surge As Much As 7800%
2023-09-15,"7 Stocks Will Make You 46% Richer Than 'Magnificent 7,' Analysts"
2023-09-15,Will RTX Corp Stock Recover To Its Pre-Inflation Shock Highs Of $100?
2023-09-15,"ASX 200 LIVE: ASX to leap, S&P 500 rallies broadly, China data pending"
2023-09-15,"Wall St Week Ahead: Last Fed hike tends to aid stocks, but some have doubts this time"
2023-09-18,"Stock Market Today: Dow, S&P Live Updates for September 19"
2023-09-18,"Dow Jones, Nasdaq, S&P 500 weekly preview: Why did stocks drop on Friday? By Investing.com"
2023-09-18,Average Stock Market Return Over the Past 10 Years
2023-09-18,S&P 500 Gains and Losses Today: Index Little Changed Ahead of Fed Decision
2023-09-18,Lowest Number of S&P 500 Companies Citing “ESG” on Earnings Calls Since Q2 2020
2023-09-18,Stock-market strategists on Wall Street raise year-end targets - here's why | Mint
2023-09-18,"S&P 500 Marks 100 Days Without 1.5% Drop, First Time Since 2018"
2023-09-18,"Markets News, Sept. 18, 2023: Stocks Little Changed to Start Fed Week"
2023-09-18,Will Alphabet and Amazon be included in the Dow 30 index?
2023-09-18,"NASDAQ 100, Dow Jones, S&P 500 News: Ticking Higher Following Tech Tumble Amid Fed Speculations"
2023-09-18,Street Earnings Overstated For 70% Of S&P 500 In 2Q23
2023-09-18,S&P 500 Forecast: Fed meeting and Instacart IPO top this week's calendar
2023-09-18,"Strategists revising, raising 2023 targets for S&P 500"
2023-09-18,"NASDAQ 100, Dow Jones, S&P 500 News: Investors Jittery Ahead of Fed Decision on Rates"
2023-09-19,"NASDAQ 100, Dow Jones, S&P 500 News: Wall Street on Edge Ahead of Fed’s Meeting"
2023-09-19,13 Firms Hoard $1 Trillion In Cash (We're Looking At You Big Tech)
2023-09-19,A Sector Breakdown of Board Diversity at S&P 500 Companies — ESG Insight | Mint
2023-09-19,S&P 500 Gains and Losses Today: Index Falls After New Interest Rate Hike Concerns Emerge
2023-09-19,Pimco's Browne Sees 15% Drop in S&P 500 From an Oil Price Shock
2023-09-19,Ranked: The Highest Paid CEOs in the S&P 500
2023-09-19,S&P 500: October Weakness Before the Year-End Run?
2023-09-19,CEO Succession Practices in the Russell 3000 and S&P 500
2023-09-19,"US Dollar, S&P 500 Chart Different Paths Before Fed. What’s Next For USD, SPX?"
2023-09-19,"Markets News, Sept. 19, 2023: Stocks, Bonds Fall on Expectations of 'Higher for Longer' Rates"
2023-09-19,U.S. stocks close lower as investors take cover ahead of Fed decision
2023-09-19,How Blackstone celebrated S&P 500 inclusion
2023-09-19,Why Fed's Powell Won't Upset The S&P 500
2023-09-19,S&P 500 slumps to bottom of bullish uptrend channel as investors brace for Fed Chair Powell
2023-09-19,"Stock Market Today: Dow, S&P Live Updates for September 20"
2023-09-20,"NASDAQ 100, Dow Jones, S&P 500 News: Markets Surge as Investors Eye Fed’s Next Move, Powell’s Remarks"
2023-09-20,"BofA Boosts Its 2023 Year-End Target for the S&P 500, Pointing to AI Benefits"
2023-09-20,"Stock Market Today: Dow, S&P Live Updates for September 21"
2023-09-20,BofA's Savita Subramanian Latest on Wall Street to Lift S&P 500 Target
2023-09-20,S&P 500 Gains and Losses Today: Index Falls as Fed Signals Another Rate Hike This Year
2023-09-20,"Bank of America lifts S&P 500 2023-end target by 7%, led by 'old economy' stocks"
2023-09-20,Stock market today: Live updates
2023-09-20,Blackstone joins the ranks of the S&P 500
2023-09-20,"Bank of America raises year-end S&P 500 price target, says rally will broaden out from here"
2023-09-20,S&P 500 has another high 2023 price target. Here’s a look at Wall Street’s official stock-market outlook.
2023-09-20,Bank of America sees more upside for stocks despite 'fresh wave of bear narratives'
2023-09-20,"NASDAQ 100, Dow Jones, S&P 500 News: Stock Futures Rise Ahead of Federal Reserve Decision"
2023-09-20,"US Indices Ahead of Fed Rate Decision: Dow, S&P 500, Nasdaq Price Setups"
2023-09-20,Stock Market Outlook: BofA Just Turned Even More Bullish on the S&P 500
2023-09-20,Bank of America strategist becomes latest on Wall Street to raise S&P 500 target
2023-09-20,"U.S. stocks end lower after Fed leaves interest rates unchanged, signals another rise possible"
2023-09-20,"FTSE 100, DAX 40 and S&P 500 Try to Stabilize Ahead of FOMC Meeting"
2023-09-20,"Markets News, Sept. 20, 2023: Stocks Sink as Fed Signals One More Rate Hike, Higher for Longer"
2023-09-20,"Wall Street closes lower after Fed holds rates steady, warns of higher for longer"
2023-09-20,Fed Rate-Cut Hopes Dim As Hawks Take Over
2023-09-20,Spencer Stuart U.S. Board Index Finds S&P 500 Boardrooms Prioritizing CEO Experience and Financial Expertise
2023-09-21,S&P 500 on pace for lowest close since June as investors brace for higher rates for longer
2023-09-21,S&P Dow Jones removes thermal coal companies from S&P 500 ESG index following consultation
2023-09-21,"Markets News, Sept. 21, 2023: Stocks Tumble for a Second Day on Fed's 'Higher-for-Longer' Signals"
2023-09-21,"NASDAQ 100, Dow Jones, S&P 500 News: Markets Stumble Amid Fed Rate Hike Signals"
2023-09-21,"S&P 500 Gains and Losses Today: Index Tumbles Following Fed Comments, Jobless Claims"
2023-09-21,"Dow tumbles more than 300 points to notch third day of losses amid fears of higher rates, government shutdown"
2023-09-21,S&P 500 Price Forecast – Stock Markets Plunge
2023-09-21,"Stock Market Today: Dow, S&P Live Updates for September 22"
2023-09-21,"NightDragon, Diligent Report Finds Gap in Cyber Experience in S&P500 Board Rooms"
2023-09-21,How To Buy The S&P 500 For Next To Nothing (Or For Free)
2023-09-21,US Stocks Drop Most in Six Months as Treasury Yields Surge
2023-09-21,S&P 500 analysis: Stock market correction may have long way to go
2023-09-21,"US stocks close at lowest since June, Treasury yields spike on hawkish Fed"
2023-09-22,"S&P 500, Nasdaq notch biggest weekly losses since March"
2023-09-22,Industry Analysts Project 19% Increase in S&P 500 Price Over the Next 12 Months
2023-09-22,S&P 500 Gains and Losses Today: Index Gives Up Gains Amid Concerns About Higher Rates
2023-09-22,Stock Market Outlook: Falling Job Openings Raise Red Flags for S&P 500
2023-09-22,"Dow slides 100 points on Friday, S&P 500 and Nasdaq post worst weeks since March after Fed update: Live updates"
2023-09-22,S&P 500 companies find gaps in their cybersecurity leadership
2023-09-22,"U.S. stocks end lower, S&P 500 drops third straight week as Fed worries linger"
2023-09-22,"Markets News, Sept. 22, 2023: S&P 500 Slips to Cap Off Its Worst Week Since March"
2023-09-22,"NASDAQ 100, Dow Jones, S&P 500 News: Fed Rate Stance and Shutdown Fears Rattle Markets"
2023-09-22,"S&P 500 to Test Support, Russell 2000 to Break Below; Nasdaq Bottoms: What's Next? | investing.com"
2023-09-22,Dow Jones Futures Rise After S&P 500 Undercuts Low; Tesla Forges New Buy Point
2023-09-22,Wall St Week Ahead Fed-wary investors eye mounting risks to US stock rally
2023-09-22,4 Insurance Stocks That Have Outperformed S&P 500 in a Year
2023-09-22,S&P 500 And Nasdaq Frightening Double 'Double Top'
2023-09-22,Buffett's 3 Best Rules for Stock Investing
2023-09-22,This Insurer Just Got Booted From the S&P 500: Here's Why
2023-09-22,Summer's Over: Here Are The Stock Market's Most Notable Winners And Losers
2023-09-25,"NASDAQ 100, Dow Jones, S&P 500 News: Investors Brace for Extended Fed Rate Hikes"
2023-09-25,Cboe Global Markets and S&P Dow Jones Indices to Launch the Cboe S&P 500 Dispersion Index on September 27
2023-09-25,S&P Dow Jones Indices and Cboe Global Markets to Launch the Cboe S&P 500 Dispersion Index
2023-09-25,"S&P 500 Gains and Losses Today: Index Rallies as Oil Prices Drop, Ahead of Inflation Data"
2023-09-25,S&P 500's Top 7 Stocks Soar Over 50% but the Rest Are 'Basically Flat'
2023-09-25,"Stock Market Today: Dow, S&P Live Updates for September 26"
2023-09-25,S&P 500 Bears Pause As Bulls Stand Firm – 4200 Marks A Critical Battle Line
2023-09-25,"R1,000 invested at the start of the year – JSE Top 40 vs S&P 500"
2023-09-25,S&P 500 forecast: Where next for Costco stock ahead of Q4 earnings?
2023-09-25,Analysts Predict A 19% S&P 500 Surge Soon — Lifted By 10 Stocks
2023-09-25,The S&P 500 is still overvalued — even with the correction. Here's why.
2023-09-25,S&P 500 Price Forecast – Stocks Set to Struggle
2023-09-25,These 5 Club stocks have defied the S&P 500's recent slide
2023-09-25,Wall Street posts gains as investors eye rate outlook
2023-09-25,Zero-day options now account for 50% of S&P options volumes
2023-09-26,"S&P 500 Gains and Losses Today: Index Plunges After Consumer Confidence, Home Sales Fall"
2023-09-26,8 Hot Big Stocks Aren't In The S&P 500 — But You'll Wish They Were
2023-09-26,Dow Sinks 400 Points: Worst Day Since March As Interest Rate Fears Roil Markets
2023-09-26,"Stock market outlook: Why Nobel winner Robert Shiller's CAPE metric sees S&P 500 heading below 3,000"
2023-09-26,Dow sheds nearly 400 points in worst day since March as economic worries return: Live updates
2023-09-27,Cboe S&P 500 Dispersion Index (DSPX) Pushes Hot Options Trade Into Mainstream
2023-09-27,S&P 500 Gains and Losses Today: Energy Stocks Rise as Supply Concerns Boost Oil Prices
2023-09-27,S&P 500 ekes out slim gain as investors weigh elevated yields
2023-09-27,Stock Market Outlook: S&P 500 Is Headed for New All-Time-High in 2024
2023-09-27,What's Driving U.S. Stock Market Returns?
2023-09-27,"S&P 500 Options Quirk Mints Billions, Stirring Manipulation Talk"
2023-09-27,Wall Street analysts expect the S&P 500 to rise 19% over the next 12 months. Here are their 10 favorite stocks.
2023-09-27,"US government shutdown would spare markets, heighten recession risk"
2023-09-27,Government shutdown impact on stock market: possible effects explained
2023-09-27,Bitcoin price holds steady as S&P 500 plunges to 110-day low
2023-09-27,Dow closes lower Wednesday as stocks' comeback attempt fails: Live updates
2023-09-27,Should You Buy the 5 Highest-Paying Dividend Stocks in the S&P 500?
2023-09-27,Fed's 'higher for longer' message hits US stocks and bonds
2023-09-27,David Rosenberg: Investors and economists are playing with fire
2023-09-28,Why Stocks Swooned in September
2023-09-28,"Dow, S&P 500 book best day in two weeks despite focus on Treasury market volatility"
2023-09-28,"Veralto stock to join S&P 500, Kohl’s to join S&P SmallCap 600"
2023-09-28,Is SPY Stock A Buy Right Now? What To Know About World's Top Index
2023-09-28,"S&P 500 rises slightly on Thursday, but is still on pace for its worst month of the year: Live updates"
2023-09-28,"Stock Market Today: Dow, S&P Live Updates for September 29"
2023-09-28,"S&P 500 Gains and Losses Today: Index Climbs as Spending Slows, Oil Prices Drop"
2023-09-28,JPMorgan's Kolanovic maintaining S&P target of 4200 on sell offs
2023-09-28,"Wall Street's ""Magnificent Seven"" May Be a Mammoth Liability for the Stock Market"
2023-09-28,9 Blue-Chip Powerhouse ETFs to Buy | Investing | U.S. News
2023-09-28,"US government shutdowns don’t send markets tanking, but the coast is far from clear"
2023-09-28,Traders wary of volatility as JP Morgan fund's big options trade looms
2023-09-28,Cboe Launches S&P 500 Dispersion Index
2023-09-29,The S&P 500 suffered a rough September. And the worst is still to come
2023-09-29,Wall Street on Edge After Worst Month of the Year
2023-09-29,"Markets News, Sept. 29, 2023: S&P 500, Dow Fall; Indexes Post First Quarterly Loss of the Year"
2023-09-29,"Dow sheds more than 100 points Friday, S&P 500 and Nasdaq wrap worst month in 2023: Live updates"
2023-09-29,S&P 500 Gains and Losses Today: Index Falls as Potential Government Shutdown Looms
2023-09-29,S&P 500 suffers biggest monthly loss this year as U.S. stocks mostly drop after inflation reading
2023-09-29,Utilities and Real Estate Sectors Drag Down S&P 500 in Q3 Despite Surging Energy Stocks
2023-09-29,Record-High Number of S&P 500 Companies Issuing EPS Guidance for Q3 2023
2023-09-29,"NASDAQ 100, Dow Jones, S&P 500 News: Inflation Data Spurs Early Market Rise"
2023-09-29,Stock Market News Today: S&P 500 Closes Out Worst Month of 2023
2023-09-29,S&P 500 slumps as bear market lingers
2023-09-29,"NASDAQ 100, Dow Jones, S&P 500 News: Rebounding Amid Treasury Yield Retreat"
2023-09-29,Stocks Suffer Worst Quarter Of 2023 As Good Vibes Dry Out
2023-09-29,Oil and Gas Stocks Topped S&P 500 Returns This Quarter as Crude Prices Surged
2023-09-29,The S&P 500 is brushing up against ‘the mother of all trend lines.’ What happens next could make or break the market.
2023-09-29,"Why S&P 500, Nasdaq Futures Point To Strong Open Today - SPDR Select Sector Fund - Consumer Discretionary"
2023-09-29,Wall St Week Ahead US stock market's powerhouses tested by soaring bond yields
2023-09-29,The October Stock Market Stands out for High Volatility — and Above-Average Returns
2023-09-29,Federal Reserve's Key Inflation Rate Dived In August; S&P 500 Falters As Treasury Yields Bounce
2023-09-29,Three US funds to complement an S&P 500 tracker
2023-09-29,These funds may be better than the S&P 500 for retirement savers
2023-09-29,Warning signs suggest this year’s stock market rally is on shaky legs
2023-09-29,S&P 500 Futures Largely Unchanged as the Fed’s Preferred Gauge of Inflation Cools to 3.9%
2023-09-29,"Nikkei 225, FTSE 100 and S&P 500 Try to Recover Into Month End"
2023-09-29,Equities are even more expensive than bonds
2023-09-29,October more green than red | Active Trader Commentary
2023-09-29,5 Global ETFs Beating S&P 500 in the First Nine Months of 2023
2023-09-29,Can Markets Climb The Wall Of Worry? | Chase
2023-09-29,"S&P 500 dips after US inflation data, ending weak third quarter"
2023-09-29,"S&P 500: 9 Stocks Turn $10,000 Into $139,936 In 9 Months"
2023-09-29,"S&P 500 Could Reach All-Time High in 2024, Says J.P. Morgan Strategist — Here Are 2 Top Stocks to Bet on It"
2023-10-02,"S&P 500 ends near flat; utilities drop, focus on rate outlook"
2023-10-02,S&P 500 Gains and Losses Today: Discover Shares Advance After FDIC Agreement
2023-10-02,"Stock Market Today: Dow, S&P Live Updates for Oct. 3"
2023-10-02,Ed Yardeni expects a fourth quarter 'Santa Claus rally' for stocks that will send the S&P above 4600
2023-10-02,Fed's War on Inflation Is Hitting S&P 500 Profits: Goldman Sachs
2023-10-02,"'Anxiety' high as stock market falls, bond yields rise --- what's next after S&P 500's worst month of 2023"
2023-10-02,"Nasdaq Index, Dow Jones, S&P 500 News: US Markets Struggle Amid Temporary Budget Fix, Rate Fears"
2023-10-02,"SolarEdge, Insulet, and Dollar General Lead S&P 500 Q3 Losses"
2023-10-02,"Dow Jones, Nasdaq, S&P 500 weekly preview: More room for correction in October"
2023-10-02,"NASDAQ 100, Dow Jones, S&P 500 News: Markets Exhale as Government Shutdown Averted"
2023-10-02,History Says the S&P 500 Will Move Higher This Year: 1 Remarkable Growth Stock to Buy Now Before the Holiday Rally
2023-10-02,The stock market turns cautious
2023-10-02,"Nikkei 225, FTSE 100 and S&P 500 Begin Q4 on a Cautious Note"
2023-10-02,10 Cheap Value Stocks Are Poised To Report Massive Profit Growth
2023-10-02,Stock Market Outlook: 5 Reasons Why Investors Should Stay Bullish
2023-10-02,Waltham-based Veralto Corp. added to S&P 500
2023-10-02,"Higher Rates Starting to Hit US Profits, Goldman Strategists Warn"
2023-10-02,S&P 500: These 5 Stocks Are Setting Up This Buying Opportunity After Strong Runs
2023-10-02,Market pulls back into Q4 | E*TRADE Monthly Market Commentary
2023-10-02,S&P's next leg higher will rely on stocks outside the Magnificent Seven
2023-10-02,Only 11 Stocks' Dividends Can Now Beat Treasuries' 4.68% Yield
2023-10-02,Strong earnings will reverse decline in megacap tech stocks: Goldman Sachs
2023-10-02,Huge Quarter-End Options Trade Offers New S&P Level to Watch
2023-10-02,The Stock Market Is About to Be Saved by Strong 3rd-Quarter Earnings
2023-10-03,"Stock-market rout puts all eyes on 4,200 level for S&P 500"
2023-10-03,"Global Market Update: Dow, S&P 500 slump, US Treasury yields hit 16-year high | Mint"
2023-10-03,S&P 500 ends at lowest since June 1 as data fuels rate worries
2023-10-03,"Markets News, Oct. 3, 2023: Dow, S&P 500 Fall to 4-Month Lows as Bond Yields Rise on Jobs Data"
2023-10-03,S&P 500 Gains and Losses Today: Markets Sink as Report Shows Rising Job Openings
2023-10-03,Dow Jones tumbles 400 points as August job survey sends shockwaves through Wall Street
2023-10-03,"After a Rough First Half, Zions Bancorp Topped S&P 500 Returns in Q3"
2023-10-03,"NASDAQ 100, Dow Jones, S&P 500 News: Investors Brace for Turbulence Amid Yield Surge"
2023-10-03,These 20 stocks in the S&P 500 are expected to soar after rising interest rates have pushed down valuations
2023-10-03,"Nasdaq Index, Dow Jones, S&P 500 News: Market Walks Fed Tightrope Amid Rising Yields"
2023-10-03,Award-winning technical strategist Tom DeMark says S&P 500 will see countertrend rally
2023-10-03,"S&P 500 Under Threat from Soaring Yields, US dollar; Trendline Support in Play"
2023-10-03,Dow Tanks To Lowest Level Since May: How Historically High Bond Yields Are Driving Slump
2023-10-03,"Stock Market: S&P, Dow Fall as VIX Surges on Interest Rate Fear"
2023-10-03,Is October the Most Volatile Month for the S&P 500 Index?
2023-10-03,"Treasury Sell-Off Sends Shockwaves: Magnificent 7 Grapples With Worst Day Since August, S&P 500's 200-Day ..."
2023-10-03,"Stock Market Today: Dow, S&P Live Updates for Oct. 4"
2023-10-03,Goldman Joins Wall Street Peers Flagging Rates Risk for Stocks
2023-10-03,Surveillance: Wells Fargo's S&P 500 Call
2023-10-03,Cboe Global Markets and S&P Dow Jones Indices to Launch New Credit VIX Indices on October 13
2023-10-03,"S&P 500 Finds Support at 4,270 as Rates Continue to Move Higher: What Lies Ahead?"
2023-10-03,Dow sinks by more than 400 points as spiking yields weigh on stocks
2023-10-03,S&P 500 Logs Worst Month of 2023: 5 Stocks Still Up in ETF
2023-10-03,"Russell 2000 Tests Support, While S&P 500, Nasdaq Fail to Break Resistance"
2023-10-03,Dividends Are Lagging Treasury Yields By The Most Since 2007
2023-10-03,US REIT indexes close Q3 in the red; underperform S&P 500
2023-10-03,There's Still Time To Own 13 Stocks That Finish The Year Strong
2023-10-03,Dow loses more than 400 points and goes negative for 2023 as interest rates spike: Live updates
2023-10-03,"Utilities stocks 'decimated' by rising rates fall into uncommon trading territory, Bespoke chart shows"
2023-10-04,"Nasdaq 100 Index, Dow Jones, S&P 500 News: Dow Enters Negative Territory for 2023 as Labor Market Strengthens"
2023-10-04,"Stock Market Today: Dow, S&P Live Updates for Oct. 5"
2023-10-04,S&P 500 ends at lowest since June 1 as data fuels rate worries
2023-10-04,"S&P 500 (SPX) Faces Technical Make-or-Break Moment at the 4,200 Line"
2023-10-04,Dow adds 100 points to snap 3-day losing streak as Treasury yields ease from 16-year highs: Live updates
2023-10-04,S&P 500 Gains and Losses Today: Index Rises as Hiring Slowdown Eases Fed Rate Hike Worries
2023-10-04,5 Top-Performing Stocks Outside the S&P 500 With Impressive Earnings
2023-10-04,Nasdaq leads Wall St rebound after weaker-than-expected data
2023-10-04,Stock market rises Wednesday after rough losses for S&P and Dow
2023-10-04,S&P 500 to Dip Out of Bull Market as 30-Year Rate Nears 5%: What's Next?
2023-10-04,"Markets News, Oct. 4, 2023: Stocks, Bonds Rebound on Signs of Cooling Labor Market"
2023-10-04,"S&P Dow Jones Indices Reports U.S. Common Indicated Dividend Payments Increase $8.8 Billion in Q3 2023, as the ..."
2023-10-04,Investors Eye Profit Rebound After Yearlong Earnings Recession
2023-10-04,"Nikkei 225, FTSE 100 and S&P 500 Continue to Free Fall"
2023-10-04,Tesla Flashes Aggressive Buy Signal As Bulls Shrug Off Bad News
2023-10-04,Market Cycles: S&P 500 Annual Returns Still in Secular Bull Market | investing.com
2023-10-04,S&P 500 closes slightly lower as traders brace for Friday's big jobs report: Live updates
2023-10-04,"As storm clouds gather over bond market, watch this level on the S&P 500"
2023-10-05,"Stock Market Today: Dow, S&P Live Updates for October 6"
2023-10-05,US stocks slide in Q3 as 'higher for longer' rate view takes hold
2023-10-05,"NASDAQ Index, Dow Jones, S&P 500 News: Investors Brace for Volatility Ahead of Friday’s NFP Report"
2023-10-05,"NASDAQ 100, Dow Jones, S&P 500 News: Market Braces for Jobs Data Amid Clorox Slide, Energy Plunge"
2023-10-05,S&P 500 Gains and Losses Today: Clorox Shares Dip After Warning of Cyberattack's Impact
2023-10-05,'A defining moment:' Here's the S&P 500 level everyone on Wall Street is watching
2023-10-05,What to do as rates continue to move higher?
2023-10-05,"S&P 500 Bounces Back From Oversold Position as Yields, Oil Drop: Is 4,300 Next?"
2023-10-05,Wall St ends down slightly; investors await Friday's payrolls
2023-10-05,"JPMorgan's Marko Kolanovic braces for 20% market plunge, delivers recession warning"
2023-10-05,Finding Balance in US Equities as Macro Threats Mount
2023-10-05,"U.S. stocks end lower, resume a multiday slide ahead of Friday jobs report"
2023-10-06,‘Passive’ Funds Have Substantial Investment Discretion
2023-10-06,"Markets News, Oct. 6, 2023: Stocks Shake Off Jobs Report to Close Higher as Bond Yields Rise"
2023-10-06,"NASDAQ 100, Dow Jones, S&P 500 News: Job Report Could Set the Course for November’s FOMC Meeting"
2023-10-06,Seasonality and Historical Fourth Quarter Performance of U.S Equities: S&P 500 and NASDAQ 100
2023-10-06,"FTSE 100, S&P 500 and Russell 2000 Hover Above Support Ahead of US NFP"
2023-10-06,Why Safe Haven Utilities Stocks Are Having Their Worst Year Since 2008
2023-10-06,"Indexes end up sharply with tech after strong jobs, slower wage growth"
2023-10-06,Bubble Guru Jeremy Grantham Sees S&P 500 Crashing 30% or Even 50%
2023-10-06,Highest Dividend Stocks In The S&P 500
2023-10-06,S&P 500: Can Nonfarm Payrolls Save the Market From Another Move Lower?
2023-10-06,S&P 500 rallies as blowout jobs report showing easing wages fuel soft landing bets
2023-10-06,US stocks — time to sell?
2023-10-06,Dow soars nearly 300 points Friday as stocks reverse sharp losses after hot jobs report: Live updates
2023-10-06,Finance CEOs Who Have Stuck It Out for 11 Years Are Eyeing Exit
2023-10-06,PepsiCo is among the most oversold S&P 500 stocks. Here are the others
2023-10-06,"Wall St Week Ahead Surging Treasury yields upend stock market's ""bond proxies"""
2023-10-06,S&P 500 Financials Sector Earnings Preview: Q3 2023
2023-10-06,"S&P 500 Gains and Losses Today: Index Rises as Hiring Jumps, Wage Gains Slow"
2023-10-06,U.S. stocks end higher after blockbuster September jobs report as S&P 500 snaps 4-week losing streak
2023-10-06,The 7 largest stocks in the S&P 500 have returned 92% on average this year—but 'it's not terribly healthy' for markets
2023-10-06,JPMorgan’s Kolanovic: Stocks could fall 20%
2023-10-09,Wall Street declines on Middle East conflict
2023-10-09,S&P 500 Faces Threat of Profit Warnings as Concerns About US Consumer Mount
2023-10-09,US stocks tumble against backdrop of Israel-Hamas war
2023-10-09,"NASDAQ Index, Dow Jones, S&P 500 News: Geopolitical Tensions Tank Markets, Defense Stocks Soar"
2023-10-09,"NASDAQ Index, S&P 500, Dow Jones Forecasts: US Indices Surge Almost 1% Despite Geopolitical Strains"
2023-10-09,"Dow Jones, Nasdaq, S&P 500 weekly preview: Focus on Middle East, CPI and Q3 earnings"
2023-10-09,S&P 500: Rally to 4800 in the Cards?
2023-10-09,"US STOCKS-S&P 500, Nasdaq fall on Middle East conflict"
2023-10-09,"Stock Market Today: Dow, S&P Live Updates for October 10"
2023-10-09,S&P 500 Gains and Losses Today: Index Rebounds After Comments From Fed Officials
2023-10-09,"Dow closes nearly 200 points higher, as investors shake off rising oil prices from Israel-Hamas war: Live updates"
2023-10-09,Stocks shake off Israel-Gaza war fears to end higher after remarks by Fed officials
2023-10-09,"Sell 11 Big Stocks Now — Or Pay The Price, Analysts Warn"
2023-10-09,Dow climbs nearly 200 points as investors brush off worries about rising oil prices
2023-10-09,"Dow Jones Futures Fall, Oil Prices Spike After Hamas Attack"
2023-10-09,Expected rise in US earnings could be balm for stocks after rough stretch
2023-10-09,Why the S&P 500 May Have Peaked for 2023: Bob Doll
2023-10-09,"Nasdaq, S&P 500 Hold Onto Weekly Support; Russell 2000 in Trouble: Technical View"
2023-10-09,S&P 500 cuts losses despite rising geopolitical tensions amid Israel-Hamas war By Investing.com
2023-10-09,Wall Street advances as investors monitor Mideast conflict headlines
2023-10-09,"Stocks Week Ahead: Can S&P 500 Maintain Uptrend After Hitting Resistance at 4,320?"
2023-10-10,S&P 500 & Nasdaq Rebound from Key Support; How Much More Upside?
2023-10-10,"Stock Market Today: Dow, S&P Live Updates for October 11"
2023-10-10,"Nasdaq Index, Dow Jones, S&P 500 News: Market Ignores Geopolitics, Focuses on Yields Dip, Earnings"
2023-10-10,These Were the S&P 500's Top Stocks on Tuesday
2023-10-10,S&P 500 Gains and Losses Today: Index Advances Amid Optimistic Rate Outlook
2023-10-10,"Nasdaq 100, Dow Jones, S&P 500 News: Firm as Fed’s Dovish Tone Eclipses Geopolitical Heat"
2023-10-10,Israel-Hamas War: US defense stocks rocket while Israel-based stocks tank globally | Mint
2023-10-10,S&P 500 closes higher for a fourth day as traders prepare for consumer inflation data: Live updates
2023-10-10,"Momentum traders set to buy the S&P 500 'in every scenario,' says Goldman Sachs"
2023-10-10,U.S. stocks rise as Treasury yields fall on hopes of end to Fed rate hikes
2023-10-10,Only 29% of S&P 500 Stocks Are Beating the Index. Here's What It Means for Your Portfolio
2023-10-10,S&P 500 and Dollar Index Analysis - Technical Tuesday
2023-10-10,RSP ETF: Invest in the S&P 500 Without Heavy Tech Exposure
2023-10-10,S&P 500 jumps as Treasury yields remain steady on easing bets of November hike
2023-10-10,Will October live up to its reputation as a bear market killer?
2023-10-10,3 Buy-Rated S&P 500 Stocks to Scoop Up Near 52-Week Lows
2023-10-10,Stocks and Bonds Have Taken Losses. Invest in Them Anyway.
2023-10-10,"Markets News, Oct. 10, 2023: Stocks Gain, Bond Yields Fall Amid Search for Save Havens"
2023-10-10,"Stocks are bottoming and the market is approaching the perfect buying opportunity for investors, Fundstrat says"
2023-10-10,Dovish Fed officials boost Wall Street as bond yields retreat
2023-10-11,"NASDAQ Index, S&P 500, Dow Jones Forecasts: Fed Eyes One More Rate Hike Amid High Inflation"
2023-10-11,Emerging-market stocks sink to lowest since 1987 relative to US equities
2023-10-11,S&P 500 Gains and Losses Today: Index Moves Higher Ahead of Key Inflation Data
2023-10-11,S&P 500 Crashed 50% the Last Time Stocks Were This Expensive Vs. Debt
2023-10-11,BofA's Subramanian: Equal-Weighted S&P 500 Could 'Rip'
2023-10-11,"S&P 500, Nasdaq snap winning streaks"
2023-10-11,The Fed May Be Done; What It Means For Treasury Yields And Stocks
2023-10-11,"S&P 500 Rally Pauses at Key Resistance: Fed Minutes, Key Data in Focus"
2023-10-11,RSP ETF: Invest in the S&P 500 Without Heavy Tech Exposure - TipRanks.com
2023-10-11,"FTSE 100, DAX 40 and S&P 500 Trade Within or Close to Key Resistance"
2023-10-11,These regional banks are at risk of being booted from the S&P 500
2023-10-11,"U.S. stocks score fourth day of gains after Fed minutes, wholesale inflation data"
2023-10-11,Stocks rise as all eyes turn to inflation data: Stock market news today
2023-10-11,"Nasdaq 100, Dow Jones, S&P 500 News: Wall Street Awaits CPI After Fed’s Mixed Signals"
2023-10-11,9 'Unstoppable' Stocks Deliver Big Gains And No Pain To Investors
2023-10-11,Consumer staples is the S&P 500’s second worst performing sector in 2023. Why it still doesn’t look attractive despite cheap valuation.
2023-10-11,"US STOCKS-S&P 500, Nasdaq turn positive after Fed minutes"
2023-10-11,The only US funds beating their benchmarks
2023-10-11,The S&P 500 Hasn't Done This in 14 Years
2023-10-11,S&P 500: Magnificent Seven May Be Gearing Up For Fantastic Finish To 2023
2023-10-11,"US stock market technicals suggest possible rebound as earnings, CPI loom"
2023-10-11,"Stock Market Today: Dow, S&P Live Updates for October 12"
2023-10-11,"US CPI preview: Bond market and analyst expectations, S&P 500 reaction and more"
2023-10-11,"Wall Street advances as bond yields fall, investors digest Fed minutes"
2023-10-12,"Nasdaq Index, Dow Jones, S&P 500 News: US Stocks Wobble as Inflation Data Stuns Markets"
2023-10-12,Stocks go up in in the fourth quarter of the year 80% of the time—what that means for your money
2023-10-12,S&P 500 Gains and Losses Today: Index Falls as Consumer Prices Top Estimates
2023-10-12,"Nasdaq 100, Dow Jones, S&P 500 News: Markets Eye Fed, Treasury Yields, and Big Mergers"
2023-10-12,"Nasdaq 100, Dow Jones, S&P 500 News: CPI Impact On Federal Reserve Policy Sets Tone"
2023-10-12,"1 Time-Tested Warren Buffett Index Fund Could Turn $300 Per Month Into $618,900"
2023-10-12,"Hormel Shares Sink After Food Maker's Strategic Plan, Union Contract"
2023-10-12,Dow closes more than 150 points lower as inflation data reignites interest rate fears: Live updates
2023-10-12,"Block’s stock could double, analyst says, as an exciting milestone may be in view"
2023-10-12,"Stock Market Today: Dow, S&P Live Updates for October 13"
2023-10-12,Stock Market Outlook: One-Year-Old Bull Rally Suggests More Upside Ahead
2023-10-12,Apple Stock: Saving The S&P 500 In 2023 - Apple Maven
2023-10-12,U.S. stocks snap 4-day winning streak as Treasury yields climb after inflation data
2023-10-12,"NASDAQ Index, S&P 500, Dow Jones Forecasts: Market Mood Swings Amid Stronger US Inflation"
2023-10-12,7 High-Growth S&P 500 Stocks to Buy Now
2023-10-13,"S&P 500: 1 Year After Bottoming, Are We Back on Track to a New All-Time High?"
2023-10-13,Lululemon's stock to join S&P 500 index
2023-10-13,"Nasdaq 100, Dow Jones, S&P 500 News: Inflation Worries, Earnings Causing Early Jitters"
2023-10-13,S&P 500 Gains and Losses Today: Index Declines Amid Concerns About Middle East Conflict
2023-10-13,S&P 500 Will Likely Report Year-Over-Year Earnings Growth for First Time Since Q3 2022
2023-10-13,Here is what needs to happen for the S&P 500 to hold on to this year's gains
2023-10-13,"NASDAQ Index, S&P 500, Dow Jones Forecasts: Geopolitical Strains Shake Top Indices"
2023-10-13,S&P 500 could avoid a shake up if bond yields remain under 5%: BofA
2023-10-13,"Nasdaq Index, Dow Jones, S&P 500 News: Wall Street Eyes Strong Bank Earnings Amid Market Volatility"
2023-10-13,"S&P 500 closes lower on Friday, but notches second straight positive week: Live updates"
2023-10-13,"FTSE 100, DAX 40 and S&P 500 Capped by Key Resistance on Uptick in US inflation"
2023-10-13,BofA Says US Stocks Can Avoid Big Drop If Yields Stay Below 5%
2023-10-13,"Hedge-fund billionaire Leon Cooperman doesn't see S&P 500 above 4,600. Here's what he's investing in."
2023-10-13,S&P 500 slips as tech slump offsets jump in banks amid strong earnings
2023-10-13,"Oppenheimer's John Stoltzfus Sees S&P 500 Rising 13% More by Year End to 4,900"
2023-10-13,"Markets News, Oct. 13, 2023: Dow Gains, Nasdaq Sinks as Investors Flock to Safe Havens"
2023-10-13,Stock Bulls Embrace Great Yield Surge in a Dangerous Bet on Fed
2023-10-13,Citigroup Sees Homebuilders Beating the S&P 500 Over the Next Month
2023-10-13,Ask ii: is this a smarter way to play the S&P 500?
2023-10-13,Warren Buffett Relies On 8 Stocks Now That Apple Is Crumbling
2023-10-13,The S&P 500's top 10 performers since its bear market low — and where Cramer stands on them now
2023-10-13,Q3 Earnings Season Poses Next Big Test for S&P 500: Here's How to Prepare for It
2023-10-16,Wall Street Strategists Sound Alarm on Dimmer Profit Outlook
2023-10-16,"Lululemon, Hubbell Shares Rise Ahead of Joining the S&P 500"
2023-10-16,S&P 500 Gains and Losses Today: Index Climbs to Start Week of Key Earnings Reports
2023-10-16,"Buffer Securities Linked to the S&P 500 Futures Excess Return Index Due October 28, 2025"
2023-10-16,"Nasdaq 100, Dow Jones, S&P 500 News: Cautiously Bullish Amid Earnings, Geopolitical Risks"
2023-10-16,"S&P 500 rally in Q4 ""more likely than not"" despite headwinds - Morgan Stanley"
2023-10-16,"S&P 500 jumps as big tech soaks up demand, shrugs off rising Treasury yields"
2023-10-16,Lululemon Stock Rallies To 52-Week High After Joining S&P 500
2023-10-16,"Markets News, Oct. 16, 2023: Indexes Finish Higher, Bond Yields Rise To Start Big Earnings Week"
2023-10-16,"Russell 2000 on Verge of New July Lows; S&P 500, Nasdaq Hold Breakout Support"
2023-10-16,UBS pushes out S&P 500 mid-2024 target forecast to year-end
2023-10-16,Lululemon (LULU) Rises 10% on News of Being Added to S&P 500 Index
2023-10-16,"Morgan Stanley says the average stock is breaking down, S&P 500 to fall to 3900 by year-end"
2023-10-16,Moderna Shares Slump Amid Concerns About COVID-19 Vaccine Demand
2023-10-16,Here are the S&P 500 and Nasdaq 100 companies that had consistently high returns on equity for at least 10 years
2023-10-16,"Stock Market Today: Dow, S&P Live Updates for October 17"
2023-10-16,"Wall St jumps 1% to kick-start earnings and data-heavy week, megacaps rise"
2023-10-16,Here's What Makes the S&P 500 (SPY) ETF an Attractive Investment - TipRanks.com
2023-10-16,Beyond Volatility: A New Way to Look at Risk Managed Index Strategy
2023-10-16,Wall Street ends up on earnings optimism; eyes remain on Middle East
2023-10-16,"Nasdaq Index, Dow Jones, S&P 500 News: Earnings Jostle with Geopolitics Amid Volatility"
2023-10-16,Lululemon To Join S&P 500; LULU Stock Surges Into Buy Zone
2023-10-16,Is A 1987-Type Stock Market Crash 3 Days Away?
2023-10-16,What are the most volatile stocks in 2023?
2023-10-16,"Lululemon stock pops, set to join S&P 500"
2023-10-16,"Dow industrials jump 314 points as investors await earnings, shake off war"
2023-10-16,Dow Jones Futures Rise As Market Rally Faces Key Test; Tesla Earnings Ahead
2023-10-16,"Stock Market News for Oct 16, 2023"
2023-10-16,Stock Market Outlook: Odds of a Year-End Equity Rally Are Dwindling
2023-10-16,Lululemon stock surges to highest level since 2021 on plans to join S&P 500
2023-10-16,A low-cost way to protect against an S&P 500 drawdown as risks escalate
2023-10-16,Lululemon Shares Jump Ahead of Its Move to the S&P 500
2023-10-16,"Dow Rises 300 Points—But Big Losses Will Dash Earnings Season Cheer, Morgan Stanley Warns"
2023-10-17,US Stocks Are Ripe for Earnings-Led Rally as Rates Angst Settles
2023-10-17,"Moderna’s stock pummeled to pace the S&P 500’s decliners, as it heads for yet another 5-day losing streak"
2023-10-17,"S&P 500 Is in a Historic Bubble, Could Crash by 63%: Hussman"
2023-10-17,Beyond the S&P 500: How to supercharge your diversification
2023-10-17,"Nasdaq 100, Dow Jones, S&P 500 News: Earnings Clash with Rising Yields and Global Risks"
2023-10-17,"Markets News, Oct. 17, 2023: Indexes Finish Little Changed as Treasury Yields Climb"
2023-10-17,S&P 500 Gains and Losses Today: Chipmaker Shares Drop Amid Tightening Export Rules
2023-10-17,Stock Market Outlook: S&P 500 Earnings Estimates for 2024 Too Optimistic
2023-10-17,"Nasdaq 100, Dow Jones, S&P 500 News: Johnson & Johnson Earnings Awaited Amid Rising Geopolitical Risks"
2023-10-17,Morgan Stanley’s Mike Wilson predicts an end-of-year stock rally
2023-10-17,"Stock Market Today: Dow, S&P Live Updates for October 18"
2023-10-17,IBD Stock Of The Day: S&P 500 Giant Breaks Out
2023-10-17,"Nasdaq ends down on higher yields, chipmaker share declines"
2023-10-17,"Retail Sales Much Stronger Than Expected; S&P 500 Reverses Higher, Yields Soar"
2023-10-17,S&P 500 closes little changed Tuesday as Treasury yields pop on hot retail sales data: Live updates
2023-10-17,Daily: Return to profit growth expected in US in third quarter
2023-10-17,"Dow ekes out small gain as stocks end mostly lower, after strong U.S. retail sales data"
2023-10-17,"S&P 500 falls as Nvidia slip, rising yields overshaddow quarterly earnings"
2023-10-17,8 Stocks Sporting 20% 'Aggregate' Yields Are Worth Your While
2023-10-17,Wall Street's biggest bear is standing by his call for stocks to slump 10% by January. Here are 4 charts that support his point.
2023-10-17,Should iShares Core S&P 500 ETF (IVV) Be on Your Investing Radar?
2023-10-18,Bitcoin Holds $28K as Stocks Buckle Under Interest Rate Concerns
2023-10-18,"Wall St falls more than 1%; yields rise, investors assess earnings"
2023-10-18,"S&P 500 earnings estimates for 2024 are overly optimistic, JPMorgan's quant guru says"
2023-10-18,Stock Market Outlook: S&P 500 Nears Make-or-Break Moment for Bull Market
2023-10-18,"Dow snaps 3-day winning streak with 300 point fall, as Treasury yields refresh 16-year highs"
2023-10-18,"S&P 500 Gains and Losses Today: Airline Stocks Fall Amid Canceled Flights, Fuel Costs"
2023-10-18,What's in store for Lululemon as it joins the S&P 500
2023-10-18,"Stock Market Today: Dow, S&P Live Updates for October 19"
2023-10-18,"Nasdaq 100, Dow Jones, S&P 500 News: Earnings Reports Stir Uncertainty as Wall Street Teeters"
2023-10-18,"Nasdaq Index, Dow Jones, S&P 500 News: Wall Street Rocked by Earnings Surprises, Soaring Treasury Yields"
2023-10-18,Lululemon stock to be included in S&P 500 index today
2023-10-18,How Lululemon parlayed yoga pants into an entry to the S&P 500
2023-10-18,"S&P 500 falls as Nvidia drives tech lower ahead of Tesla, Netflix results"
2023-10-18,Goldman warns any S&P 500 rally could be short-lived amid geopolitical risks By Investing.com
2023-10-18,Lululemon stock is joining the S&P 500
2023-10-18,S&P 500 Technical Analysis - This might be an ominous sign for the bulls
2023-10-18,Nasdaq Sales Beat Estimates With Boost From 'Marquee IPOs'
2023-10-18,The S&P 500 Welcomes Lululemon: Is This a Game-Changer for the Stock?
2023-10-18,"12 Companies (Including Nvidia) Will Double Their Profit, Analysts"
2023-10-18,Dow closes more than 300 points lower as 10-year Treasury yield soars to another 16-year high: Live updates
2023-10-18,Peak Demand Fears Hit These S&P 500 Giants. This Is The Trigger.
2023-10-18,S&P 500 Forecast: Looks at Inflation
2023-10-18,"S&P 500, NAS 100 Experience Choppy Price Action as Treasuries Rise, More Earnings Ahead"
2023-10-19,"U.S. stocks end lower, S&P 500 logs third straight day of losses after Fed Chair Powell remarks"
2023-10-19,Reality has started to sink in for richly valued US long-duration and growth equities
2023-10-19,"S&P 500 Gains and Losses Today: Tesla Drags Down Tech Stocks as Profit, Sales Miss"
2023-10-19,"Nasdaq 100, Dow Jones, S&P 500 News: Futures Trend Lower as Powell’s Hawkish Stance Looms"
2023-10-19,S&P 500 Price Forecast – Stock Market Looks Ready to Bounce
2023-10-19,Dow closes 250 points lower as 10-year Treasury yield nears 5%: Live updates
2023-10-19,"Stock Market Today: Dow, S&P Live Updates for October 20"
2023-10-19,"What is the S&P 500 Index? Calculation, Composition, How to Trade"
2023-10-19,S&P 500 will hit record highs before year-end - Piper Sandler By Investing.com
2023-10-19,"Nasdaq Index, Dow Jones, S&P 500 News: Wall Street Weighs Powell’s Words as Treasury Yields Near 5%"
2023-10-19,"S&P 500 (SPX), Dow Jones (DJI), Nasdaq Composite (IXIC) Daily Technical Outlook: Markets Await Powell’s Monetary Insight Today"
2023-10-19,Piper Sandler: S&P 500 to mount 'relief rally' to new record
2023-10-19,Tom Lee highlights top picks in his winning portfolio beating S&P 500
2023-10-19,Treasury Selloff Is Worse When You Consider the Depreciating Dollar
2023-10-19,S&P 500 Futures Little Changed While Bonds Continue to Struggle
2023-10-19,"Wall St drops as Treasury yields surge, Powell speaks"
2023-10-19,"Dow ends over 250 points lower after Powell’s remarks, as 10-year Treasury yield nears 5%"
2023-10-19,History Says the S&P 500 Is Soaring Toward a Record High: 2 Magnificent Growth Stocks Near a 52-Week Low to Buy ...
2023-10-19,"Bond yields hit new highs, pressuring S&P 500"
2023-10-19,S&P 500 Holds Steady Above Key Support at 4300: What to Expect Next
2023-10-19,Airline stocks have been hammered. Here’s how to go bargain hunting now.
2023-10-19,Wall Street's 'Magnificent Seven' face moment of truth as earnings season arrives
2023-10-19,"Markets News, Oct. 19, 2023: Stocks Slump, 10-Year Yield Nears 5%; Fed 'Proceeding Carefully,' Says Powell"
2023-10-20,U.S. stocks open lower as S&P 500 heads for weekly loss
2023-10-20,"Markets News, Oct. 20, 2023: S&P 500, Nasdaq Fall to 4-Month Lows on Middle East Fears"
2023-10-20,"S&P 500 Earnings Season Update: October 20, 2023"
2023-10-20,"S&P 500 is primed for a 14% rally this year because stocks are extremely oversold, Piper Sandler says"
2023-10-20,"Nasdaq Index, Dow Jones, S&P 500 News: Wall Street Cautious Amid Surging Yields, Middle East Tensions"
2023-10-20,S&P 500 Gains and Losses Today: Solar Power Stocks Sink After SolarEdge Warning
2023-10-20,VIX: Stock Market Volatility Indicator Signals Trough in the S&P 500
2023-10-20,"S&P 500 (SPX), Dow Jones (DJI), Nasdaq Composite (IXIC) Daily Technical Outlook: Yield Surges & Global Tensions Rattle Markets Today"
2023-10-20,"S&P 500 Won't Hit New High for Years, House Prices Will Fall: Cooperman"
2023-10-20,S&P 500 Weekly Price Forecast – S&P 500 Has a Rough Week
2023-10-20,S&P 500 breaks below key level for first time since March as stocks erase summer gains
2023-10-20,"Nasdaq 100, Dow Jones, S&P 500 News: Rising 10-Year Yields, Mixed Earnings Reports Spell Caution"
2023-10-20,S&P 500’s slump this week wipes out October gains
2023-10-20,S&P 500 Extends Slide on Heightened Volatility as Iraqi Air Base is Attacked
2023-10-20,S&P 500 Snapshot: 4-Day Slump Wipes October Gains
2023-10-20,Earnings set to decline YOY for most S&P 500 sectors
2023-10-20,Markets Slump at Midday Amid Rising Worries About Fighting in the Middle East
2023-10-20,S&P 500: Did Powell Just Spark a New Downtrend?
2023-10-20,Nike among most overbought stocks in S&P 500. Here are others
2023-10-20,"S&P 500, Nasdaq Give Up Breakout Support; Russell 2000 Likely to Nosedive"
2023-10-20,"Dow books worst week in a month, U.S. stocks close lower after a weekly rise in Treasury yields and oil prices"
2023-10-20,"Wall St ends sharply lower, posts weekly losses; Mideast fears increase"
2023-10-20,Wall St Week Ahead Investors seek shelter as U.S. stocks grow more turbulent
2023-10-20,"S&P 500 off lows as Treasury yields retreat, but mixed corporate earnings weigh"
2023-10-20,"S&P 500 could sink to the $2,200 range: Eddy Gifford"
2023-10-20,VIX Backwardation Flashes Warning to Stock Market
2023-10-20,Bond Market's Bad Tidings Start to Overwhelm Miracle Stock Rally
2023-10-20,5 Out of 6 Warren Buffett Bank Stocks Are Underperforming the S&P 500 in 2023 -- Which Are the Best Buys Now?
2023-10-23,"Wall Street ends mixed as Treasury yields ease, focus turns to earnings"
2023-10-23,Billionaire investor Leon Cooperman sounds alarm: S&P 500 won't reach fresh highs for years to come
2023-10-23,Equity strategist who called stock rally in first half says S&P 500 won’t resume climb until spring 2024
2023-10-23,S&P 500 Information Technology Sector Earnings Preview: Q3 2023
2023-10-23,S&P 500 Gains and Losses Today: Chevron and Hess Shares Fall Following $53B Deal
2023-10-23,State Street to offer Europe's cheapest S&P 500 ETF after drastic fee cut
2023-10-23,Stock Market Outlook: S&P 500 Bound for 14% Rally Amid Oversold Signals
2023-10-23,"Dow Jones ends down for fourth day, S&P 500 posts longest losing streak of 2023"
2023-10-23,Strategist Who Called First-Half Rally Sees S&P 500 Stalling Out
2023-10-23,"Nasdaq 100, Dow Jones, S&P 500 News: Chevron’s $53B Deal, Hawkish Fed, and Earnings Fireworks Ahead"
2023-10-23,"Markets News, Oct. 23, 2023: Dow Falls Nearly 200 Points, Nasdaq Ekes Out Gains Ahead of Big Tech Earnings"
2023-10-23,Stock market today: Live updates
2023-10-23,"Markets Week Ahead: S&P 500, Gold, US Dollar; Powell, ECB, BoC, Australia CPI, Germany Ifo, UK jobs"
2023-10-23,"US STOCKS-S&P 500, Nasdaq at near five-month lows as 10-yr yield hits 5%"
2023-10-23,Markets Turn Positive at Midday After 10-Year Treasury Yield Reverses Course
2023-10-23,Stocks close mixed as yields recede from 16-year highs: Stock market news today
2023-10-23,"Dow Jones, Nasdaq, S&P 500 weekly preview: Testing key support ahead of Big Tech earnings"
2023-10-23,"Dow Jones closes 190 points lower, S&P 500 books longest losing streak of 2023"
2023-10-24,The S&P 500 just logged its longest losing streak of the year as spiking bond yields sow panic on Wall Street
2023-10-24,Stock-Market Selloff: S&P 500 Logs Longest Losing Streak of 2023
2023-10-24,S&P 500: Is a Year-End Rally on the Horizon Against All Odds?
2023-10-24,"S&P 500 falls more than 1% to close below 4,200 for first time since May, Nasdaq notches worst day since February"
2023-10-24,S&P 500 Reporting A Lower Year-Over-Year Net Profit Margin For the 7th Straight Quarter
2023-10-24,"Stock-Market Outlook: S&P 500 to Fall 8%, Morgan Stanley's Mike Wilson Says"
2023-10-24,"Nasdaq Index, Dow Jones, S&P 500 News: Microsoft, GM, and Coca-Cola Drive Market"
2023-10-24,"S&P 500 Gains and Losses Today: Verizon, 3M Earnings Help Power Index Higher"
2023-10-24,Stock Market Forecast For The Next Six Months
2023-10-24,S&P 500 holds steady on 200-day moving average
2023-10-24,"Dow Jones posts 200 point gain, S&P 500 snaps year’s longest losing streak"
2023-10-24,John Hancock's Roland Still Likes the Classic S&P 500 Tech Sector
2023-10-24,"Nasdaq 100, Dow Jones, S&P 500 News: Wall Street Eyes Tech Amid GM and Coca-Cola Earnings Uncertainty"
2023-10-24,S&P 500 rises as investors eye big tech earnings By Investing.com
2023-10-24,"Nasdaq 100 & S&P 500 Hold Support, while Nikkei 225 Remains Above the 200-day Moving Average"
2023-10-24,"Dow Jones snaps four-day losing streak, supported by strong earnings"
2023-10-25,"Nasdaq Index, Dow Jones, S&P 500 News: Mixed Earnings Sparks Volatility in Tech, Industrials; Meta on Tap"
2023-10-25,Piper Sandler Says the S&P 500 Could Still Surge 14% in 2023 — Here Are 2 Stocks to Keep an Eye On
2023-10-25,"S&P 500, Nasdaq end sharply lower as Alphabet disappoints, Treasury yields bounce"
2023-10-25,FAANG Stocks - Performance Over the Last Decade
2023-10-25,The S&P 500 Rallies 10% When It Goes a Year Without Record High
2023-10-25,"S&P 500 (SPX), Dow Jones (DJI), Nasdaq Composite (IXIC) Daily Technical Outlook: Tech Woes Stir Markets, Industrial Average Teeters"
2023-10-25,S&P 500 Gains and Losses Today: Tech Stocks Tumble After Alphabet's Earnings Report
2023-10-25,"Dow Jones Futures: Microsoft, Google Are Big Earnings Movers; S&P 500 Regains Key Level"
2023-10-25,"Among the S&P 500, these 20 companies have made the best use of investors’ money"
2023-10-25,"Stock Market Today: Dow, S&P Live Updates for October 26"
2023-10-25,Stock market today: Big tech earnings send S&P 500 lower.
2023-10-25,"Nasdaq tumbles 1.7% Thursday, descending further into correction territory: Live updates"
2023-10-25,Nasdaq enters a correction as tech shares lead U.S. stocks lower
2023-10-25,"Nasdaq 100, Dow Jones, S&P 500 News: Microsoft Soars, Alphabet Sinks, Boeing’s Moment Nears"
2023-10-26,"Dow drops more than 350 points to end brutal week, S&P 500 closes in correction territory: Live updates"
2023-10-26,Stock Market Outlook: the S&P 500 Is on the Verge of a Technical Breakdown.
2023-10-26,What Is The VIX Volatility Index? – Forbes Advisor - Investing
2023-10-26,Is Stock Market in a Correction? What S&P 500 200-Day Moving Average Tells Us
2023-10-26,"S&P 500, Nasdaq end sharply lower as Alphabet disappoints, Treasury yields bounce"
2023-10-26,"Dow Jones Futures Fall: Meta Extends S&P 500, Nasdaq Sell-Off After Google Dive"
2023-10-26,S&P 500 falls as Meta slump triggers tech wobble
2023-10-26,"US Indices Beginning to Look Vulnerable; S&P 500, Nasdaq, Dow Price Setups"
2023-10-26,"Markets News, Oct. 26, 2023: Stocks Tumble; S&P 500 on Cusp of Correction After Strong Q3 GDP Report"
2023-10-26,"S&P500, NAS100 Weighed Down by Tech Earnings and Rising Yields. 4000 Level Up Next?"
2023-10-26,"S&P 500 (SPX), Dow Jones (DJI), Nasdaq Composite (IXIC) Daily Technical Outlook: Big Tech Earnings Sway Wall Street Today"
2023-10-26,"Stock Market Today: Dow, S&P Live Updates for October 27"
2023-10-26,S&P 500 and Nasdaq end sharply lower
2023-10-26,S&P 500 ends at lowest since May as Nasdaq slides deep into correction territory on disappointing earnings
2023-10-26,S&P 500 Gains and Losses Today: Toymaker Stocks Sink After Holiday Sales Warnings
2023-10-26,Should I Buy Stocks Now Amid Such Uncertainty?
2023-10-26,"Nasdaq 100, Dow Jones, S&P 500 News: Tech Woes, Rising Treasury Yields Rattle US Stock Futures"
2023-10-26,"Nasdaq Index, Dow Jones, S&P 500 News: Tech Stocks Enter Correction Zone Ahead of Amazon Earnings"
2023-10-26,S&P 500 Dips To 5-Month Low As Earnings Season Highlights Struggles Of 'Magnificent 7' Tech Stocks To Keep Rally ...
2023-10-27,S&P 500 index enters a correction. Here's what it means for future performance.
2023-10-27,Wall Street ends mixed at close of earnings-packed week
2023-10-27,"Stock Markets Today: S&P 500, Amazon, Intel, Syria, Israel, GDP, Taylor Swift"
2023-10-27,"The S&P 500 could fall another 5% and test a critical support level that has previously marked the bottom, Bank of ..."
2023-10-27,S&P 500 Gains and Losses Today: Solar Stocks Plunge After Warning From Enphase
2023-10-27,S&P 500 falls into correction after losing 10% from summer peak
2023-10-27,S&P 500 is down 10% in 3 months; should Indian investors be worried? | Mint
2023-10-27,Dow closes at lowest since March as S&P 500 joins Nasdaq in correction territory
2023-10-27,"S&P 500 Earnings Season Update: October 27, 2023"
2023-10-27,"Here's the next line in the sand the S&P 500 needs to defend or risk a bigger drop, says Bank of America"
2023-10-27,"S&P 500 (SPX), Dow Jones (DJI), Nasdaq Composite (IXIC) Daily Technical Outlook: Navigating Ford’s Fall & DJI’s Descending Triangle"
2023-10-27,"Markets News, Oct. 27, 2023: Amazon Earnings Propel Nasdaq Higher; S&P 500 Slips Into Correction"
2023-10-27,S&P 500 enters correction territory to close volatile trading week
2023-10-27,Nearing the 'death cross': S&P 500 falls into a correction
2023-10-27,BofA Strategist Hartnett Sees Risk of S&P 500 Dropping 5% More From Here
2023-10-27,"Nasdaq Index, Dow Jones, S&P 500 News: Tech Stocks Rally as Economic Data Steers Market Sentiment"
2023-10-27,"S&P 500 swings lower to enter correction as tech gives up gains, energy slumps"
2023-10-27,Stock market news today: Dow sheds over 350 points as S&P 500 enters correction territory
2023-10-27,The S&P 500 will rocket 18% by year-end as the economy stays strong and the Fed ends interest rate hikes ...
2023-10-27,'Big Short' Michael Burry's bets against S&P 500 and Nasdaq pay off
2023-10-27,Treasurys Now Yield the Same As Biggest Dividends Paid by S&P 500 Firms
2023-10-30,S&P 500 Forecast: Index gains 1.2% as positive earnings usher in buyers
2023-10-30,Stock Market Outlook: 5 Reasons Why S&P 500 Will Rally Through 2024
2023-10-30,S&P 500 Gains and Losses Today: Western Digital Shares Soar Amid Spinoff Plan
2023-10-30,Wall Street Cuts S&P 500 Expectations as Geopolitical Risk Rises
2023-10-30,"Stock Market Today: Dow, S&P Live Updates for October 31"
2023-10-30,"Wall Street ends sharply higher, powered by earnings momentum; Fed eyed"
2023-10-30,"S&P 500 (SPX), Dow Jones (DJI), Nasdaq Composite (IXIC) Daily Technical Outlook: Rate Hikes and Earnings Set the Stage for a Volatile Week"
2023-10-30,"Revvity’s stock tumbles to lead the S&P 500 losers after earnings miss, lowered outlook"
2023-10-30,S&P 500 and Nasdaq enter correction territory; Tech giants see share rise amid market slump
2023-10-30,S&P 500 Energy Sector Earnings Update: Q3 2023
2023-10-30,"Nasdaq Index, Dow Jones, S&P 500 News: Fed, Jobs and Apple Earnings Shape This Week’s Market"
2023-10-30,S&P 500 Index Nears Important Long-Term Trend Support
2023-10-30,Dow Jones surges more than 500 points as stocks snap 3-day losing streak
2023-10-30,Profit Cuts Signal More Bad News for S&P 500 After October Slump
2023-10-30,"News updates from October 30: S&P 500 notches biggest gain in two months as Fed meeting looms, General Motors in ..."
2023-10-30,"Nasdaq 100, Dow Jones, S&P 500 News: Investors’ Gaze Turns to McDonald’s Earnings"
2023-10-30,"S&P 500 rallies ahead of busy week as Apple earnings, Fed decision eyed By Investing.com"
2023-10-30,Wall Street's biggest bull lowers S&P 500 target
2023-10-30,"Ford, BofA, Morgan Stanley Have All Plunged Over 20% Since End of July"
2023-10-30,"This year's ""bull market"" now looks like a bear rally"
2023-10-30,S&P 500: 'Magnificent Seven' Stock Meltdown Costs Investors $1.8 Trillion
2023-10-30,Stock Market News Today: Markets Climb As Investors Ready for Big Week
2023-10-30,"Oppenheimer slashes forecast for S&P 500, but still sees stocks rising from here"
2023-10-30,S&P 500 in Correction Zone: Time to Buy ETFs?
2023-10-30,Stock market today: World shares mixed after S&P 500 slips ahead of Fed interest rate decision
2023-10-30,Morgan Stanley's top strategist Mike Wilson warns investors not to get their hopes up for a Santa Claus rally
2023-10-30,"Dow Jones, Nasdaq, S&P 500 weekly preview: Fed, Apple and NFP in spotlight"
2023-10-30,Oppenheimer Isn't Ready to Abandon Its S&P 500 4900 Target Just Yet — Here Are 2 Stocks That Could Lead the Way
2023-10-30,US stock market correction: What comes next?
2023-10-30,S&P 500 stretches to the best levels of the day
2023-10-30,"FTSE 100, DAX 40 and S&P 500 Try to Kick Off the Week on a Stronger Footing"
2023-10-30,"GBP/USD, S&P 500, gold, WTI analysis: Commitment of traders report (COT)"
2023-10-30,Dow Notches Best Day Since June—But Growth Hopes May Be 'Divorced' From Reality
2023-10-30,"Markets News, Oct. 30, 2023: Stocks Rise; Dow Notches Best Day Since June To Kick Off Earnings, Fed Week"
2023-10-31,Wall St closes higher on eve of Fed decision; investors assess earnings
2023-10-31,Stock market today: Asian shares mostly fall as investors look ahead to economic data
2023-10-31,"Exclusive: In our 'hyper-polarized' political climate, 20% of the S&P 500 is now doing this"
2023-10-31,Has the S&P 500's recent correction triggered a new bear market?
2023-10-31,S&P 500 and Gold (XAU/USD) Take Diverging Paths Ahead of a Raft of Data Releases
2023-10-31,"Nasdaq 100, Dow Jones, S&P 500 News: Stock Futures Show Mixed Sentiment Ahead of Pfizer Earnings"
2023-10-31,"S&P 500: 10 Stocks Turn $10,000 Into $160,927 In 10 Months"
2023-10-31,"Markets News, Oct. 31, 2023: Dow Gains 100 Points as Stocks Rebound Ahead of Fed Rate Decision"
2023-10-31,"Nasdaq Index, Dow Jones, S&P 500 News: End Month Lower with Tech Traders Eyeing AMD After Bell"
2023-10-31,S&P 500 Sets Sights on 4200 as Volatility Eases: What to Expect Next
2023-10-31,Market heads for first three month losing streak since 2020. Here's what that means
2023-10-31,Goldman's Oppenheimer Says US Stocks' Outperformance Set to End
2023-10-31,An alternative approach to investing in US equities: Accessing the S&P 500 with an ESG overlay
2023-10-31,"Why so down, S&P 500?"
2023-10-31,"S&P 500 closes higher Tuesday, but logs first 3-month losing streak since 2020: Live updates"
2023-10-31,S&P 500 Gains and Losses Today: Arista Networks Results and Guidance Beat Estimates
2023-10-31,S&P 500 Companies With More International Exposure Reporting An Earnings Decline of -5%
2023-10-31,"S&P 500 (SPX), Dow Jones (DJI), Nasdaq Composite (IXIC) Daily Technical Outlook: Earnings Surprises & Tech Trends Shape Today’s News"
2023-10-31,"Why so down, S&P 500?"
2023-10-31,S&P 500 climbs as focus shifts to Fed meeting
2023-10-31,"Stock Market Today: Dow, S&P Live Updates for November 1"
2023-11-01,Wall Street Sentiment Indicator Shows S&P 500 Gaining 16% Over Next Year
2023-11-01,"Stocks rally to start November after Fed decision, Dow gains more than 200 points: Live updates"
2023-11-01,"Markets News, Nov. 1, 2023: Stocks Surge, Bond Yields Tumble as Fed Holds Rates Steady"
2023-11-01,"Nasdaq 100, Dow Jones, S&P 500 News: Investors Cautious as Fed Decision Looms"
2023-11-01,Stock Market Outlook: 'Buy' Signal Points to 16% Upside for S&P 500
2023-11-01,"Stock Market Today: Dow, S&P Live Updates for November 2"
2023-11-01,"Top S&P 500 ETFs for Q4 2023 include SPY, IVV, VOO, and SPYD"
2023-11-01,S&P 500 Gains and Losses Today: Index Rises as Fed Holds Interest Rates Steady
2023-11-01,"Nasdaq Index, Dow Jones, S&P 500 News: Futures Dip on Fed Uncertainty, Corporate Woes, Treasury Fears"
2023-11-01,Top 25 Stocks in the S&P 500 by Index Weight for November 2023
2023-11-01,"Nike stock outperforms S&P 500, Dow and Nasdaq"
2023-11-01,"Wall Street analysts are souring on stocks. That could mean the S&P 500 is poised for a 15% rally, B. of A. says."
2023-11-01,November Is The S&P 500's Best Month — 10 Stocks Rally Every Time
2023-11-01,State Street Global Advisors slashes fees on flagship European ETF
2023-11-01,Dow records best three-day gain since April after Fed keeps interest rate steady
2023-11-01,"Federal Reserve Rate Hike Odds Fall, S&P 500 Rises As Powell Talks 8% Mortgages"
2023-11-01,FTSE 100 Edges Higher while Dax and S&P 500 Struggle
2023-11-01,Is Kohlberg Kravis Roberts & Co. L.P. (KKR) Creating A Wave Of “Forced Buyers”
2023-11-01,Why No Fed News Is Bad News For The S&P 500
2023-11-01,Analyst who predicted the S&P 500's correction has a new price target (many will be unhappy)
2023-11-01,"US stocks rally as Fed holds rates, prompts hope for end to hikes"
2023-11-02,"You Might Be Shocked to Learn Where the S&P 500 Would Be in 2023 Without the ""Magnificent Seven"" Stocks"
2023-11-02,Some Surprise Names Led The S&P 500 In October
2023-11-02,The S&P 500 is far from passive
2023-11-02,S&P 500 Gains and Losses Today: Starbucks Shares Jump Following Profit Record
2023-11-02,S&P 500 logs best day in 6 months as optimism grows that Fed is done hiking rates
2023-11-02,"Dow, S&P 500 Set For Best Weeks Of 2023"
2023-11-02,"Stock Market Today: Dow, S&P Live Updates for November 3"
2023-11-02,"Stifel says the S&P 500 will keep climbing 'wall of worry' to hit 4400, gives 10 stocks to play rally"
2023-11-02,The Dow soars more than 560 points as markets bet the Fed is done with rate hikes
2023-11-02,Dow surges over 560 points as S&P 500 scores biggest gain since April
2023-11-02,"S&P 500 analysis: Stocks extend post-FOMC gains ahead of AAPL, NFP"
2023-11-02,Stock Market Outlook: Rare Pattern Could Signal Double-Digit Gains
2023-11-02,'Biden has made it worse': This hedge fund billionaire just issued a serious warning about the economy — says the ...
2023-11-02,S&P 500 rises almost 2%; Apple down in late hours
2023-11-02,S&P 500 और Nasdaq 100 में क्या होता है अंतर? आम निवेशक को इसके बारे में क्यों जानकारी होनी चाहिए
2023-11-02,Stock market news today: Dow rises more than 500 points as investors bet on end to Fed hikes
2023-11-02,S&P 500 Powers Through 4200 Amid Volatility Melt: Can It Overcome 4250?
2023-11-03,"AI Is Overhyped, S&P 500 at Risk If 'Magnificent 7' Stocks Fall: Smead"
2023-11-03,"S&P 500 Earnings Season Update: November 3, 2023"
2023-11-03,S&P 500 and NASDAQ 100: Comparing the US index mutual funds
2023-11-03,Dow pops more than 200 points on Friday to cap the best week for stocks so far this year: Live updates
2023-11-03,"US Stock Market Closing: Dow Jones Up 564 Points, S&P 500 Clocks Biggest Gain Since April"
2023-11-03,Dow scores best week since October 2022 as stocks rise after soft jobs report
2023-11-03,S&P 500 Gains and Losses Today: Paramount Gets a Boost From the NFL and Streaming
2023-11-03,"November is typically the best month for stocks. So far, it’s looking promising"
2023-11-03,S&P 500 Year-End Rally Expected by Everyone: BofA Strategist
2023-11-03,"Jobs Report: Softer Hiring, Unemployment Increase Keep S&P 500 Rally Going"
2023-11-03,S&P 500 Shatters Past Another Key Resistance: Still a Rebound or Trend Reversal?
2023-11-03,"The AI craze is overblown - and the S&P 500 will suffer if the 'Magnificent 7' stocks falter, veteran investor warns"
2023-11-03,Wall Street Says the S&P 500 Will Rally to a Record High: 2 Remarkable Growth Stocks to Buy Now and Hold Long Term
2023-11-06,Equity Index Concentration and Portfolio Implications
2023-11-06,"Stock Market Today: Dow, S&P Live Updates for November 7"
2023-11-06,Largest Cuts to S&P 500 EPS Estimates Over the First Month of a Quarter Since Q2 2020
2023-11-06,Winner-Take-All Rally Spurs Big Distortion Among S&P 500 Members
2023-11-06,S&P 500 Index’s Gains Are Bear Market Rally: Morgan Stanley Strategist Wilson
2023-11-06,Bank Stocks Hit Historic 80-Year Low Vs. S&P 500: Analyst Sees Bear Market Bounce As Fed Rates Peak
2023-11-06,S&P 500 Gains and Losses Today: Upgrades Help Lift Dominion Energy and Clorox Shares
2023-11-06,Stock Market Outlook: Dismal October Points to 6-Month Rally in S&P 500
2023-11-06,"S&P 500 (SPX) to Test Its Next Technical Resistance Level at 4,400"
2023-11-06,S&P 500 Gains Haven't Been This Lopsided Since 2008
2023-11-06,"The S&P 500 Rally is a Possible False Positive [November 6, 2023]"
2023-11-06,"S&P 500: Eli Lilly, Power Generators Lead Top Performers Monday"
2023-11-06,"Analyzing the S&P 500 index, NASDAQ and the Russell 2000 charts"
2023-11-06,Stock Market News Today: S&P 500 Climbs After Best Week of 2023
2023-11-06,Evercore ISI says S&P 500 may 'overshoot' year-end target
2023-11-06,SPDR S&P 500 ETF's rare rally streak of gaps warns of near-term weakness
2023-11-06,Airbnb (ABNB) Rose on the Announcement of Addition to the S&P 500 Index
2023-11-06,Why stocks may not live up to your retirement expectations
2023-11-06,"S&P 500: Can Bulls Push Above 4,375?"
2023-11-06,"Dow Jones, Nasdaq, S&P 500 weekly preview: Fed sparks a massive rally"
2023-11-06,"Russell 2000 Eyes 200-DMA Test; S&P 500, Nasdaq Back Above Rising Trendline"
2023-11-06,"Stocks Are 11% Undervalued — 7 Ways To Cash In Now, Morningstar"
2023-11-06,5 Stocks That Powered S&P 500 ETF Last Week
2023-11-06,Stocks roar as bond yields come back to earth
2023-11-06,LULU Stock Breaks Out After Doubling S&P 500 Gains
2023-11-07,CHART OF THE DAY: S&P 500 returns haven't been this lopsided since the 2008 crisis
2023-11-07,Technology Stocks Eclipse Dot-Com Bubble High Relative to the S&P 500
2023-11-07,"Markets News, Nov. 7, 2023: Nasdaq, S&P 500 Clinch Longest Winning Streaks in 2 Years as Bond Yields Retreat, Oil ..."
2023-11-07,"S&P 500, Nasdaq score longest win streak in 2 years on rates view"
2023-11-07,"S&P 500 firms surpass Q3 expectations, hinting at US economic recovery"
2023-11-07,"S&P 500 Gains and Losses Today: Gen Digital's Customers, Revenue Advance"
2023-11-07,S&P 500 rises for a seventh straight day: What you need to know
2023-11-07,"Nasdaq, S&P 500 Hold Above 50 DMA Resistance; Russell 2000 Retreats Lower"
2023-11-07,S&P 500 Companies See Largest Negative Price Reaction to Negative EPS Surprises Since 2011
2023-11-07,S&P 500 Notches Best Winning Streak In 2 Years
2023-11-07,Stock Market Outlook: S&P 500 Could See Huge Gains As Rare Signal Flashes
2023-11-07,S&P 500 Price Outlook: Bullish Fatigue Allows Moment of Reflection
2023-11-07,S&P 500 and Nasdaq Composite notch longest streak of gains in two years
2023-11-07,"S&P 500, Nasdaq score longest win streak in 2 years"
2023-11-07,"Earnings, Europe, Ethics and a Recession You May Have Missed"
2023-11-07,S&P 500 Price Forecast – Has Wall Street Discovered Gravity?
2023-11-07,"Nasdaq Index, Dow Jones, S&P 500 News: Investors Tread Carefully as Fed’s Kashkari Signals More Rate Hikes"
2023-11-07,"US STOCKS-S&P 500, Dow subdued as rate cut optimism wanes"
2023-11-07,"US Stock Market Closing: Baby Steps As Dow Jones Inches 0.1% Up, S&P 500 Gains 0.18%"
2023-11-07,Stock Market News Today: S&P 500 Hits Best Winning Streak of 2023
2023-11-07,S&P 500 scores longest win steak in two years
2023-11-07,"Nasdaq 100, Dow Jones, S&P 500 News: Wall Street Futures Dip as Rally Momentum Wavers"
2023-11-07,"Nasdaq, S&P 500 aim for longest winning streaks in roughly 2 years as QQQs challenge important trend line"
2023-11-07,"Stock Market Today: Dow, S&P Live Updates for November 8"
2023-11-08,"Markets News, Nov. 8, 2023: S&P 500 and Nasdaq Extend Rally While Dow, Oil Treasury Yields Retreat"
2023-11-08,Dow ends slight lower while S&P 500 extends longest winning streak in 2 years
2023-11-08,"US Stock Market: Dow Jones, Nasdaq, S&P 500 Close Higher Again As Treasury Yields Slip"
2023-11-08,"Why market timing doesn't work: S&P 500 is up 14% this year, but just 8 days explain the gains"
2023-11-08,"S&P 500, Nasdaq barely extend win streaks as investors eye yields, Fed comments"
2023-11-08,"S&P 500 snaps 8-day winning streak, Dow closes 200 points lower as bond yields rise: Live updates"
2023-11-08,"Stock Market Today: Dow, S&P Live Updates for November 9"
2023-11-08,"S&P 500 gains for an eighth straight day, builds on longest win streak in 2 years: Live updates"
2023-11-08,"S&P 500, Nasdaq score longest win streak in 2 years on rates view"
2023-11-08,U.S. stocks open higher as S&P 500 potentially extends longest stretch of gains since 2021
2023-11-08,This S&P 500 stock has the highest return over the past 20 years—it's not Apple or Tesla
2023-11-08,S&P 500 Gains and Losses Today: New 'Grand Theft Auto' Game Lifts Take-Two Shares
2023-11-08,"Stock market news today: Nasdaq, S&P 500 extend longest win streaks since 2021"
2023-11-08,Speculators Signal Optimism on U.S. Stocks for First Time Since Mid-2022
2023-11-08,"Nasdaq 100, Dow Jones, S&P 500 News: Fed’s Tone Shift Fuels Market Optimism while Earnings Waver"
2023-11-08,S&P 500 notches eighth straight win as US markets close mixed
2023-11-08,"S&P 500 ekes out gain, stocks extend longest win streak in two years"
2023-11-08,"Nasdaq Index, Dow Jones, S&P 500 News: Limited Gains on Cautious Trade with Eyes on Powell"
2023-11-08,Not one S&P 500 CEO is donating to Donald Trump
2023-11-08,Fund selectors eye State Street's S&P 500 ETF following fee cut
2023-11-08,US Bank Stocks Hit an All-Time Low Relative to S&P 500 Amid Bond Crash
2023-11-08,Stock-market timers beware: Just 8 days account for all of the S&P 500’s 14% gain in 2023
2023-11-08,Analyst who forecast the S&P 500 correction has a new price target
2023-11-08,"Stock Market News Today: S&P 500, Nasdaq Extend Winning Streaks"
2023-11-09,"Yields jump, stocks fall as Powell suggests higher rates possible"
2023-11-09,Asian shares rise as S&P 500 records longest win streak in two years
2023-11-09,"After a rally for the record books, the S&P 500 now is looking for direction."
2023-11-09,"Stock Market Today: Dow, S&P Live Updates for November 10"
2023-11-09,"Nasdaq Index, Dow Jones, S&P 500 News: Profit-taking Threatens to End Winning Streaks"
2023-11-09,S&P 500 Gains and Losses Today: Becton Dickinson Hit by Low COVID-19 Test Demand
2023-11-09,"Nasdaq 100, Dow Jones, S&P 500 News: Wall Street Trying to Continue Longest Winning Streak in 2 Years"
2023-11-09,S&P 500's Busted Winning Streak Was a Mirage Anyway
2023-11-09,Rare stock-market event? Here's how many times the S&P 500 has seen a 9-day winning streak in the last 95 years.
2023-11-09,"S&P 500, NAS 100 Runs into Resistance, Can the Rally Continue?"
2023-11-09,Stock Market News Today: S&P 500 Ends 8-Day Win Streak
2023-11-09,"Markets News, Nov. 9, 2023: Stocks Snap Winning Streak as Treasury Yields Surge"
2023-11-09,"Dow sheds 220 points, S&P 500 snaps win streak after Fed’s Powell says higher rates may be needed"
2023-11-09,US Stock Markets Close Flat: Dow Jones Down By 0.1%; S&P 500 And Nasdaq See Small Hike
2023-11-09,"S&P 500, Nasdaq snap longest winning streak in 2 years after Powell remarks, weak bond auction"
2023-11-09,S&P 500: 8 Stocks Dominate S&P 500's Impressive 8-Day Rally
2023-11-09,Global X expands defined outcome S&P 500 ETF range with double launch
2023-11-09,Stock Market News Today: S&P 500 Looks to Notch 9-Day Win Streak
2023-11-09,"News updates from November 9: S&P 500 snaps win streak, Ransomware attack disrupts Chinese lender ICBC"
2023-11-10,Analysts Expect S&P 500 Earnings Growth to Improve in 1st Half of 2024
2023-11-10,Stock Market Outlook 2024: S&P 500 to Test Record Highs As Profits Rise
2023-11-10,"US Stock Market: Dow Jones Down 0.7%, Nasdaq Slides 0.9% As Jerome Powell Changes Tune On Interest Hikes"
2023-11-10,"S&P 500 Gains and Losses Today: Hologic Announces Strong Results, Stock Buyback"
2023-11-10,"S&P 500, Nasdaq snap winning streaks after Jerome Powell, Treasury auction"
2023-11-10,"Nasdaq Index, Dow Jones, S&P 500 News: Investor Optimism Prevails Despite Fed’s Rate Hike Signals"
2023-11-10,All 11 S&P 500 Sectors Close Higher - Beyond the Bell
2023-11-10,"Dow leaps nearly 400 points Friday, major averages notch a second week of gains: Live updates"
2023-11-10,"News updates from November 11: Moody's cuts US credit outlook cut to 'negative', Lagarde chucks hopes of early rate ..."
2023-11-10,"Nasdaq 100, Dow Jones, S&P 500 News: Stocks Fluctuate as Powell Signals Cautious Fed Approach"
2023-11-10,"S&P 500 Hits a Wall at 4,400: Are Bulls Losing Momentum?"
2023-11-10,"Markets News, Nov. 10, 2023: Stocks End Higher as Treasury Yields Stabilize"
2023-11-10,"The S&P 500 Just Had Its Best Week of the Year, and Wall Street Says the Stock Market Is Soaring Toward a Record High"
2023-11-10,Dow ends nearly 400 points higher as tech rally leads stocks to highest close since September
2023-11-10,"Wall Street soars, fueled by tech as Treasury yields calm"
2023-11-13,What Is the Average Stock Market Return?
2023-11-13,S&P 500 Gains and Losses Today: Boeing Shares Soar After Emirates Plane Purchase
2023-11-13,S&P 500 takes a pause ahead of U.S inflation data
2023-11-13,Europe's GRANOLAS are still beating the S&P 500
2023-11-13,"Nasdaq Index, Dow Jones, S&P 500 News: Wall Street Pulls Back, Eyes on CPI"
2023-11-13,S&P 500 closes little changed Monday after Moody's cut to U.S. outlook: Live updates
2023-11-13,S&P 500 Can Jump 8% in 2024 As Stocks Skirt Bear Market: Goldman Sachs
2023-11-13,S&P 500 Forecast: Index closes lower as Tuesday's CPI release awaits
2023-11-13,Nvidia Leads Five Stocks Near Buy Points In Market Rally
2023-11-13,What Is the Average Index Fund Return?
2023-11-13,"Nasdaq 100, Dow Jones, S&P 500 News: Moody’s Downgrade Shakes Wall Street"
2023-11-13,The S&P 500's Earnings Recession Has Officially Ended
2023-11-13,Can S&P 500 Still Target 4800?
2023-11-13,Spotlight on XYLD: An S&P 500 Covered Call Strategy
2023-11-13,10 Stocks' Growth Kicks Off Next Year With A Bang
2023-11-13,Here's where Morgan Stanley sees the real investment opportunities in 2024
2023-11-13,Dow Jones adds to back-to-back weekly gains as inflation data looms
2023-11-13,"Stock Market Today: Dow, S&P Live Updates for November 14"
2023-11-13,"S&P 500, Nasdaq Futures Pull-back Ahead of CPI Report"
2023-11-13,Active vs passive: concentrated markets swing the pendulum back in favour of active
2023-11-13,S&P 500 Technical Analysis
2023-11-13,Stock market news today: Stocks close mixed as investors await key inflation data
2023-11-13,"S&P 500, Nasdaq 100 Break Series of Lower Highs"
2023-11-14,S&P 500 to be Weighed Down by Potential Government Shutdown
2023-11-14,"Markets News, Nov. 14, 2023: Nasdaq Surges to 3-Month High, Bond Yields Sink on Easing Inflation"
2023-11-14,"Nasdaq 100, Dow Jones, S&P 500 News: Futures Hold as Inflation Report Looms"
2023-11-14,"Stock Market Today: Dow, S&P Live Updates for November 15"
2023-11-14,Wall St rallies as data supports view Fed may be done hiking rates
2023-11-14,"S&P 500 Gains and Losses Today: Enphase, Other Solar Stocks Jump After CPI Report"
2023-11-14,Fifty S&P 500 companies record best day of the year
2023-11-14,"S&P 500 notches best day since April, Dow leaps nearly 500 points on soft inflation report: Live updates"
2023-11-14,"Wall Street Celebrates Strong Inflation Report: Dow, S&P 500 Surge To 2-Month Highs"
2023-11-14,"S&P 500, Nasdaq post best day since April as subdued inflation reading sparks buying frenzy"
2023-11-14,"Nasdaq Index, Dow Jones, S&P 500 News: US Stocks Surge on Optimism Over Cooling Inflation"
2023-11-14,"Investor Michael Burry of 'Big Short' fame has closed bets against S&P 500, Nasdaq"
2023-11-14,Stock Market Rallies After CPI Inflation Report
2023-11-14,Tame CPI Inflation In October Puts Rally Back In Gear
2023-11-14,Stock Market Outlook: Breakout Suggests More Gains Into Year-End
2023-11-14,"Large Companies Increased GHG Emissions by Just 3% from 2021 to 2022, Leading the Way in Target Reduction"
2023-11-14,Dow soars nearly 500 points as new data shows inflation continues to cool
2023-11-14,Russell 2000 outperforms S&P 500 by the most since 2020
2023-11-14,Fed forecasts are the new S&P 500 price targets: Morning Brief
2023-11-14,Surge in real-estate stocks propels sector to best-performing in S&P 500 as bond yields fall
2023-11-14,"S&P 500 Holds Ground Above 4,400 Ahead of Key Inflation Data: What to Expect Next"
2023-11-15,Goldman sees S&P 500 rising to 4700 by year-end 2024
2023-11-15,"US markets climb, bonds tumble after unexpected inflation slowdown; S&P 500 gains 2%"
2023-11-15,"S&P 500 Index in 2024 Set to See More Gains, Goldman Sachs Strategists Says"
2023-11-15,"Stock Market Today: Dow, S&P Live Updates for November 16"
2023-11-15,"S&P 500 Gains and Losses Today: Retailers on the Move—Target and VF Up, TJX Down"
2023-11-15,"GIFT Nifty cools down after surge overnight, softer US inflation lifts S&P 500, Nasdaq 2%"
2023-11-15,S&P 500 close to exiting correction territory as JPMorgan warns risk-reward in stocks appears ‘unattractive’
2023-11-15,Here's Where Wall Street Says S&P 500 Will Head Next Year (Don't Expect Record Highs)
2023-11-15,13 Best Performing S&P 500 Stocks in the Last 5 Years
2023-11-15,One chart shows how the 'Magnificent 7' have dominated the stock market in 2023
2023-11-15,"U.S. stocks open higher, building on best day for S&P 500 since April"
2023-11-15,"Nasdaq 100, Dow Jones, S&P 500 News: Futures Rise as Rate Hike Fears Subside; Target’s Earnings on Tap"
2023-11-15,"Dow adds more than 150 points to clinch fourth winning day, fueled by cooling inflation data: Live updates"
2023-11-15,The S&P 500 Just Had Its Longest Win Streak in 2 Years. Is Now the Time to Invest?
2023-11-15,"Hedge Funds Took Profits in Nvidia, Best Performing S&P 500 Stock in 2023"
2023-11-15,"Nasdaq Index, Dow Jones, S&P 500 News: Wall Street Gains on Cooling Inflation, Strong Corporate Earnings"
2023-11-15,"Russell 2000 Rockets Past Key Levels; S&P 500, Nasdaq Take On August Highs"
2023-11-15,"Dow closes at 3-month high as investors weigh data on retail sales, inflation"
2023-11-16,"S&P 500, Nasdaq eke out 3rd day of gains, but November rally hits speed bump"
2023-11-16,"Stock Market Today: Dow, S&P Live Updates for November 17"
2023-11-16,S&P 500 and Russell 1000 firms ramp up sustainability reporting
2023-11-16,"Markets News, Nov. 16, 2023: Walmart, Cisco Weigh on Dow; S&P 500, Nasdaq Eke Out Gains as Treasury Yields Fall"
2023-11-16,"Nasdaq 100, Dow Jones, S&P 500 News: Investors Shift Focus to Walmart’s Earnings, Rate Hike Pause"
2023-11-16,S&P 500 Rally Sputters With Index Near Key Technical Levels
2023-11-16,S&P 500 barely gains while Dow ends lower as Cisco and Walmart drag
2023-11-16,S&P 500 forecast: Forward testing the S&P 500 around Thanksgiving
2023-11-16,S&P 500 Gains and Losses Today: Cisco Systems Sinks as Orders Slow
2023-11-16,S&P 500 Forecast – Stock Markets Look Vulnerable
2023-11-16,"US Index Analysis: DJIA, S&P 500, and Nasdaq 100 All Test Key Resistance"
2023-11-16,S&P 500 barely gains while Dow ends lower as Cisco and Walmart drag
2023-11-16,"Gold, S&P 500: US dollar turning point may deliver significant upside"
2023-11-16,The S&P 500 Just Had Its Best Day Since April. But Wall Street Sees Bigger Gains Coming.
2023-11-16,Everyone loves stocks again
2023-11-16,Emerging Markets Stocks Are Rebounding and May Outpace S&P 500 in 2024
2023-11-16,"S&P 500 Stalls Above 4,500 as Yield Curve Normalization Begins: Is the Rally Over?"
2023-11-16,Dow closes lower on Thursday and snaps 4-day win streak as November rally takes a break: Live updates
2023-11-16,Bulls control the stock market now and a new S&P 500 high is within reach
2023-11-16,"Nasdaq Index, Dow Jones, S&P 500 News: Rally Stalls as Investors Await Fresh News on Rates"
2023-11-17,Top 30 Lowest P/E Ratios of the S&P 500
2023-11-17,"Nasdaq 100, Dow Jones, S&P 500 News: Wall Street Stocks Show Signs of Fatigue as Shares of Cisco Systems and W"
2023-11-17,"U.S. stocks end higher Friday, score a third big week of gains"
2023-11-17,S&P 500 flirts with quickest comeback from correction territory in 10 years. Could it last?
2023-11-17,Fewer S&P 500 Companies Discussing “Inflation” on Earnings Calls for 5th Straight Quarter
2023-11-17,"Nasdaq Index, Dow Jones, S&P 500 News: Lower Amid Mixed Earnings, Economic Data, Fed Speculations"
2023-11-17,"Wall Street barely gains as traders digest earlier gains, Fed comments"
2023-11-17,"S&P 500 ends Friday slightly higher, major averages cruise to third week of gains: Live updates"
2023-11-17,"Nasdaq 100, Dow Jones, S&P 500 News: Positive Momentum Despite Retail Sector Woes"
2023-11-17,S&P 500 Gains and Losses Today: Ross Stores' Low Prices Brought in More Shoppers
2023-11-17,Goldman Sachs forecasts emerging markets to outperform S&P 500 in 2024
2023-11-17,S&P 500 Weekly Price Forecast – Stock Market Continues to Melt Up
2023-11-17,Bank of America is telling clients to fade S&P 500 rally above 4550 By Investing.com
2023-11-17,Warren Buffett Totally Unloads 7 Of His Stocks (Including GM)
2023-11-17,Historical Returns Suggest Wall Street Is Wrong About 2024 Stock Market
2023-11-17,"Zacks Investment Ideas feature highlights: S&P 500 Index ETF, Nasdaq 100 ETF, Russell 2000 Index and Bank of ..."
2023-11-17,"Historical returns suggest Wall Street is wrong about 2024, and more big gains are coming for stocks"
2023-11-17,Futures: Musk's 'Actual Truth' Hits Tesla; 3 Big Movers Late
2023-11-17,"Russell 2000 Challenges 200-Day MA; S&P 500, Nasdaq Maintain Momentum"
2023-11-17,Markets today: S&P 500 stuck in tight range after ‘epic’ rally
2023-11-17,"S&P 500 Futures Extend Rally, as Oil Prices Recover"
2023-11-20,Nasdaq leads Wall Street gains as Microsoft hits record
2023-11-20,S&P 500 Gains and Losses Today: Boeing Shares Rise After Deutsche Bank Upgrade
2023-11-20,"S&P 500 Can Hit Record-High of 5,000 by End of 2024: Market Veteran"
2023-11-20,"S&P 500 Is Set to Rise Towards Record High in 2024, SocGen Predicts"
2023-11-20,"S&P 500 Can Hit 5000 by end of 2024, Says Federated's Orlando"
2023-11-20,Fewer S&P 500 Companies Discussing “Recession” on Earnings Calls for 5th Straight Quarter
2023-11-20,"Dow Jones, Nasdaq, S&P 500 weekly preview: Nvidia to report By Investing.com"
2023-11-20,S&P 500 exits correction territory. Thank retreating bond yields.
2023-11-20,"Nasdaq 100, Dow Jones, S&P 500 News: Market Optimism Rises with Cooler U.S. Inflation Data"
2023-11-20,13 Stocks That Outperform the S&P 500 Every Year for the Last 5 Years
2023-11-20,"Stock Market Today: Dow, S&P Live Updates for November 21"
2023-11-20,"Nasdaq Index, Dow Jones, S&P 500 News: Stocks Steady but Bullish Market Sentiment Persists"
2023-11-20,The S&P 500 Index is forecast to return 6% in 2024
2023-11-20,"Tech Stocks' Multiples Too Rich to Keep Fueling S&P 500 Rise, Says Sage | Chief Investment Officer"
2023-11-20,"Earnings show dispersion, need for stock picking"
2023-11-20,"Stock market news today: S&P 500, Nasdaq hit highest level since August as Nvidia, Microsoft reach records"
2023-11-20,S&P 500 Momentum Report
2023-11-20,"Excellent Strength Across S&P 500, Russell 2000, Nasdaq Sets Up a Bullish Week"
2023-11-20,"S&P 500 Restaurant Stocks, McDonald's And Chipotle Near Buy Points Ahead Of Thanksgiving"
2023-11-20,These 'Perfect 10' Stocks Drive 87% Of World's Stock Gains
2023-11-20,Wall Street rally may be at risk after three-week surge
2023-11-20,S&P 500 & Nasdaq 100 Have Sights Set on Yearly Highs
2023-11-20,"Dow closes 200 points higher on Monday, as Microsoft lifts indexes: Live updates"
2023-11-20,U.S. stocks close higher as S&P 500 leaves correction territory
2023-11-20,Why the S&P 500 could see biggest November rally since 2020
2023-11-20,Dow Jones finishes over 200 points higher as S&P 500 moves out of correction
2023-11-21,"Nasdaq Index, Dow Jones, S&P 500 News: Mixed Retail Results, Fed Speculation Shake US Markets"
2023-11-21,"S&P 500, Nasdaq close down, ending 5-session winning streaks; retailers, tech weak"
2023-11-21,"S&P 500 to Hit Fresh Record of 5,000 Next Year, Bank of America (BAC) Says"
2023-11-21,'Stock Picker's Paradise': Bank Of America Strategists Predict S&P 500 Hitting Record High In 2024
2023-11-21,S&P 500 snaps 5-day winning streak after Fed minutes as investors eye Nvidia earnings
2023-11-21,"Stock Market Today: Dow, S&P Live Updates for November 22"
2023-11-21,"Nasdaq 100, Dow Jones, S&P 500 News: Microsoft, Nvidia Lead Ahead of Fed Minutes"
2023-11-21,S&P 500 and Nasdaq snap 5-day win streak as Fed indicates policy must stay restrictive: Live updates
2023-11-21,Get ready to buy the dip in 2024 as the S&P 500 finds its 'true bottom.'
2023-11-21,S&P 500 Price Forecast – Stock Markets Deal With Overextended Moves
2023-11-21,Why Comparing Your Portfolio to the S&P 500 Is a Losing Game
2023-11-21,S&P 500 to see small gain in 2024 as US economic risks rise - Reuters poll
2023-11-21,U.S. stocks open lower as S&P 500’s winning streak threatened ahead of Fed minutes
2023-11-21,Bank of America: S&P 500 will soar to 5000 in 2024
2023-11-21,State Street's S&P 500 ETF nets €1bn inflows following fee cut
2023-11-21,S&P 500 Gains and Losses Today: Lowe's Sees Sales Slump From Drop in DIY Projects
2023-11-21,"Bank of America sees the S&P 500 rising to 5000 next year, anticipates a 'stock picker's paradise'"
2023-11-21,"S&P 500 Rallies as Fed Minutes, Nvidia Earnings Loom: What to Expect Next"
2023-11-21,"Cramer broadly agrees with Bank of America's bullish analysis, says next year could bring gains for the S&P 500"
2023-11-21,It's Small Stocks' Time To Rally — Analysts Like These 11 Best
2023-11-21,4 S&P 500 Stocks Below Book Value And Paying Dividends
2023-11-21,3 Reasons to Invest in Index Funds
2023-11-21,Here's the Best (and the Worst) Performing S&P 500 Stocks in 2023. Time to Buy or Sell?
2023-11-21,Corporate America's revenues are roaring back
2023-11-21,"U.S. stocks end lower Tuesday, S&P 500 snaps 5-session win streak"
2023-11-21,"Half Of S&P 500 Stocks Still Below 200-Day Average, Ignoring Covid-Like Rally: 10 Bargain Plays For Latecomer Bulls"
2023-11-21,Tap into Global Markets: S&P 500 Options Trading Beyond U.S. Hours
2023-11-22,RBC introduces a 5000 year-end 2024 target for S&P 500
2023-11-22,Nasdaq-100 outperforms S&P 500 with robust returns
2023-11-22,"S&P 500, Nasdaq close down, ending 5-session winning streaks; retailers, tech weak"
2023-11-22,S&P 500 Gains and Losses Today: HP Optimistic on AI Computers Boosting PC Market
2023-11-22,Bets on S&P 500 Record Grow With RBC Joining Bullish Calls for 2024
2023-11-22,Wall St climbs before holiday; investors optimistic Fed done hiking rates
2023-11-22,Dow closes nearly 200 points higher Wednesday as markets head into Thanksgiving: Live updates
2023-11-22,"Nasdaq Index, Dow Jones, S&P 500 News: Climbing as Yields Dip Ahead of Thanksgiving Holiday"
2023-11-22,"Bank of America strategist charts S&P 500's path to 5,000"
2023-11-22,4 Best S&P 500 Index Funds For 2024: April Edition
2023-11-22,First Trust launches second target outcome S&P 500 buffer ETF
2023-11-22,S&P 500 UP 9% On the Month; Technical Headwinds Brewing
2023-11-22,"The S&P 500 could see double-digit gains again in 2024, RBC says"
2023-11-22,How Economic surprises affect different equity indices
2023-11-22,"S&P 500 Set For Best Month Of 2023 As Market Gives Thanks To Strong Earnings, More Forgiving Fed"
2023-11-22,How the Magnificent Seven has boosted the S&P 500
2023-11-22,History Says Stocks See Double-Digit Growth After Rates Peak
2023-11-22,"Nasdaq 100, Dow Jones, S&P 500 News: Modest Gains as Investors Digest Nvidia Earnings"
2023-11-22,Dow closes at 3-month high as stocks bounce back ahead of Thanksgiving holiday
2023-11-22,"FTSE 100, S&P 500 and Russell 2000 Consolidate Ahead of Thanksgiving"
2023-11-22,"S&P 500, Nasdaq close down, ending five-session winning streaks; retailers, tech weak"
2023-11-22,"'Don't invest in the US': Jeremy Grantham issues warning over American stocks, saying S&P 500 could crash by over ..."
2023-11-22,Jim Cramer Agrees With Bank Of America's Prediction For S&P 500 To Hit 5K By 2024: 'But Other Than Sentiment ...
2023-11-22,"Stock Market Today: Dow, S&P Live Updates for November 23"
2023-11-22,"S&P 500, Nasdaq, Russell 2000 Hold Ground, Setting Up a Bullish Black Friday"
2023-11-22,Bank of America sees S&P 500 hitting record 5000 next year
2023-11-22,"RBC and BofA see S&P 500 heading to 5,000 in 2024, but here are 10 reasons why investors should still tread carefully"
2023-11-22,History is on the side of an S&P 500 rally: Danielle DiMartino Booth
2023-11-22,2 Overlooked AI Stocks Make Investors Even More Money Than Nvidia
2023-11-22,Hedge funds have lost $43 billion trying to short the market as the S&P 500 eyes its best month in over a year
2023-11-22,S&P 500 Forecast: Looks to Upside but Needs a Pullback
2023-11-22,Short Seller Hedge Funds Rack Up $43B Loss In Recent Market Rally
2023-11-22,SocGen: S&P 500 to flirt with record high in bumpy 2024 ride
2023-11-22,"S&P 500 forecast: S&P 500 edges higher after Nvidia results, mixed data"
2023-11-22,RBC joins Bank of America in calling for the S&P 500 to reach 5000 in 2024
2023-11-22,Bets on S&P 500 record grow as RBC joins bullish calls for 2024
2023-11-22,"RBC strategists see S&P 500 rallying, reaching 5000 in 2024"
2023-11-22,"AI Boosts Stock Market, S&P 500 Growth Prevails"
2023-11-24,Wall St Week Ahead Broadening of U.S. stock rally feeds investor optimism
2023-11-24,"Nasdaq 100, Dow Jones, S&P 500 News: Mixed Market Movements Follow U.S. Stocks’ Pre-Holiday Surge"
2023-11-24,Traders Rush to Keep Up With S&P 500 Rally Amid Bets Fed Rate-Hike Cycle Is Over
2023-11-24,"Nasdaq Index, Dow Jones, S&P 500 News: Mixed Market Trends Follow US Thanksgiving Holiday"
2023-11-24,Apple Is Dangerously Close To Losing Spot As Most-Valuable Stock
2023-11-24,S&P 500 forecast: S&P 500 drifts on Black Friday
2023-11-24,Wall St ends mixed in truncated Black Friday trading
2023-11-24,"S&P 500 Gains and Losses Today: China Woes Drag Nvidia, Apple Shares"
2023-11-24,US Public Company Board Diversity in 2023: How Corporate Director Diversity Can Contribute to Board Effectiveness
2023-11-24,U.S.-China Chip War Nears Moment Of Truth
2023-11-24,12 Best Stocks In Each Sector
2023-11-24,What's the outlook for the S&P 500 in 2024?
2023-11-24,Decline in risk-free rates boosts S&P 500 as STI's rebound fades
2023-11-24,Federal Reserve Broke The Budget. Buckle Up For What Comes Next.
2023-11-24,S&P 500 Winning Streak Could Extend Through 2024
2023-11-24,Dow closes 100 points higher Friday as major averages rise for a 4th straight week: Live updates
2023-11-27,Stock Market Outlook: S&P 500 Has 23% Upside If This Key Level Is Breached
2023-11-27,S&P 500 Gains and Losses Today: GE HealthCare Technologies Downgraded
2023-11-27,"Wall Street Strategists Dial Up S&P 500 Targets to 5,000 for 2024"
2023-11-27,Deutsche Bank sees 12% upside to S&P 500 through 2024-end
2023-11-27,"Stock Market Today: Dow, S&P Live Updates for November 28"
2023-11-27,"Dow Jones, Nasdaq, S&P 500 weekly preview: Testing key resistance By Investing.com"
2023-11-27,Deutsche Bank’s Chadha Is Now One of Wall Street’s Biggest Bulls
2023-11-27,Rivals must respond to State Street's S&P 500 ETF fee cut
2023-11-27,"Nasdaq 100, Dow Jones, S&P 500 News: CautiousTrade After 4-Weeks of Gains Ahead of OPEC+, PCE Report"
2023-11-27,"BMO sees solid US stock gains ahead, S&P 500 ending 2024 at 5100"
2023-11-27,Stonks to the moon?? - Markets
2023-11-27,"Dow Jones, S&P 500 end lower, hitting pause on November rally"
2023-11-27,Dow closes lower Monday as four-week rally takes a break: Live updates
2023-11-27,Deutsche Bank sees S&P 500 gaining more than 11% and reaching a record next year
2023-11-27,S&P 500: Strategists turn bullish on 2024 earnings growth
2023-11-27,Is Equity Risk Worth the Reward in a World of Higher Bond Yields?
2023-11-27,S&P 500: Deutsche Bank forecasts 5100 point target in 2024
2023-11-27,Deutsche Bank makes the highest S&P 500 forecast on Wall Street — and says that may be too conservative
2023-11-27,"Wells Fargo sees economic ""soft patch"" capping further S&P 500 gains"
2023-11-27,S&P 500: BofA's Subaramanian comments on 2024 forecast
2023-11-27,"Equity indices: Benefits of an automated, rules-based approach | Insights"
2023-11-27,Stock market bulls make case for new highs in 2024
2023-11-28,"Markets News, Nov. 29, 2023: Stocks Rebound From Morning Slump; Bond Yields Retreat as Oil, Gold Gain"
2023-11-28,BofA's Savita Subramanian on why the S&P 500 will hit 5000 by end of 2024
2023-11-28,S&P 500 Gains and Losses Today: Newmont and Boeing Up; Micron and Disney Down
2023-11-28,"S&P 500 Uptrend Under Threat Ahead of Key Data, Powell Speech"
2023-11-28,"Stock-market outlook: S&P 500 will hit record 5,100, Deutsche Bank says"
2023-11-28,What are FAANG or MAMAA Stocks?
2023-11-28,"Stock Market Today: Dow, S&P Live Updates for November 29"
2023-11-28,Dow closes higher Tuesday as hope grows that Fed is done raising rates: Live updates
2023-11-28,"Sharp US Stock Rally Is Running Out of Steam, Citi Strategists Say"
2023-11-28,What 2024 S&P 500 forecasts really say about the stock market
2023-11-28,"Why these strategists see the S&P 500 falling all the way down to 3,100 in 2024"
2023-11-28,"Dow ends Wednesday near flat, but the major averages remain on track for big November gains: Live updates"
2023-11-28,Stock market forecast for the next six months
2023-11-28,Is the S&P 500 Due for a Correction?
2023-11-29,"Nasdaq 100, Dow Jones, S&P 500 News: Stock Futures Climb Amid Fed Rate Hike Pause Speculation"
2023-11-29,A History of the S&P 500 Dividend Yield
2023-11-29,"Nasdaq Index, Dow Jones, S&P 500 News: Stocks Rise as Monthlong Rally Resumes"
2023-11-29,S&P 500 Price Forecast – Stock Market Continues to Ignore Gravity
2023-11-29,S&P 500 Gains and Losses Today: NetApp and GM Rise; Hormel and Las Vegas Sands Fall
2023-11-29,"Stock Market Today: Dow, S&P Live Updates for November 30"
2023-11-29,JPMorgan's S&P 500 Outlook for 2024 Is Grimmest on Wall Street
2023-11-29,S&P 500's most narrow trading range since Christmas Eve 2019
2023-11-29,"S&P 500, Nasdaq Brace for Move Higher; Russell 2000 Bulls Hold All the Cards"
2023-11-29,Here's How Close the Stock Market Indexes Are to Their All-Time Highs
2023-11-29,JPMorgan sees S&P 500 dropping 8% in 2024 as macro risks build up
2023-11-29,"Dow ekes out gain, but stocks mostly fall after Fed survey shows economy slowed"
2023-11-29,JPMorgan says S&P 500 will fall next year amid 'challenging macro backdrop'
2023-11-29,Is the S&P 500 Forming a Local Top?
2023-11-29,"Stock-Market Outlook: S&P 500 Set for Record High in 2024, BofA Says"
2023-11-30,"Nasdaq Index, Dow Jones, S&P 500 News: US Stock Futures Surge on Inflation Data"
2023-11-30,"S&P 500 ends lower on mixed Fed messages, PCE on deck"
2023-11-30,"S&P 500 (SPX) Gained 8.9% This Month, Second-Best November Since 1980"
2023-11-30,S&P 500 Gains and Losses Today: Demand for Data Cloud and AI Helps Lift Salesforce
2023-11-30,Bulls control the stock market and are targeting the S&P 500's all-time high
2023-11-30,"Nasdaq 100, Dow Jones, S&P 500 News: US Stocks Score Big in November"
2023-11-30,Has the S&P 500 Reached a Peak?
2023-11-30,JPMorgan predicts bleak S&P 500 outlook for 2024
2023-11-30,JPMorgan sees 8% downside risk for S&P 500 next year By Investing.com
2023-11-30,These Stocks Were Left Behind In November's Historic Rally
2023-11-30,"Dow Jones, S&P 500, Nasdaq 100 Reverse Off Multi-Month Highs: What's Next?"
2023-11-30,"Dow surges 520 points to post highest close in nearly 2 years, stocks log best month in more than a year"
2023-11-30,"Stock Market Today: Dow, S&P Live Updates for December 1"
2023-11-30,"Markets News, Nov. 30, 2023: Salesforce Boosts Dow to 2023 High To Cap Stocks' Best Month All Year"
2023-11-30,"Dow gains, S&P 500 ends lower on mixed Fed messages"
2023-12-01,JPMorgan Issues Wall Street's Lowest S&P 500 Price Target for 2024
2023-12-01,Resurgent S&P 500 crests new 2023 closing high after roller-coaster year
2023-12-01,"S&P 500 Hits 2023 Record, Reversing Summer Losses"
2023-12-01,Stock-Market Outlook: S&P 500 Locks in Best Month of 2023 in November
2023-12-01,"Uber, Jabil and Builders FirstSource Set to Join S&P 500"
2023-12-01,News updates from December 1: S&P 500 closes at 20-month high and gold hits record despite rate cut pushback from ...
2023-12-01,S&P 500 rises to highest close of 2023 amid rate cut optimism
2023-12-01,Uber to become S&P 500 constituent -S&P Indexes
2023-12-01,Have Industry Analysts Overestimated S&P 500 EPS For 2024?
2023-12-01,Top 25 Stocks in the S&P 500 By Index Weight for December 2023
2023-12-01,Uber shares pop on inclusion in S&P 500
2023-12-01,S&P 500 Weekly Price Forecast – S&P 500 Continues to Power Higher
2023-12-01,"Uber, Jabil, Builders Firstsource to Join S&P 500 Index"
2023-12-01,S&P 500 Sets 2023 High—Reversing Summer Slump
2023-12-01,S&P 500 Gains and Losses Today: Ulta Has a Beauty of an Earnings Report
2023-12-01,"Nasdaq 100, Dow Jones, S&P 500 News: Futures Mixed After Blue Chip’s 2023 Peak"
2023-12-01,"Dow tops 36,000 as stocks end with gains following remarks by Fed’s Powell, S&P 500 clinches highest close since March 2022"
2023-12-01,"Nasdaq Index, Dow Jones, S&P 500 News: Bracing for Powell’s Speech Amidst Rate Cut Rumors"
2023-12-01,Uber’s and Jabil’s stock to join the S&P 500
2023-12-01,S&P 500 rises on Friday to close at 2023 high: Live updates
2023-12-04,Bull market in view after S&P 500 hits fresh year-high
2023-12-04,Uber set to join the S&P 500 index in latest sign of a turnaround for the ride-hailing service
2023-12-04,Analysts who correctly predicted 2023 rally give their S&P 500 forecast for next year By Investing.com
2023-12-04,Stock Market Outlook: S&P 500 Hits Obstacle That Could Make or Break Rally
2023-12-04,Uber Will Join The S&P 500 Index. The Stock Is Jumping.
2023-12-04,Uber shares pop as company is slated to join S&P 500
2023-12-04,Uber Shares Climb 5% as Company Secures Spot in S&P 500
2023-12-04,ProPicks: Beat the S&P 500 with our cutting-edge AI-powered stock selection
2023-12-04,"Nasdaq 100, Dow Jones, S&P 500 News: Tech Sector Downturn Drives US Market Decline"
2023-12-04,Analysts Making Larger Cuts Than Average to EPS Estimates for S&P 500 Companies for Q4
2023-12-04,"U.S. stocks slip following S&P 500's fresh 2023 high, as bond yields rise"
2023-12-04,First Quadruple Leveraged S&P 500 ETN Proposed
2023-12-04,"S&P 500 Is Unlikely to Top 4,650 Until At Least Mid-2024, Stifel Says"
2023-12-04,S&P 500 Gains and Losses Today: Alaska Air Drops After Hawaiian Airline Purchase
2023-12-04,Uber Shares Rally as Company Is Set To Join S&P 500 Index
2023-12-04,"Dow Jones, Nasdaq, S&P 500 weekly preview: Can this rally hold?"
2023-12-04,Stifel strategists see S&P 500 struggling to gain much ground by mid 2024
2023-12-04,UBER to be Added to the Coveted S&P 500 Index Post Rebalancing
2023-12-04,Uber's stock heads for highest close in 2 1/2 years after getting S&P 500 nod
2023-12-04,"Uber stock jumps, set to join S&P 500"
2023-12-04,"Markets News, Dec. 4, 2023: Stocks Fall as Gold Retreats From Record; Bitcoin Tops $41K"
2023-12-04,Rate cut hopes drive S&P to best month of year in November
2023-12-04,"Stifel says S&P 500 to top out soon, stuck in secular bear market"
2023-12-04,"JPMorgan's top chartist says the S&P 500 to tumble all the way back to 3500, retesting bear lows"
2023-12-04,Uber shares rally on S&P 500 inclusion
2023-12-04,S&P 500 Technical Analysis
2023-12-04,S&P 500 to top around 4650 in 2024: Stifel's Bannister
2023-12-04,UBER Stock Alert: Uber Is Joining the S&P 500
2023-12-04,"Stock Market Today: Dow, S&P Live Updates for December 5"
2023-12-04,Wall Street ends down as megacaps give back gains
2023-12-05,A Brief History of Bear Markets
2023-12-05,Uber is being added to the S&P 500. Does that make the stock a buy?
2023-12-05,S&P 500 Gains and Losses Today: Charter Drops Amid Broadband Subscriber Concerns
2023-12-05,"US Stock Market Today: Dow Jones, S&P 500, Nasdaq Slip After November Rally"
2023-12-05,"JPMorgan Charts Guru Sees 23% Drop in S&P 500 by Mid-2024, Recession"
2023-12-05,"S&P 500 December 5, 2023"
2023-12-05,Traders Can Now Get 4x the Return of S&P 500 With Quadruple Leveraged Fund
2023-12-05,S&P 500 Price Forecast – S&P 500 Continues to Consolidate
2023-12-05,"'Is this a stock market, or a casino?' New 4X leverage S&P 500 ETN met with caution"
2023-12-05,Fewer S&P 500 Companies Discussing “AI” on Earnings Calls For Q3 Compared to Q2
2023-12-05,Wolfe Research says investors are too optimistic and sees the S&P 500 dropping 8% in 2024
2023-12-05,2023 Climate Disclosures in the Russell 3000 and S&P 500
2023-12-05,"Stock Market Today: Dow, S&P Live Updates for December 6"
2023-12-05,"Markets News, Dec. 5, 2023: Tech Lifts Nasdaq; 10-Year Yield Sinks to 3-Month Low After Jobs Data"
2023-12-05,"Nasdaq Index, Dow Jones, S&P 500 News: Futures Dip as Traders Eye Job Reports; GitLab Soars"
2023-12-05,There's now a juiced-up way to get 4 times the return of the S&P 500 — but it comes with many risks
2023-12-05,Beyond the Bell: S&P 500 Closes Session Narrowly Lower
2023-12-05,Dow closes lower for a second day as late-2023 rally sputters: Live updates
2023-12-05,"Nasdaq 100, Dow Jones, S&P 500 News: Small-Caps Shine as Major Indexes Take a Breather"
2023-12-05,2 Charts for the S&P 500 Nobody Talks About
2023-12-05,Market rally spreads beyond 'Magnificent 7' stocks to rest of S&P 500
2023-12-05,S&P 500 forecast: A closer look at 'Santa's rally'
2023-12-05,S&P 500 rallies to key 4600 level and nears all-time high. What chartists say happens next
2023-12-05,Monthly Market Wrap: November 2023
2023-12-05,Dow Jones posts back-to-back losses after U.S. job openings fall to 28-month low
2023-12-05,Bank of America Says the S&P 500 Will Hit a New Record High in 2024 — Here Are 2 Stocks to Play That Bullish ...
2023-12-05,‘No Bears Left’ Is Worrying Refrain Coming From Wall Street
2023-12-06,"Markets News, Dec. 6, 2023: Stocks Fall, 10-Year Yield Dips as Labor Market Data Points to Cooling Economy"
2023-12-06,S&P 500 Gains and Losses Today: Campbell Soup Profit Heats Up From Higher Prices
2023-12-06,2024's Potential Stock Surprises: Goldman Sachs Unveils S&P 500 Laggards For Major Gains
2023-12-06,"Dow, S&P 500 slide for a third straight day as recent rally falters: Live updates"
2023-12-06,Wall St ends lower as investors weigh fresh employment data
2023-12-06,"Dow Jones, S&P 500 end lower for third day as investors await more labor-market data"
2023-12-06,Campbell Soup Leads S&P 500 Gains as Higher Prices Help Profit Beat Estimates
2023-12-06,"Nasdaq Index, Dow Jones, S&P 500 News: Resilient Futures Ahead of ADP Payrolls Data"
2023-12-06,"Charlie Munger believed investing got 'much harder' over his lifetime, as even pros face nearly zero chance of beating ..."
2023-12-06,"Stock Market Today: Dow, S&P Live Updates for December 7"
2023-12-06,Uber set to join the S&P 500 index
2023-12-06,JP Morgan Predicts S&P 500 To Crash 25%: Here's When
2023-12-06,Market bets for 2024 thrown into chaos by US recession conundrum
2023-12-06,Tech Titans: The strategy that beat the S&P 500 by 1183% over the last decade
2023-12-06,"S&P 500 Dividend Aristocrats produces better returns, lower risk than overall index"
2023-12-06,"Nasdaq, S&P 500 Hold Breakout Support; Russell 2000 Pegged by Minor Resistance"
2023-12-06,Bargain Buys: 7 Stocks Lagging the S&P 500 With Big Potential
2023-12-06,"Nasdaq Index, Dow Jones, S&P 500 News: Labor Data Sparks Optimistic Trading; Apple Hits $3 Trillion Cap"
2023-12-07,"S&P 500 notches new high for 2023 Friday, on six-week hot streak after solid economic data: Live updates"
2023-12-07,"Nasdaq Index, Dow Jones, S&P 500 News: Mixed Sentiment Ahead of Key Jobs Report"
2023-12-07,"S&P 500 Gains and Losses Today: AI Excitement Powers AMD, Alphabet"
2023-12-07,"Nasdaq closes 1% higher, Dow and S&P 500 snap 3-day losing streak: Live updates"
2023-12-07,Recent Trends in Board Composition and Refreshment in the Russell 3000 and S&P 500
2023-12-07,"S&P 500 December 7, 2023: AMD stock price soars"
2023-12-07,"Stock Market Today: Dow, S&P Live Updates for December 8"
2023-12-07,"GMO Quality Mutual Fund Beats S&P 500 Even Without Nvidia, Tesla Stocks"
2023-12-07,S&P 500 Technical Analysis
2023-12-07,Can S&P 500 rally without the Magnificent 7 leading the way? 'Easy' says BofA
2023-12-07,Dow trails S&P 500 by most since 2000
2023-12-07,"S&P 500 Eases After Promising Gap Higher at the Open, Yields Hit 3-Month Low"
2023-12-07,"Nasdaq posts 1.4% gain on renewed AI optimism, S&P 500 and Dow snap 3-day drop ahead of Friday's jobs report"
2023-12-07,What the stock market’s biggest bull expects in 2024. Fundstrat's Lee reveals highest S&P 500 forecast on Wall Street.
2023-12-07,Dow rises 150 points to clinch third straight winning day as stocks' December hot streak resumes: Live updates
2023-12-07,Better Buy: Berkshire Hathaway or Vanguard 500 Index Fund?
2023-12-07,13 S&P 500 Dividend Stocks Pay 50% More Than 10-Year Treasuries
2023-12-07,Wall Street bull gives highest 2024 S&P forecast yet
2023-12-07,Global small-cap stocks lure bargain hunters after sluggish 2023
2023-12-07,"Nasdaq Index, Dow Jones, S&P 500 News: Investor Caution Amidst Labor Market Concerns"
2023-12-07,Nasdaq ends sharply higher as Alphabet and AMD fuel AI surge
2023-12-07,Bearish 2024 Stock Market Outlook by JPMorgan May Be Derailed by Small-Cap Surge
2023-12-07,History Suggests the S&P 500 Could Soar in 2024. Here's the Stock to Buy Now.
2023-12-07,13 Best S&P 500 Dividend Stocks To Buy
2023-12-07,Uber Stock Is Set to Join the S&P 500. Should You Buy Before It Joins?
2023-12-08,"Wall St Week Ahead Year-end rally in US stocks faces twin tests as Fed, inflation data loom"
2023-12-08,S&P 500 and Nasdaq notch highest closes since early 2022
2023-12-08,Your Questions Answered: How can I invest in the US market via Indian mutual funds? | Mint
2023-12-08,"Markets News, Dec. 8, 2023: S&P 500 Notches 19-Month High; Treasury Yields Tick Up Following Strong Jobs Report"
2023-12-08,"S&P 500 may rise to 5,100 by end of 2024 as U.S. stock-market rally broadens, Citi says"
2023-12-08,"Industry Analysts Predict the S&P 500 Will Close Above 5,000 in 2024"
2023-12-08,"Nasdaq Index, Dow Jones, S&P 500 News: Wall Street Cautious After Strong Jobs Report, Rate Cut Hopes Dim"
2023-12-08,The 60/40 portfolio should offer a better risk-reward in 2024
2023-12-08,"U.S. stocks end higher after job report, and Dow scores longest weekly winning streak since February 2019"
2023-12-08,S&P 500 Gains and Losses Today: Paramount Global Shares Soar Amid Sale Talk
2023-12-08,"Unlocking the Future of S&P 500 E-Mini Futures: Watching 4685 next, then 4711"
2023-12-08,"Citi strategists upbeat on US stocks in 2024, fueled by earnings"
2023-12-08,Stock Market Outlook: 'Liquidity Rally' Will Rocket S&P 500 to Record High
2023-12-08,S&P 500 Futures Pull Back Slightly on Warmer U.S. Jobs Data
2023-12-08,"News updates from December 8: US adds 199,000 jobs in November, UK competition watchdog examining Microsoft ..."
2023-12-08,Uber Is Riding Into the S&P 500: Here's Why Its Stock Could Soar Higher
2023-12-08,Stock Market Outlook 2024: Extremely Rare Signal Points to New Highs Soon
2023-12-08,Just 12 Companies Will Churn Out 25% Of The U.S.' Profit This Year
2023-12-08,"Now is a 'fantastic time' to add small- and midsize-company stocks to your portfolio, says investing pro"
2023-12-08,What Lies Ahead of S&P 500 ETFs in 2024?
2023-12-11,S&P 500 2024 Forecasts Galore: Can Analysts Finally Get it Right?
2023-12-11,"Nasdaq Index, Dow Jones, S&P 500 News: Federal, CPI Set to Shape Market Outlook"
2023-12-11,S&P 500 Price Forecast – Stock Market Threatening a Major Breakout
2023-12-11,"Stock Markets Today: S&P 500 Record, Fed, Rate Cuts, Soft Landing, Macy's"
2023-12-11,S&P 500 Gains and Losses Today: Cigna Leads Index's Advance After Calling Off Humana Deal
2023-12-11,S&P 500 CY 2024 Earnings Preview: Analysts Expect Double-Digit Earnings Growth
2023-12-11,"S&P 500 News: Index reaches 2023 high at 4,623"
2023-12-11,"Betting grows that S&P 500 will hit record high, with Oppenheimer joining Wall Street’s bullish calls for 2024"
2023-12-11,"Stock Market News Today: Dow, Nasdaq, S&P 500 Notch New 2023 Highs"
2023-12-11,Big Tech's Ability to Deliver on AI Profits Looms Over S&P 500
2023-12-11,"There's a 'very good chance' of a breakout for the S&P 500, technical analyst says"
2023-12-11,A Record High Is in the Cards for US Stocks in 2024
2023-12-11,"Stock Market Today: Dow, S&P Live Updates for December 12"
2023-12-11,S&P 500's Latest Roster Updates: The Top 3 New Faces to Invest in Now
2023-12-11,"Soft-landing view has Ed Yardeni targeting 6,000 on the S&P 500 in two years"
2023-12-11,Trade of the week: short S&P 500; soybeans and sugar outlook
2023-12-11,Oppenheimer’s Stoltzfus Sees Record High for S&P 500 in 2024
2023-12-11,Oppenheimer sees S&P 500 ending 2024 at 5200
2023-12-11,"Nasdaq Index, Dow Jones, S&P 500 News: Direction Hinges Upon Fed’s Policy Decisions"
2023-12-11,S&P 500 makes it six | Active Trader Commentary
2023-12-11,"Wall Street closes at fresh 2023 highs as inflation data, Fed eyed"
2023-12-11,Analyst who forecast the S&P 500's rally has a new target for 2024
2023-12-11,"Dow Jones, Nasdaq, S&P 500 weekly preview: Focus shifts from NFP to CPI and FOMC"
2023-12-11,"Surveillance: S&P Call for 6000 in 2025 Blows Away Bulls, Bears and Doubts"
2023-12-11,"S&P 500 hit a new high for 2023, but will the rally last? Here's HSBC forecast"
2023-12-11,Wall Street bull makes case for S&P 500 to hit 5200 in 2024
2023-12-11,What's in Store for S&P 500 in 2024? 5 Top Picks
2023-12-11,Analysts Predict These Will Be Next Year's Top 10 Stocks
2023-12-11,2024 market outlook: Citi lowers mid-year S&P 500 target
2023-12-11,"Stocks will soar 30% by year-end 2025 in 'roaring 2020s scenario,' Yardeni says"
2023-12-11,Will the S&P 500 (SPX) Rise in 2024? 3 Historical Indicators Say “Yes”
2023-12-11,Dow slightly higher as investors await inflation data and Fed policy meeting
2023-12-11,Healthcare Giant Cigna is the Biggest S&P 500 Stock Mover on Monday—Here's Why
2023-12-11,Dow Jones Futures: Market Looks Ready To Run; 5 Stocks In Buy Zones As Tesla Sets Up
2023-12-11,Tom Lee: The S&P 500 could do this in 2024
2023-12-11,Citi sees big year for stocks in 2024 with S&P 500 finishing at 5100
2023-12-11,"Russell 2000 Primed for More Gains; S&P 500, Nasdaq Confirm Breakouts"
2023-12-11,This Electronics Manufacturing Stock Is About to Join the S&P 500. Here's Why It's a Big Deal.
2023-12-11,Stock Market Outlook: Return of Roaring 20's to Spark 30% Rally in S&P 500
2023-12-12,S&P 500's year-end rally lifts 51 stocks to a record close
2023-12-12,S&P 500 Gains and Losses Today: Franklin Resources Gets a Boost From Higher AUM
2023-12-12,S&P 500's gains this year push past 20% as market nears all-time high
2023-12-12,The Dow and S&P 500 hit new highs for the year as a critical week for markets begins
2023-12-12,Will S&P 500 Continue Higher?
2023-12-12,"Markets News, Dec. 12, 2023: S&P 500 Rises to 23-Month High After November Inflation Report"
2023-12-12,"Stocks close higher for a 4th day, S&P 500 touches highest level since January 2022: Live updates"
2023-12-12,"Nasdaq Index, Dow Jones, S&P 500 News: Wall Street Optimistic Ahead of Key CPI Report, Fed Meeting"
2023-12-12,"US Index Analysis: S&P 500 Hits 2023 High, VIX Hits Post-COVID Low Ahead of Fed"
2023-12-12,"Nasdaq Index, Dow Jones, S&P 500 News: Investors Await Fed’s Signal Amid Inflation Uncertainty"
2023-12-12,"S&P 500 will surge all the way to 6000 in 2025 in 'Roaring 2020s' scenario, says Ed Yardeni"
2023-12-12,"Dow Jones records third highest close in history after inflation report, with eyes on Fed decision"
2023-12-12,"Stock Market Today: Dow, S&P Live Updates for December 13"
2023-12-12,15 Undervalued S&P 500 Stocks Billionaires Are Loading Up On
2023-12-12,Wall St hits fresh 2023 highs after inflation data; Fed on deck
2023-12-12,Stock Market Outlook: S&P 500 to Tumble 14% in Mild Downturn Before Rallying
2023-12-12,"Stocks Market News: S&P, Dow, Nasdaq Approach All-Time Highs"
2023-12-13,Market Outlook 2024
2023-12-13,"Stock Market Today: Dow, S&P Live Updates for December 14"
2023-12-13,"HSBC sees S&P 500 gaining 8% by 2024-end, helped by rate cuts"
2023-12-13,Sell S&P 500 in 'Every Scenario' Looms as Rally Is Overheating
2023-12-13,Stock market today: Live updates
2023-12-13,US Stock Market: Major Indices Record Highest Closing Since 2022; All Eyes on Fed Now
2023-12-13,S&P 500: Why strategists have been turning bullish for 2024?
2023-12-13,"Nasdaq Index, Dow Jones, S&P 500 News: Futures Rise Ahead of Fed Decision"
2023-12-13,UBS sees just 5-6% upside for S&P 500 by the end of next year
2023-12-13,HSBC sees S&P 500 exceeding 5600 if recession is avoided By Investing.com
2023-12-13,S&P 500 Gains and Losses Today: Regional Banks Get a Boost From the Fed
2023-12-13,HSBC: S&P 500 to reach 5000 next year but could rally even more
2023-12-13,Dow Jones hits an all-time high as investors cheer progress on inflation
2023-12-13,"Markets News, Dec. 13, 2023: Dow Jumps 500 Points to Record High After Fed Forecasts 3 Rate Cuts in 2024"
2023-12-13,Oppenheimer's Stoltzfus on the S&P 500's Path to 5200
2023-12-13,Is It Too Late to Invest in the S&P 500?
2023-12-13,"Dow flips higher as S&P 500, Nasdaq remain at fresh 2023 high ahead of Fed policy decision"
2023-12-13,Dow ends at record high as Fed signals lower borrowing costs in 2024
2023-12-13,"1 Stunning Stock Market Statistic That Will Have You Racing for the ""Buy"" Button"
2023-12-13,Can Equal-Weighted ETFs Outperform the S&P 500 in 2024?
2023-12-13,Russell 2000 on pace for best month versus S&P 500 in nearly 3 years
2023-12-13,"Nasdaq Index, Dow Jones, S&P 500 News: Market Eyes Fed Policy Amid Steady Inflation Indicators"
2023-12-13,"The Federal Reserve May Throw This Curveball For The S&P 500, 10-Year Treasury Yield"
2023-12-14,S&P 500 Gains and Losses Today: Solar Stocks Soar After Fed Signals Rate Cuts Next Year
2023-12-14,Friday's S&P 500 and Nasdaq-100 rebalance may reflect concerns over concentration risk
2023-12-14,"Nasdaq Index, Dow Jones, S&P 500 News: Benchmark and Blue Chips Challenging Record Highs"
2023-12-14,Dow scores second record close in a row on lower-rate bets
2023-12-14,S&P 500 is stretched but sell signals are nowhere in sight
2023-12-14,S&P 500 Price Forecast – Stock Market Continues to Rally On Loose Fed
2023-12-14,"Analysts react to dovish Fed as S&P 500 breaks 4700, 10-year yield falls below 4%"
2023-12-14,"US Stock Market: New Highs For Dow, S&P 500, And Nasdaq After Fed's Decision"
2023-12-14,"Nasdaq Index, Dow Jones, S&P 500 News: Fed’s Dovish Stance Spurs Market Surge"
2023-12-14,"Dow, Nasdaq close higher Friday, extending rally to a seventh winning week"
2023-12-14,"Dow continues rally, closes up 100 points after strong economic data, hopes for falling rates: Live updates"
2023-12-14,"Stock Market Today: Dow, S&P Live Updates for December 15"
2023-12-14,S&P 500 ETFs dominate equal-weight with magnificent seven 'back in fashion'
2023-12-14,S&P 500 ends higher as investors bet on lower rates
2023-12-14,Why this ‘anti-momentum’ ETF is back in favor with investors
2023-12-14,S&P 500 Forecast :SPX extends rally above 4700 as Fed's dovish pivot arrives
2023-12-14,The S&P 500 Just Did Something It Has Only Done 30 Times Since 1950. History Says the Stock Market Will Do This Next
2023-12-14,"S&P 500 Nears Historic 10% Above 200-Day MA; Nasdaq, Russell 2000 Break Out"
2023-12-15,"S&P 500, Dow Post Longest Weekly Winning Streaks Since Before The Pandemic"
2023-12-15,A $5 Trillion Option Expiry Looms Just as S&P 500 Eyes All-Time High
2023-12-15,"The S&P 500 is up about 23% year to date. Investors in that index should 'set a strategy and stay invested,' expert says"
2023-12-15,Where Are Analysts Most Optimistic on Ratings for S&P 500 Companies Heading Into 2024?
2023-12-15,"Markets News, Dec. 15, 2023: Stocks Post Seventh Weekly Gain as Dow Closes at Fresh Record"
2023-12-15,S&P 500 Price Forecast – Stocks Grinding Away
2023-12-15,S&P 500 posts longest weekly winning streak since 2017; finishes flat on day
2023-12-15,S&P 500 Gains and Losses Today: Solar Stocks Power Up
2023-12-15,"Dow nabs 3rd straight record close, S&P has longest weekly win streak in 6 years"
2023-12-15,Most Successful Mid-Cap Companies 2024
2023-12-15,Stock Market Outlook 2024: Rare Bullish Signal Says S&P 500 Will Soar 20%
2023-12-15,The Debate on Wall Street: Did the Fed Pivot Too Soon?
2023-12-15,Why It's a Surprise the S&P 500 Is 8% Higher Now Than Before Fed Hikes
2023-12-15,S&P 500 isn't 'the same as it was in 1940': Strategist
2023-12-15,5 Undervalued S&P 500 Stocks to Buy for 2024
2023-12-15,S&P 500 posts longest weekly winning streak since 2017; ends flat on day
2023-12-15,"Nasdaq Index, Dow Jones, S&P 500 News: Wall Street Stumbles Slip Post Fed’s Williams’ Cautious Comments"
2023-12-15,Uber Stock Cruises To 52-Week High
2023-12-15,"Nasdaq Index, Dow Jones, S&P 500 News: Major Indices Set for 7th Week of Gains"
2023-12-15,S&P 500 Snapshot: 1.6% Under Record High
2023-12-18,"Markets News, Dec. 18, 2023: Stocks Gain; Oil Rises as Conflict Disrupts Red Sea Shipping"
2023-12-18,G7 ETFs rise in global stock-market rally as S&P 500 approaches all-time high
2023-12-18,"Goldman Sachs sees S&P 500 hitting 5100 in 2024, boosting forecast"
2023-12-18,S&P 500 Gains and Losses Today: Amazon Reportedly Aims To Expand Reach Into Sports
2023-12-18,S&P 500: 60% of Stocks Above 20-Day Highs Could Hint at Double-Digit Returns Ahead
2023-12-18,"S&P 500 forms 'doji' pattern, a bearish sign for stock-market investors"
2023-12-18,It's not even the new year and Goldman Sachs has already lifted its S&P 500 target
2023-12-18,"Dow Jones, Nasdaq, S&P 500 weekly preview: Eyeing record highs By Investing.com"
2023-12-18,Here's a Complete Rundown of Wall Street's 2024 Stock Market Predictions
2023-12-18,"Stock Market Today: Dow, S&P Live Updates for Dec 19"
2023-12-18,"Major stock indexes add Uber, DoorDash"
2023-12-18,"Dow jumps more than 200 points for ninth winning day, S&P 500 nears record: Live updates"
2023-12-18,"Dow Jones at All-Time Highs; S&P 500, Nasdaq Bears Fail to Reverse Bull Trend"
2023-12-18,Could the S&P 500 fly as high as 5500 in 2024?
2023-12-18,Uber to join S&P 500 stock index after first profitable quarter
2023-12-18,Stock Market Today: S&P 500 ends higher as Fed speak pushback fails to cool rally By Investing.com
2023-12-18,S&P 500 CY 2023 Earnings Preview: Less Than 1% Growth Expected
2023-12-18,Goldman Sachs boosts 2024 S&P 500 target on increased confidence for Fed rate cuts in March
2023-12-18,"If You Invested In The S&P 500 When Joe Biden Became President, Here's How Much You'd Have Today"
2023-12-18,Goldman’s Kostin Lifts S&P 500 Forecast a Month After Setting It
2023-12-18,Goldman Sachs raises 2024 S&P 500 forecast to 5100
2023-12-19,Dow closes more than 470 points lower Wednesday to snap 9-day win streak: Live updates
2023-12-19,S&P 500 Inches Within 0.6% Of All-Time High As Fed Left 'Confused' By Recent Stock Surge
2023-12-19,Fund managers most upbeat on stock market since January 2022 as S&P 500 nears record
2023-12-19,S&P 500 climbs as rally broadens to close gap on record high
2023-12-19,S&P 500 Fund Sees Biggest Single-Day Inflow Ever for an ETF
2023-12-19,"Enphase Energy’s stock surges to pace the S&P 500’s gainers, as job cuts are seen as a good thing"
2023-12-19,Wall Street is close to all-time highs as the S&P and Dow surge amid more dovish moves by Japan's central bank
2023-12-19,S&P 500 Momentum Report
2023-12-19,S&P 500 ETF Sees Historic $21B Influx Amid Stock Surge
2023-12-19,US open: S&P 500 nears all-time high as stocks continue to rally
2023-12-19,"Stock Market Today: Dow, S&P Live Updates for December 20"
2023-12-19,S&P 500 Gains and Losses Today: Enphase's Cost Cutting Charges Up Solar Stocks
2023-12-19,Dow climbs to fifth straight record close as rate-cut hopes underpin sentiment
2023-12-19,S&P 500 Q3 2023 Buybacks Up 6.1% and Impact to Earnings Per Share Continues to Decline; Buyback Tax Reduced ...
2023-12-19,"Markets News, Dec. 19, 2023: S&P 500 Closes Within 1% of All-Time as Interest Rate Optimism Persists"
2023-12-19,Stock Market Today: S&P 500 jumps as ongoing rally puts record high in sight By Investing.com
2023-12-20,"S&P 500 May Plunge 20% This Spring, Hit Record High by Year End: Papic"
2023-12-20,"News updates from December 20: S&P 500 falls the most in three months, Toshiba delists and enters private hands"
2023-12-20,Is It Time to Buy the S&P 500's 4 Worst-Performing Stocks This Year?
2023-12-20,Why the Dow just tumbled about 500 points after nearly hitting a record
2023-12-20,This US economist just warned that 2024 will bring the 'biggest crash of our lifetime' — predicts a shocking 86 ...
2023-12-20,"FedEx is S&P 500's worst performer today. These are the problems, analysts say."
2023-12-20,Stock market news today: Stock market rally stalls as S&P 500 posts worst day since October
2023-12-20,"Investors should do this in 2024 instead of chasing the S&P 500, says Wells Fargo"
2023-12-20,"Stock Market Today: Dow, S&P Live Updates for December 21"
2023-12-20,ProShares to launch S&P 500 ETF with zero-day call options
2023-12-20,"US equities close lower after a sharp turnaround late Wednesday, S&P 500 falls 1.5%"
2023-12-20,S&P 500 at most overbought level since September 2020
2023-12-20,Tesla Stock (TSLA) Beaten by S&P 500 After Joining in 2020
2023-12-20,"S&P 500 Gains and Losses: FedEx, General Mills See Slumping Demand"
2023-12-20,Dow Jones ends 475 points lower after 9-day winning streak
2023-12-20,Wall Street tumbles to sharply lower close as abrupt sell-off snaps rally
2023-12-21,"News updates from December 21: US GDP revised down in Q3, Angola to leave Opec"
2023-12-21,"Stock Market Today: Dow, S&P Live Updates for December 22"
2023-12-21,Ranking the Top S&P 500 Stocks by 5-Year Returns
2023-12-21,The Hottest Options Trade in S&P 500 Is Now Spreading to Smaller Stocks
2023-12-21,Dow Jones ends over 300 points higher as S&P 500 rebounds from biggest drop in 3 months
2023-12-21,S&P 500 Gains and Losses Today: Micron Boosted by Higher Prices and AI Demand
2023-12-21,Last Year's Predictions: How Did They Pan Out?
2023-12-21,Micron Surged to Lead S&P 500 Gains After Its Latest Earnings Report—Here's Why
2023-12-21,The S&P 500 Stocks That Gained and Lost the Most This Year
2023-12-21,Can I Make More Money By Investing $10000 In The S&P 500 Or An Annuity?
2023-12-21,Will Santa Claus Bring Good Cheer To Wall Street This Holiday Season?
2023-12-21,S&P 500 logs its worst day in two months as global rally stalls
2023-12-21,"S&P 500, Nasdaq 100, Dow Jones All Up - Beyond the Bell"
2023-12-21,"Dow closes higher by more than 300 points, S&P 500 rebounds from worst day since September: Live updates"
2023-12-21,Your Evening Briefing: The S&P 500's Biggest Movers of 2023
2023-12-21,Tesla underperforms S&P 500 since joining index in 2020
2023-12-21,"S&P 500 Drop Not Fault of Zero-Day Options (0DTE), Cboe Says"
2023-12-21,One weird-looking bull market
2023-12-21,"""If I don't show a return similar to that of the S&P 500, the client will kill me"""
2023-12-21,"Stock market news today: S&P 500, Nasdaq lead stock market rebound after worst day since September"
2023-12-21,"It's time to take profits, says strategist with top S&P 500 target for next year"
2023-12-21,Visualizing 60 Years of Stock Market Cycles
2023-12-21,This Stock Market Indicator Has Been 83% Accurate Since 1984. It's Signaling a Big Move in the S&P 500 Right Now.
2023-12-21,'Bull trap': UBS analysts see S&P 500 falling to as low as 4100 in 1H24 By Investing.com
2023-12-22,Tesla getting trounced by S&P 500 after three years
2023-12-22,Stock Market Today: S&P 500 rises to clinch longest weekly win streak since 2017 By Investing.com
2023-12-22,"S&P 500 closes higher Friday, registers longest weekly win streak since 2017: Live updates"
2023-12-22,S&P 500 Storms Toward Best Quarter Since 2020 As 'Santa Claus Rally' Takes Hold
2023-12-22,S&P 500 Gains and Losses Today: Nike Warns of Soft Sales and Plans Spending Cuts
2023-12-22,Wall Street Diversification Trades Get Crushed as S&P 500 Soars
2023-12-22,"Stock Markets Today: S&P 500, Nike, China, Tencent, PCE Inflation, Fed"
2023-12-22,"Watch Ed Yardeni Eyes S&P 500 at 6,000 for 2025"
2023-12-22,Will Santa Claus or the Grinch Show Up This Year?
2023-12-22,2 Top S&P 500 Stocks to Buy on the Dip for Big 2024 Gains
2023-12-22,5 S&P 500 Winners of 2023 That Are Must Buys for 2024
2023-12-22,Federal Reserve's Key Inflation Rate Just Fell Below 2%; S&P 500 Rises
2023-12-22,Warren Buffett Really Likes 1 ETF. Here's an ETF That's Just as Good and Could Help You Retire as a Millionaire.
2023-12-22,4 Investors Make $491 Billion On 'Magnificent 7' Stocks This Year
2023-12-22,Goldman Sachs: One out of every six companies in the S&P 500 currently has an activist invested
2023-12-22,S&P 500 is 'nearly perfect' when these 3 indicators align - Stock Trader's Almanac By Investing.com
2023-12-26,Dow lands second-highest close ever as stocks build on eight-week winning streak
2023-12-26,Stock Market Today: Santa Claus rally has S&P 500 eyeing record high
2023-12-26,Investors Lose $426 Billion On These 8 Giant Losers This Year
2023-12-26,Stock Market Today: S&P 500 Nears New High as Intel Stock Soars
2023-12-26,S&P 500 Trades Within a Whisker of All-Time High: Markets Wrap
2023-12-26,S&P 500 Stocks With the Most Upside
2023-12-26,Magnificent 7 Tech Stocks Will Outperform the S&P 493 in 2024: Goldman
2023-12-26,Visualized: The Top S&P 500 Stocks Over 20 Years
2023-12-26,"Stock market rallies post-Christmas, S&P 500 approaches record high"
2023-12-26,S&P 500 Notches Fresh 2-Year High: How 2023's Rally Compares To Recent Years
2023-12-26,Should Invesco S&P 500 Pure Growth ETF (RPG) Be on Your Investing Radar?
2023-12-26,The Days That Moved the US Market in 2023
2023-12-26,Bonds May Beat S&P 500 in 2024 As Treasurys Offer 'More Bang for the Buck'
2023-12-26,S&P 500 Stuck In 4600-4800 Limbo For 2024? Wells Fargo Pinpoints 3 'Favored Sectors' For Next Year
2023-12-26,"Bet the Under on S&P 500 in 2024, Says David Sowerby"
2023-12-26,"A new all-time high awaits the S&P 500 as investors 'buy into the euphoria,' says this strategist"
2023-12-26,How does the US market influence the Indian stock market? | Mint
2023-12-26,"Markets News, Dec. 26, 2023: Stocks Kick Off Final Week Of Year With Gains as S&P 500 Nears Record High; Oil ..."
2023-12-26,"Stock Market Today: Dow, S&P Live Updates for December 27"
2023-12-26,S&P 500 Gains and Losses Today: Intel's $3.2 Billion Incentives Deal from Israel
2023-12-26,S&P is moving to record territory. Here’s what stock-market investors should know.
2023-12-27,Stock market news today: Stocks drift higher as S&P inches toward record
2023-12-27,"Ed Yardeni: 12 reasons why you'll see the S&P 500 at 5,400 in 2024"
2023-12-27,Wall St ekes out modest gains as S&P 500 hovers near all-time closing high
2023-12-27,"Markets News, Dec. 27, 2023: Stocks Finish Higher, Pushing Dow to New High; S&P 500 Still Just Shy of Record"
2023-12-27,"Dow closes 100 points higher Wednesday, S&P 500 hovers near its record: Live updates"
2023-12-27,A record share of S&P 500 stocks underperformed the index in 2023 as 'weirdest bull market in decades' marches on
2023-12-27,"US Stock Market: Dow Jones, S&P 500 Up 0.4 pc, Nasdaq Climbs 5 bps"
2023-12-27,US stocks inch higher with S&P 500 near record high as bond yields plunge further
2023-12-27,Stock Market News Today: S&P 500 Closes in on New Record High
2023-12-27,S&P 500 Gains and Losses: An Update to the Model Y Sends Tesla Shares Higher
2023-12-27,How tech will let the S&P 500 continue its streak into 2024
2023-12-27,Dow Jones posts record close as stocks end mostly higher
2023-12-27,S&P 500 8-week winning streak could signal strong gains in year ahead
2023-12-27,Why Intel's stock has nearly tripled S&P 500's gain in December
2023-12-27,3 reasons we're not buying stocks as the S&P 500 closes in all-time high
2023-12-27,Analysts Really Think You Should Dump These 10 Stocks By Year End
2023-12-27,Stock Market Today: S&P 500 near record high as winter rally rolls on
2023-12-27,S&P 500 Eyes Breakout Above Recent Highs: Watch the Volatility Index for Clues
2023-12-27,"Stock Market Today: Dow, S&P Live Updates for December 28"
2023-12-27,Equalweight S&P 500 and handful of key market gauges at or near 'golden cross'
2023-12-28,"S&P 500 falls slightly Friday, but rides 9-week win streak to end 2023 with 24% gain: Live updates"
2023-12-28,Wall Street ekes out modest gains as S&P 500 hovers near all-time closing high
2023-12-28,"Nasdaq Index, Dow Jones, S&P 500 News: Bullish Market Trends as S&P 500 Nears Record"
2023-12-28,"S&P 500 closes little changed Thursday, struggles to reach record: Live updates"
2023-12-28,Stock Market Today: S&P 500 record in sight as Treasury rally boosts bulls
2023-12-28,Dow scores another all-time high as S&P 500 remains just shy of record territory
2023-12-28,"Markets News, Dec. 28, 2023: S&P 500 Edges Toward All-Time High, Dow Hits Another Record as Year-End Rally ..."
2023-12-28,"Stock Market Today: Dow, S&P Live Updates for December 29"
2023-12-28,S&P 500 ETF (SPY) Approaches $500B AUM Landmark
2023-12-28,The S&P 500 Is About to Hit a New All-Time High. Here's What Comes Next.
2023-12-28,"S&P 500 Eyes 9th Week Of Gains, Longest Streak In 2 Decades: Stocks Leading The Rally"
2023-12-28,What it will take to keep the S&P 500 rally going
2023-12-28,Stock market news today: S&P 500 sits within fraction of record as stocks set for final day of roaring 2023
2023-12-28,"S&P 500 Could Hit Record This Year, Morgan Stanley Says"
2023-12-28,S&P 500 Misses Out On Record As Stock Market Fades Late; Small Caps On Pace For Record December
2023-12-28,Stock Market News Today: S&P 500 Just Shy of Record High
2023-12-28,Stock Market Today: New Record High Within Reach for S&P 500
2023-12-28,3 Insurance Stocks That Have Outperformed the S&P 500 YTD
2023-12-28,"Russell 2000 on pace for best December ever, best month vs. S&P 500 in 24 years"
2023-12-28,"S&P 500 biggest 2023 winners, where analysts see them going next year"
2023-12-28,Wall Street Strategist Had Spot-on 2023 S&P 500 Forecast. Here's His 2024 Outlook
2023-12-28,Stock Market News Today: S&P 500 Stops Just Shy of All-Time High
2023-12-29,U.S. stocks score 2023 gains as S&P 500 logs longest weekly winning streak since 2004
2023-12-29,Stocks fool nearly everyone in 2023 with the S&P soaring 24% and Nasdaq rising an even more formidable 43%
2023-12-29,"With 25% S&P 500 Pop, Why Stocks And The Economy Will Grow In 2024"
2023-12-29,S&P 500 Gains and Losses Today: Uber Gets a Downgrade
2023-12-29,S&P 500 Biggest Gainers and Losers of 2023
2023-12-29,Decade-Long S&P 500 Bull Surge Is Running Into a Valuation Wall
2023-12-29,"Wall Street ends slightly lower, capping blockbuster year"
2023-12-29,"Markets News, Dec. 29, 2023: Stocks Fall to Cap Off Otherwise Sunny Year"
2023-12-29,S&P 500 consolidates as US dollar and yields recover
2023-12-29,"S&P 500 ekes out meager gains, flirts with bull market confirmation"
2023-12-29,Here are the 20 worst-performing stocks among the S&P 500 in 2023
2023-12-29,Stock Market Today: S&P 500 ends slightly lower but posts 24% 2023 gain
2023-12-29,The yearly S&P 500 chart paints a compelling picture
2023-12-29,"Stocks close out 2023 with a 24% gain, buoyed by a resilient economy"
2023-12-29,"S&P 500: 12 Stocks Turn $10,000 Into $313,671 In 12 Months"
2023-12-29,Wall St Week Ahead History shows strong 2023 could keep US stocks on path for 2024 gains
2023-12-29,The S&P 500's biggest winners of 2023 aren't all megacap AI plays
2023-12-29,"S&P 500 may rise to fresh peak by early January — but it's going to be a 'bumpy' first half of 2024 for stocks, says Wells ..."
2023-12-29,The S&P 500 could close at record on final trading day - that is a very rare market event
2023-12-29,Here Are 2023's Top-Performing Stocks From the S&P 500
2023-12-29,Stocks went gangbusters in 2023. Here are the biggest winners and losers
2023-12-29,S&P 500 Snapshot: Index Ends 2023 Up 24.7%
2023-12-29,Can sizzling Magnificent Seven trade keep powering US stocks in 2024?
2023-12-29,Traders on tenterhooks as S&P 500 to open just shy of a record close.
2023-12-29,Wall Street strategists’ bull and bear scenarios for 2024.
2024-01-02,Investing in S&P 500 from the UK – What to Know
2024-01-02,5 Dividend ETFs That Beat S&P 500 in 2023
2024-01-02,Analysts Predict Surprising New 'Magnificent 7' Stocks For 2024
2024-01-02,S&P 500 at 5400 is 'probable and even conservative' - Oppenheimer By Investing.com
2024-01-02,Stock market's 9-week rally leaves S&P 500 'overbought' ---here's the 'good' news
2024-01-02,"2024 Outlook: 9 Views on What to Watch Across S&P 500 Earnings, AI, Banks, and More"
2024-01-02,Wall Street bull warns of pause in rally but sees S&P 500 grinding higher in 2024
2024-01-02,S&P 500 Momentum Report
2024-01-02,Moderna's stock soars after Oppenheimer upgrades to buy
2024-01-02,"S&P 500 closes lower to begin 2024, Nasdaq notches worst day since October: Live updates"
2024-01-02,Stock Market Gains Could Be Supercharged in 2024 If 'January Trifecta'
2024-01-02,"Stock Markets Today: S&P 500, Oil, Bitcoin, Elon Musk, China Economy"
2024-01-02,It's Official: These Were the 2 Best-Performing S&P 500 Stocks in 2023
2024-01-02,Some never-too-early forecasts for the S&P 500 this year
2024-01-02,Morning Bid: S&P 500 record in view as 2024 begins in same vein
2024-01-02,"S&P, Nasdaq begin 2024 with lower close as Apple, big tech weighs"
2024-01-02,"Markets News, Jan. 2, 2024: Nasdaq Sinks as Apple Loses $100B in Market Cap; Bitcoin Jumps Above $45K"
2024-01-02,"Dow ekes out new record close, Nasdaq ends lower to start 2024"
2024-01-02,S&P 500 Gains and Losses Today: Tech Stocks Slip To Start 2024
2024-01-02,S&P 500 Analysis: What Happens After 9-Week SPX Winning Streaks?
2024-01-02,"Stock Market Today: Dow, S&P Live Updates for January 3"
2024-01-02,US profit growth to accelerate in 2024 despite economy risks
2024-01-02,The Best and Worst Performing Sectors in 2023
2024-01-02,The Magnificent Seven Had A Huge Year. All Are Near Buy Points.
2024-01-03,"Stock Market Today: Dow, S&P Live Updates for January 4"
2024-01-03,S&P 500 Gains and Losses Today: Index Drops as Fed Minutes Reveal Uncertainty
2024-01-03,Members of Congress outperformed the S&P 500—sometimes by huge amounts
2024-01-03,Visualizing 150 Years of S&P 500 Returns
2024-01-03,"Dow ends down by 285 points, S&P 500 seals third straight loss after Fed minutes"
2024-01-03,"S&P 500, Nasdaq Profit-Taking Is a Buying Chance; Russell 2000 Forms Golden Cross"
2024-01-03,"Markets News, Jan. 3, 2024: Stocks Sink for Second Day as Oil Rises, Bitcoin Retreats"
2024-01-03,S&P 500 Price Forecast – S&P 500 Continues to See Downside Pressure
2024-01-03,Just 7 companies drove S&P 500's growth in 2023
2024-01-03,S&P 500: Top Investors Hang Onto These 11 Longtime Moneymaker Stocks
2024-01-03,"Dow tumbles nearly 300 points Wednesday, Nasdaq closes lower for a 2nd straight day in 2024: Live updates"
2024-01-03,The S&P 500 Reached 4800. Multi-Year Top?
2024-01-03,January Has Been 1 of the Worst Months for the S&P 500 Over the Last 20 Years. Here Are 3 Stocks to Buy Anyway.
2024-01-03,Should You Buy the S&P 500's Highest-Paying Dividend Stocks to Start 2024?
2024-01-03,Members of Congress outperformed the S&P 500—sometimes by huge amounts
2024-01-03,Is Invesco S&P 500 High Dividend Low Volatility ETF (SPHD) a Strong ETF Right Now?
2024-01-03,"US stocks: All three major indices in red, S&P 500 slips 0.46%, Dow 0.4% ahead of Fed December meeting minutes | Mint"
2024-01-03,S&P 500: Dramatic Last-Minute Surge Saves Bulls - Key Levels to Watch Today
2024-01-04,"S&P 500, Dow and Nasdaq Since Their 2000 Highs"
2024-01-04,Wall St climbs on financials boost; investors parse jobs data
2024-01-04,10 funds that beat the S&P 500 by over 20% in 2023
2024-01-04,S&P 500 Gains and Losses Today: Travel Stocks Gain as Oil Prices Recede
2024-01-04,Stocks are off to a bumpy start in 2024. Here are the challenges ahead
2024-01-04,"'Twice as cheap': These stocks' discount to the S&P 500 is double its average, Ritholtz's Brown says"
2024-01-04,Stocks With the Highest Dividend Yields in the S&P 500
2024-01-04,"S&P 500 Holds Above Key Level, Russell 2000 Breaks Support: What to Expect Next"
2024-01-04,"US Stock Market Closing: Dow Jones, S&P 500 Retreat As Traders Assess Fed Meeting Minutes, Nasdaq Plunges 1.2"
2024-01-04,Stock Market Forecast 2024: A Soft Landing May Not Bring The Gains You Expect
2024-01-04,Wall Street bull: Oppenheimer's John Stoltzfus on why the S&P 500 will hit 5200 by year-end
2024-01-04,"S&P, Nasdaq extend year-start skid to three; Dow higher on financials"
2024-01-04,"Markets News, Jan. 4, 2024: Stocks Sink for a Third Day as Treasury Yields Edge Higher"
2024-01-04,"Nasdaq Index, Dow Jones, S&P 500 News: Labor Market Resilience Puts Rate Cut Bets on Hold"
2024-01-04,Why the S&P 500 is destined to keep crushing the Russell 2000
2024-01-04,"Stock Market Today: Dow, S&P Live Updates for January 5"
2024-01-04,History Favors More Upside for the S&P 500 in 2024. Here's How High the Stock Market Could Soar.
2024-01-04,"Nasdaq logs longest losing streak in over a year, S&P 500 falls for a fourth day to extend the dismal 2024 start"
2024-01-05,US stocks end nine-week bull run to start year with sell-off
2024-01-05,Understanding S&P 500 Meaning and Its Influence
2024-01-05,"Wall Street posts small Friday win, but first weekly decline in ten"
2024-01-05,Analysts Made Larger Cuts Than Average to EPS Estimates for S&P 500 Companies for Q4
2024-01-05,S&P 500 Notches First Losing Week Since October Amid Tech Selloff
2024-01-05,Mixed Jobs Report Keeps Fed Rate-Cut Hopes Alive; S&P 500 Wavers
2024-01-05,"Stock market news today: Stocks snap 9-week win streak as Dow, S&P 500 have worst start since 2016"
2024-01-05,Stocks On Track to End Longest Winning Streak in 20 Years
2024-01-05,This Stock Was One of the S&P 500's Worst Performers in 2023: Is It Time to Buy the Dip or Let It Go?
2024-01-05,Why a poor start to the year for S&P 500 doesn’t bode well for stocks in 2024.
2024-01-05,Charted: S&P 500 Sector Performance in 2023
2024-01-05,"Nasdaq Index, Dow Jones, S&P 500 News: Stock Futures Dip Ahead of Jobs Report"
2024-01-05,"S&P 500 closes slightly higher Friday, but major averages end 9-week win streak: Live updates"
2024-01-05,S&P 500 Gains and Losses Today: Airline Stocks Extend Gains
2024-01-05,Stock Market Forecast For 2024
2024-01-05,AI-Powered Tech Boom Fuels 2023 Stock Market Rally
2024-01-05,2024: Ranking the sectors
2024-01-05,This is why the S&P 500 can be expected to continue to outperform small-cap stocks
2024-01-08,Here's Who Owns Meta Now That Mark Zuckerberg Is Unloading Stock
2024-01-08,Seven Big 2023 Winners Showing Strength In New Year
2024-01-08,"Forget the ""Magnificent Seven"": Here's How Many Stocks Are Really Beating the S&P 500's Average"
2024-01-08,Is It Time to Buy the S&P 500's 4 Worst-Performing Stocks of 2023?
2024-01-08,S&P 500 Technical Analysis
2024-01-08,"S&P 500, Nasdaq 100 Futures Hold Key Support Levels, Where next?"
2024-01-08,S&P 500: Three AI Stocks Among Top Performers Monday
2024-01-08,"Nasdaq, Russell 2000 Poised to Bounce Higher; S&P 500 Faces Resistance at 20 DMA"
2024-01-08,"News updates from January 8: French PM Borne steps down, Tiger Woods to leave Nike"
2024-01-08,Morgan Stanley's Mike Wilson says stock rally is over unless economic growth picks up
2024-01-08,Barclays Stock Trailed S&P 500 By 23% In 2023. What Happens Next?
2024-01-08,"S&P500 Forecast: SPX steady, Boeing tumbles"
2024-01-08,US close: Tech rally drives gains as S&P 500 nears record high
2024-01-08,RBC raises 2024 S&P 500 target despite rocky start
2024-01-08,"With a greater confidence in soft landing, UBS boosts S&P 500 price targets By Investing.com"
2024-01-08,"Dow ends higher after third session of gains, as bond yields pull back"
2024-01-08,Stock Market Outlook: S&P 500 Record High Would Suggest Double-Digit Gains
2024-01-08,"Dow Jones, Nasdaq, S&P 500 weekly preview: Q4 earnings season is here"
2024-01-08,Nasdaq Composite closes 2% higher Monday as tech stocks’ revival lifts major averages: Live updates
2024-01-08,RBC boosts year-end price target for S&P 500
2024-01-08,"Stock-Market Outlook: UBS Lifts S&P 500 Target, Trumpets Soft Landing"
2024-01-08,"Nasdaq ends higher as yields fall, Boeing curbs gains on Dow"
2024-01-08,Equal-weight S&P 500 ETFs: 'Magnificent seven' beaters?
2024-01-08,S&P 500 price objective can hit 6100 'if we see new highs': Fairlead Strategies' Katie Stockton
2024-01-08,How To Invest In The S&P 500 – Forbes Advisor UK
2024-01-08,S&P 500 Financials Sector Q4 Earnings Preview: Banks Lead Earnings Decline
2024-01-08,UBS joins Wall Street strategists calling for new S&P 500 record in 2024
2024-01-08,S&P 500 Gains and Losses Today: Nvidia Reaches Record High After Unveiling New GPUs
2024-01-09,DoubleLine's Gundlach sees 'very painful' economic downturn
2024-01-09,"S&P 500 to Jump 10% to Record High, Rates Crashing Can Be Bad: Siegel"
2024-01-09,CME Group to Launch Options on S&P 500 Annual Dividend Index Futures on January 29
2024-01-09,"Stock market today: Asian shares retreat after a lackluster day on Wall St, but Tokyo jumps 2%"
2024-01-09,Stock market news today: Stocks close mixed as tech pares losses
2024-01-09,"US STOCKS-S&P 500, Dow drop as Treasury yields tick up; inflation data eyed"
2024-01-09,"ASX to rise, techs rebound bolstering Nasdaq, S&P 500"
2024-01-09,10 Companies Expected To Post Blowout Profit Any Day Now
2024-01-09,"Stock market news today: Nasdaq surges 2% to lead market rally, Dow lags as Boeing falls 8%"
2024-01-09,"Stock Market Today: Dow, S&P Live Updates for January 10"
2024-01-09,Where are the cheap stocks?
2024-01-09,"Dow snaps three-day winning streak as investors await inflation data, earnings"
2024-01-09,"Stock Market Outlook 2024: RBC Boosts S&P 500 Price Target to 5,150"
2024-01-09,S&P 500 closes slightly lower as stocks’ early 2024 struggles linger: Live updates
2024-01-09,The Stock Market Could Soar 30% in 2024: 2 Magnificent Growth Stocks to Buy Hand Over Fist Before That Happens
2024-01-09,Gold has outperformed the S&P 500 in the 21st century
2024-01-09,S&P 500 Momentum Report
2024-01-09,S&P 500 Gains and Losses Today: Juniper Networks Soars Amid Acquisition Talks
2024-01-09,"3 Stock Market Predictions for 2024: The S&P 500 Gains, Apple Falls Behind Microsoft, and Cybersecurity and Artificial ..."
2024-01-10,"Dow up 171 points, S&P 500 closes shy of record high ahead of inflation report"
2024-01-10,"Nasdaq Index, Dow Jones, S&P 500 News: Weighing CPI Expectations, Earnings Season Kickoff"
2024-01-10,"Buying the S&P 500 Now Is a 'Lousy Trade,' Recession Looming: Gundlach"
2024-01-10,Dow closes more than 150 points higher Wednesday ahead of key inflation readings: Live updates
2024-01-10,"Wells Fargo Investment Institute bets on rate cuts, lifts 2024 S&P 500 target"
2024-01-10,Only 1 Week Into 2024 and the S&P 500 and Dow Are Crushing the Nasdaq. Here's Why It Could Continue
2024-01-10,These 3 Stocks Have Beaten the S&P Average Return for Years and Are Likely to Continue That Trend
2024-01-10,"Nasdaq Index, Dow Jones, S&P 500 News: Tech Stocks Soar as Treasury Yields Slide"
2024-01-10,"Stocks climb as megacaps lead; inflation data, earnings on deck"
2024-01-10,Intuitive Surgical leads S&P 500 gainers after guidance that handily topped analyst estimates
2024-01-10,2024 U.S. Stock Market Outlook: A Time for Balance
2024-01-10,"S&P 500's Projected EPS Growth In 2024: Why QQQ, QQQM Might Lead The Way"
2024-01-10,S&P 500 Gains and Losses Today: Intuitive Surgical Jumps on Revenue Beat
2024-01-10,"Stock Market Today: S&P 500 Futures Edge up As Intuitive, Match Rise"
2024-01-10,FTSE 100 and S&P 500 on Hold while Nikkei 225 Hits a 34 Year High
2024-01-10,"Presidential Election Cycle Theory: Meaning, Overview, Examples"
2024-01-10,"S&P 500, Dow dip as yields move higher ahead of data"
2024-01-10,S&P 500 Housing Stocks Rally Near Buy Points. KBH Earnings Slide On Falling Home Prices.
2024-01-10,"Stock Market Today: Dow, S&P Live Updates for January 11"
2024-01-10,"S&P 500, Nasdaq hit two-week highs on megacap boost"
2024-01-10,"Dow, S&P 500 retreat as yields edge up ahead of data, earnings"
2024-01-10,S&P DJI Launches SDG-Aligned S&P 500 and Global LargeMidCap-based Indices
2024-01-10,"Wells Fargo Investment Institute bets on rate cuts, lifts 2024 S&P 500 target"
2024-01-10,Will CPI Deliver Another Head Fake For S&P 500?
2024-01-11,S&P 500 closes little changed Thursday after hotter-than-anticipated inflation report: Live updates
2024-01-11,"Wall Street little changed after inflation, labor market data"
2024-01-11,S&P 500 briefly flirts with first record close in over 2 years. What’s next?
2024-01-11,"S&P 500 slips, after rising briefly above record close, on CPI data"
2024-01-11,S&P 500 Gains and Losses Today: Netflix Lifted by Ad-Supported Subscriber Numbers
2024-01-11,What’s the best way to invest in the S&P 500?
2024-01-11,Stocks flat to down after CPI data; Treasury yields ease
2024-01-11,Record-High Watch for S&P 500 Remains in Effect
2024-01-11,"Jeremy Siegel's Weekly Commentary: S&P 500 to gain 8-10% in 2024, might scale 5,300 level"
2024-01-11,"GLOBAL MARKETS-S&P 500 slips, after rising briefly above record close, on CPI data"
2024-01-11,"US Markets after Inflation Data: Dow Inches Up, S&P Slips, While Nasdaq Closes Flat"
2024-01-11,"S&P 500 briefly flirts with record close, then stocks turn south"
2024-01-11,Mining and energy offset bigger falls on ASX amid surprise US inflation uptick — as it happened
2024-01-11,They outperformed the S&P 500 over 5 years! Are these the best UK shares to buy now?
2024-01-11,"Stock Market Today: Dow, S&P Live Updates for January 12"
2024-01-11,Medtronic (MDT) Rises As Market Takes a Dip: Key Facts
2024-01-11,US 'landing' key to stretched equity/bond correlation
2024-01-11,Guide to the S&P 500 ETF Investing
2024-01-11,60% Of This Year's Top Stocks Are In This Sector (It's Not Tech)
2024-01-11,What is the FTSE 100 for?
2024-01-12,"Dow, S&P 500 lower at midday as consumer discretionary sector and financials fall"
2024-01-12,Stock market today: S&P 500 edges back toward record as stocks close winning week
2024-01-12,"Markets News, Jan. 12, 2024: Stocks Muted After Mixed Big Bank Earnings, Falling Wholesale Prices"
2024-01-12,Are More S&P 500 Companies Issuing Negative EPS Guidance Than Average for Q4?
2024-01-12,S&P 500 Gains and Losses Today: Airline Stocks Fall as Delta Cuts Profit Outlook
2024-01-12,S&P 500 Tops 4800 For First Time In 2 Years
2024-01-12,"S&P 500 to End Near 5000, Piper Sandler Stock Strategist Kantrowitz Says"
2024-01-12,S&P 500 Snapshot: Index 0.3% Below Its Record High
2024-01-12,S&P 500 Weekly Price Forecast – S&P 500 Continues to Bang up Against The 4800 Level
2024-01-12,"Stock Market Today: Dow slips while stocks end mostly higher after PPI reading, earnings"
2024-01-12,What is the outlook for the S&P 500 in 2024?
2024-01-12,What Are The Magnificent 7 Stocks?
2024-01-12,S&P 500 to dip or hit new highs?
2024-01-12,These stock trading experts beat the S&P 500 by wide margins in 2023
2024-01-12,Key Fed Inflation Rate Won't Match Hot CPI; S&P 500 Rises
2024-01-12,"News updates from January 12: China pledges to 'smash' Taiwan independence, US wholesale inflation declines"
2024-01-12,"Stock Market Today: Dow slips while stocks end mostly higher after PPI reading, earnings"
2024-01-16,CEO Jobs at S&P 500 Companies Increasingly Go to Finance Chiefs
2024-01-16,Another Wall Street bank has boosted its S&P 500 target. Here’s why.
2024-01-16,"UBS lifts 2024 year-end S&P 500 target to 5150, tops big banks"
2024-01-16,S&P 500 Gains and Losses Today: AMD Shares Soar Amid AI Enthusiasm
2024-01-16,Bubble fears siphon ETF flows away from Magnificent Seven
2024-01-16,S&P 500 Will Likely Report Year-Over-Year Earnings Growth of At Least 4% for Q4
2024-01-16,Analysts see over 7% upside in S&P 500 amid small-cap rally
2024-01-16,"Stock Market Today: Dow, S&P Live Updates for January 17"
2024-01-16,S&P 500: These 9 Stocks Are Running To Start 2024
2024-01-16,Analysts Predict The 10 Most-Valuable Stocks In 12 Months
2024-01-16,"Nasdaq Index, Dow Jones, S&P 500 News: Goldman Sachs Earnings in the Spotlight"
2024-01-16,Dow ends lower after Fed official says there's no rush on 2024 rate cuts
2024-01-17,US stock market: Wall Street ends down as Apple weighs
2024-01-17,S&P 500 Gains and Losses Today: Index Slips as Retail Data Casts Doubts on Rate Cuts
2024-01-17,Volatility Index (VIX) Edges Higher as S&P 500 Drops
2024-01-17,"Nasdaq Index, Dow Jones, S&P 500 News: Potential Turnaround Amid March Rate Cut Calls"
2024-01-17,"Stock Market Today: Dow, S&P Live Updates for January 18"
2024-01-18,"Stock Market Today: Dow, S&P Live Updates for January 19"
2024-01-18,"S&P 500, Nasdaq climb as chips, megacaps jump"
2024-01-18,S&P 500 Gains and Losses Today: Semiconductor Outlook Pushes Index Higher
2024-01-18,Nelson Peltz: Disney board has underperformed the S&P 500 'on every measure'
2024-01-18,U.S. stocks book best day in nearly 2 weeks as Dow snaps 3-day losing streak after big tech rally
2024-01-18,S&P 500 Forges Bearish Double-Top Pattern as Higher Yields Weigh on Stocks
2024-01-18,S&P 500 Battles Resistance as Rate Cut Hopes Hang in Balance: Reversal Imminent?
2024-01-18,S&P 500 poised to soar in 2024: Capital Economics
2024-01-19,S&P 500 closes at a new record high. Here’s what history says could happen next.
2024-01-19,S&P 500 confirms bull market with record close
2024-01-19,S&P 500 notches first record high in two years in tech-driven run
2024-01-19,"Wall St inches higher, Treasury yields gain as S&P 500 inches closer to record high"
2024-01-19,The S&P 500's wild ride to an all-time high
2024-01-19,S&P 500 ends near record high as AI optimism lifts chipmakers
2024-01-19,"S&P 500 rallies 1% to all-time high, surpassing previous record set in 2022: Live updates"
2024-01-19,"S&P 500: Don't Let Valuations, New Record Worry You"
2024-01-19,S&P 500 Hits All-Time High
2024-01-19,S&P 500 hits record as technology rally pushes stocks higher
2024-01-19,"Stock market today: Dow, S&P 500 hit record highs as tech stocks soar"
2024-01-19,Your Evening Briefing: S&P 500 Hits First Record High in Two Years
2024-01-19,S&P 500 hits new record high amid signs of easing US economic gloom
2024-01-19,Stock Market News Today: S&P 500 Hits New All-Time High
2024-01-19,"S&P 500 Earnings Season Update: January 19, 2024"
2024-01-19,S&P 500 Index (SPX) Hits First Record in Two Years on Rate Cut Bets
2024-01-19,"S&P 500 sets record high, capping a strong quarter"
2024-01-19,S&P 500 closes at record high for first time in two years
2024-01-19,"Nasdaq Index, Dow Jones, S&P 500 News: Semiconductor Demand Boosts Wall Street’s Bullish Trend"
2024-01-19,The S&P 500 just closed at a new all-time high
2024-01-19,S&P 500 Gains and Losses Today: Index Hits Record High as Tech Stocks Rally
2024-01-19,"Markets News, Jan. 19, 2024: S&P 500 Closes at Record High as Tech Leads Broad Stock Rally"
2024-01-19,A low-cost trade that wins if the S&P 500 breaks out and heads for 5000 next
2024-01-19,S&P 500 ends near record high as AI optimism lifts chipmakers
2024-01-19,"S&P 500 nabs record closing high, Treasury yields dip"
2024-01-19,"Nvidia and Big Tech are still the driving forces for the market, bringing S&P 500 back to record levels"
2024-01-19,"News updates from January 19: S&P 500 closes at record high, Ford cuts production of electric truck"
2024-01-19,"S&P 500 hits record intra-day high driven by chipmakers, megacaps"
2024-01-19,S&P 500 closes at first record high in two years as tech fuels U.S. stocks
2024-01-19,Stock Market News Today: S&P 500 Hits All-Time High Amid Rate-Cut Optimism
2024-01-19,S&P 500 Hits All Time High - Beyond the Bell
2024-01-19,"Instant view- Record S&P 500 close classifies 15-month rally as a ""bull market"""
2024-01-19,Wall Street limps to all-time high as 'sugar rush' fades
2024-01-19,"Wall Street celebrates record highs for stocks as 2 of the 3 major indexes hit new peaks, and some analysts see room ..."
2024-01-19,"Dow, S&P 500 and NASDAQ close at record highs"
2024-01-19,S&P 500 reaches record high as US stocks surge
2024-01-19,3 election year myths debunked
2024-01-19,"As S&P 500 hits new record, three indicators point to a pullback"
2024-01-19,"S&P 500 reaches a new record high, Super Micro Computer jumps"
2024-01-19,The S&P 500 is officially in a bull market now. Here's how long they typically last
2024-01-19,S&P 500 inches closer to a record closing high
2024-01-19,"Stocks Climb to Record, Lifted by Big Tech and Rate Cut Hopes"
2024-01-19,S&P 500 Stocks: What You Need to Know
2024-01-19,"S&P 500 (SPX), Nasdaq 100 (NDX) End Week at New Highs on Fed Rate-Cut Bets"
2024-01-19,"FTSE 100, DAX 40 and S&P 500 Resume their Ascents"
2024-01-19,"S&P 500 valuations are full, stocks will likely consolidate - UBS"
2024-01-19,S&P 500 breaks the 2021 all-time high
2024-01-19,S&P 500 closes at a record high
2024-01-19,Stocks Are in a Bull Market. What Does That Mean?
2024-01-22,"After S&P 500's record high, AI optimism could continue to strengthen stocks, UBS says"
2024-01-22,S&P 500 Reporting Lowest Net Profit Margin in More Than 3 Years for Q4
2024-01-22,"Wall Street builds on recent gains, S&P 500 adding to its record close last week"
2024-01-22,S&P 500 hits fresh record high in bull-market momentum
2024-01-22,S&P 500 ends with record high for 2nd session in row
2024-01-22,"Markets News, Jan. 22, 2024: Dow Passes 38000; S&P 500 Adds to Record as Treasury Yields, Bitcoin Retreat"
2024-01-22,Earnings Season Is Here: Why JPMorgan Says It May Not Be A Cheerful One
2024-01-22,"Dow closes above 38,000 for first time and S&P 500 scores back-to-back records"
2024-01-22,The gulf between winners and losers could mean problems for the S&P 500
2024-01-22,S&P 500 Gains and Losses Today: Index Ticks Up to Another Record Close
2024-01-22,Shift in Key Options Bet Suggests S&P 500 Can Rally Even Further
2024-01-22,"As the S&P 500 enters bull market territory, here's what to consider before you invest"
2024-01-22,Wall Street notches fresh records as S&P 500 and Dow Jones close at all-time high
2024-01-22,These 3 stock-market sectors were only winners in S&P 500’s 2-year trip back to record high
2024-01-22,Asian stocks advance after S&P 500 rises to record
2024-01-22,"Dow Jones, Nasdaq, S&P 500 weekly preview: Are new highs sustainable? By Investing.com"
2024-01-22,2023 Review - Magnificent Seven Lead Domestic Large Cap Outperformance
2024-01-22,Here's a new way to consider value for stocks in the S&P 500
2024-01-22,"Dow rises more than 100 points to close above 38,000 for the first time ever: Live updates"
2024-01-22,Dow Jones Futures Rise With S&P 500 At Record Highs; Tesla Bull Cuts Price Target
2024-01-22,"World markets today: US stocks gain, S&P 500 hits record high | Mint"
2024-01-22,Stock Market Today: S&P 500 clinches third-straight record close on tech strength By Investing.com
2024-01-22,9 Stocks Powered 40% Of The S&P 500's Surge To A New High
2024-01-22,"Stocks open higher, S&P 500 on track for another record close"
2024-01-22,Stock Market Outlook: These 3 Big Risks Could Cause 23% Crash in 2024
2024-01-22,"Stock Market Today: Dow, S&P Live Updates for January 23"
2024-01-22,S&P 500 ends with record high for 2nd session in row
2024-01-22,Trading in risky stock option bets surges as S&P 500 heads for back-to-back records
2024-01-22,Forbes Daily: S&P 500 Set A New All-Time High On Tech Stock Optimism
2024-01-22,The Seven Tech Stocks Driving the S&P 500 to New Highs
2024-01-22,S&P 500 Index Hits All-Time High: 5 Must-Buy Stocks
2024-01-22,Analysts think these tech stocks could rise as S&P 500 hits record high
2024-01-23,S&P 500 Gains and Losses Today: 3M Shares Tumble Following Weak 2024 Outlook
2024-01-23,"Stock-Market Rally Has Room to Run After S&P 500 Record, UBS Says"
2024-01-23,"S&P 500, Nasdaq slip as mixed earnings weigh on risk appetite"
2024-01-23,S&P 500 ends with record high for 2nd session in row
2024-01-23,Dow 38K: US Markets on Fire as S&P 500 Joins the Record-Breaking Rally!
2024-01-23,The world is a mess and Wall Street isn’t paying attention
2024-01-23,Stock Market Today: S&P 500 ekes out win to extend record run amid Netflix surge
2024-01-23,"Dow ends lower, S&P 500 closes at third record high this year"
2024-01-23,The S&P 500 Just Hit a Record High. The Stock Market Usually Does This Next.
2024-01-23,5 mega-cap stocks help push S&P 500 to new highs
2024-01-23,"Expect to see an 8% return in the S&P 500 this year, says RBC's Lori Calvasina"
2024-01-24,S&P 500 ekes out another record high as Netflix and chipmakers leap
2024-01-24,S&P 500 notches third straight record high close
2024-01-24,Here's what the S&P 500 is and how to invest in it
2024-01-24,"World markets today: US stocks surge, S&P 500 hits fresh record high; Netflix climbs over 12% | Mint"
2024-01-24,Netflix and other tech stocks pull Wall Street higher; S&P 500 to set record for 4th straight day
2024-01-24,S&P 500 Rally Leaves Veteran Stock Watcher Ed Yardeni Nervous
2024-01-24,"SHARE BAZAR LIVE: Axis Bank results weaker than expected, S&P 500 closes at new record high"
2024-01-24,"S&P 500 hits record high on Netflix earnings, chips' boost"
2024-01-24,"Dow ends lower, S&P 500 squeaks by with fourth straight record close"
2024-01-24,S&P 500 Gains and Losses Today: Netflix Soars Amid Revenue and Subscriber Growth
2024-01-24,Tech gains push S&P 500 to another record high this week
2024-01-24,Stock market today: S&P 500 vaults to fresh high while earnings drag on Dow
2024-01-24,"Stock Market Extends Record Highs, S&P 500 Hits 4900 On Tech Rally, Microsoft's $3 Trillion Mark: What's Driving ..."
2024-01-24,"Tech giants drive fifth day of gains for Nasdaq, S&P 500"
2024-01-24,US close: Dow falls but S&P 500 hits another record
2024-01-25,Market Views: Will the S&P 500 extend its bull run in H1? | Equities
2024-01-25,S&P 500 ekes out another record high as Netflix and chipmakers leap
2024-01-25,"As S&P 500 trades in record territory, other stock-market indexes are struggling"
2024-01-25,S&P 500 Gains and Losses Today: Index Advances as GDP Growth Beats Expectations
2024-01-25,S&P 500 extends streak of record highs; Tesla tumbles
2024-01-25,S&P 500 analysis: Stock markets starting to look a little overstretched – correction looming?
2024-01-25,S&P 500 valuations rise on hopes of fairy tale end to inflation fight
2024-01-25,US close: Dow and S&P 500 hit fresh highs after GDP beat
2024-01-25,"The S&P 500 is trading in record territory, but these other stock-market indexes are in the doldrums"
2024-01-25,"Nasdaq Index, Dow Jones, S&P 500 News: Investors Bracing for Impact of GDP"
2024-01-25,15 Stocks That Will Outperform the S&P 500 in 2024
2024-01-25,Stock market today: S&P 500 hits fresh record as Tesla slides on earnings gloom
2024-01-25,"News updates from January 25: US economy grows 3.3% in fourth quarter, ECB keeps interest rate at 4%"
2024-01-25,"US Stock Market: Nasdaq, S&P 500 Up, But Dow Jones In Red | Here's Why"
2024-01-26,"S&P 500, Dow flat after inflation data; Intel's bleak forecast weighs"
2024-01-26,"1 S&P 500 Stock to Buy Before It Soars 105% in 2024, According to a Wall Street Analyst"
2024-01-26,"The S&P 500 hit another all-time high—but don't switch up your retirement saving strategy, says CFP"
2024-01-26,Stock market near record highs as S&P 500 sets record 5 days in a row
2024-01-26,S&P 500 Gains and Losses Today: Tech Rally Wavers After Intel's Weak Forecast
2024-01-26,"S&P 500 Earnings Season Update: January 26, 2024"
2024-01-26,S&P 500 extends streak of record highs; Tesla tumbles
2024-01-26,"Malkiel on S&P 500 and Recession Calls, Bitcoin, Stock Market Returns"
2024-01-26,"US Market: Wall Street rises on strong GDP data, S&P 500 sets a new record | Mint"
2024-01-26,"Stock market today: S&P 500 ends record-setting streak, but stocks notch weekly win"
2024-01-26,The S&P 500 Just Hit An All-Time High. Here's 1 Artificial Intelligence (AI) Stock That Still Looks Like a Bargain
2024-01-26,Key Federal Reserve Inflation Rate's Slide Puts March Rate Cut In Play; S&P 500 Wavers Investor's Business Daily
2024-01-26,S&P 500 resets closing record high even as Tesla crashes
2024-01-26,S&P 500 Executives Back Off 'ESG' Reports in Earnings Calls
2024-01-26,"Weak Intel forecast drags S&P 500, ends streak of record highs"
2024-01-26,"S&P 500 Dividend Aristocrats: Who's Out, Who's In"
2024-01-26,"Dow, S&P 500 close at records after solid US growth data"
2024-01-29,Are the “Magnificent 7” the Top Contributors to Earnings for the S&P 500 for Q4?
2024-01-29,"With the S&P 500 at a record high, strategists warn against a valuation 'trap'"
2024-01-29,"S&P 500 Gains and Losses Today: Index Hits Record Ahead of Tech Earnings, Fed Decision"
2024-01-29,Stock market today: Live updates
2024-01-29,"S&P 500 hits fresh closing high ahead of Fed meeting, big tech earnings"
2024-01-29,"Dow, S&P 500 close Monday at record highs"
2024-01-29,Frequently asked questions: Options on S&P 500 Annual Dividend Index futures
2024-01-29,These AI Stocks Are Crushing the S&P 500 in 2024
2024-01-29,S&P 500 closes little changed Tuesday as Fed rate decision looms: Live updates
2024-01-30,"Stock Market Today: Dow, S&P Live Updates for January 31"
2024-01-30,"S&P 500 lackluster after mixed earnings, jobs data"
2024-01-30,Stock market today: Stocks rise as S&P 500 hits fresh record to kick off earnings-packed week
2024-01-30,"S&P 500 hits fresh closing high ahead of Fed meeting, big tech earnings"
2024-01-30,"Nasdaq ends lower ahead of big tech earnings, focus on Fed"
2024-01-30,"Microsoft, Alphabet, and Other 'Magnificent 7' Expected To Boost S&P 500 Earnings"
2024-01-30,The S&P 500 Just Hit Another All-Time High: 3 Growth Stocks to Buy Hand Over Fist Now
2024-01-30,History Says the S&P 500 May Climb in the Triple Digits During This Bull Market. 3 Top Growth Stocks to Buy Before it ...
2024-01-30,S&P 500 Q4 Energy Sector Earnings Preview: Largest Earnings Decline of All 11 Sectors
2024-01-30,The S&P 500 Just Did Something It Hasn't Done in 2 Years. History Says the Stock Market Could Do This Next
2024-01-30,"The S&P 500 Just Hit an All-Time High, but This Stock Is Down 84%. Here's Why It's a Buy Hand Over Fist"
2024-01-30,"S&P 500 Gains and Losses Today: UPS Falls, GM Rises After Divergent Earnings Results"
2024-01-31,S&P 500 Gains and Losses Today: Index Falls as Fed Holds Interest Rates Steady
2024-01-31,Stock Market Outlook: Fundstrat Suggests S&P 500 Can Exceed 2024 Target
2024-01-31,How the S&P 500 traded on previous Fed days when it was down more than 0.5% by noon
2024-01-31,"Stock Market Today: Dow, S&P Live Updates for February 1"
2024-01-31,"S&P 500 Returns to Slump, Recession May Last Until 2025: Gary Shilling"
2024-01-31,What An S&P 500 All-Time High Could Mean For Your Investments
2024-01-31,"Dow closes more than 350 points higher, Nasdaq jumps 1% in rebound from Fed Day sell-off: Live updates"
2024-01-31,"Dow closes 300 points lower, Nasdaq drops 2% after Fed indicates March rate cut unlikely: Live updates"
2024-01-31,Fed Chair Powell Won't Do The S&P 500 Any Favors
2024-01-31,How to Invest in Index Funds
2024-01-31,U.S. stocks can climb a lot higher in 2024
2024-01-31,S&P 500 Is on a Historic 12-Week Winning Streak: Could It Extend?
2024-01-31,"News updates from January 31: Federal Reserve holds interest rates, EU commits €21bn in Ukraine military aid"
2024-01-31,"10-Year Treasury Yield Dives On Government Funding Plan, ADP Jobs Data; S&P 500 Falls"
2024-01-31,This Stock Turned $10000 Into $12614 In Just One Month
2024-01-31,S&P 500 futures extend losses as tech shares sink lower
2024-01-31,Federal Reserve Isn't Quite Ready To Cut Rates; S&P 500 Falls
2024-01-31,Fast exact joint S&P 500/VIX smile calibration in discrete and continuous time
2024-02-01,CME Group to Launch E-mini S&P 500 Equal Weight Futures on February 26
2024-02-01,6 Stocks With Massive Momentum Put Cathie Wood To Shame
2024-02-01,"Wall Street ends higher; earnings, jobs report in focus"
2024-02-01,How to Invest in Index Funds: A Beginner's Guide
2024-02-01,"S&P 500 Gains and Losses Today: Activist Interest Boosts Norfolk Southern, Etsy"
2024-02-01,S&P 500: Buying Monday's Breakout Was a Mistake
2024-02-01,Dow Jones rises 370 points to record close as stocks rebound from 2-day selloff
2024-02-01,"S&P 500 closes at a record, rises for a fourth-straight week on strong tech earnings: Live updates"
2024-02-01,Stock Market Today: S&P 500 clinches record high as Meta's mega rally fuels bulls
2024-02-01,"S&P 500 falls most in five months, Nasdaq slumps 2% post Fed decision"
2024-02-01,"Stock Market Today: Dow, S&P Live Updates for February 2"
2024-02-02,"News updates from February 2: US adds 353,000 jobs in January, US hits Iraq and Syria after drone deaths"
2024-02-02,"Russell 2000 Eyes Bullish Reversal; S&P 500, Nasdaq Bounce Off Key Support"
2024-02-02,Tesla is one of the most oversold stocks in the S&P 500 and could be due for a bounce
2024-02-02,Take The Strong Jobs Report With A Grain Of Salt; S&P 500 Rises
2024-02-02,"Fourth-quarter earnings are shaping up to be the best of 2023, but there's a catch"
2024-02-02,"Stock market today: S&P 500 hits record high after jobs report, tech earnings thrill investors"
2024-02-02,"S&P 500 Earnings Season Update: February 2, 2024"
2024-02-02,"Markets News, Feb. 2, 2024: Meta, Amazon Propel S&P 500 to Record; Yields Soar on Strong Jobs Report"
2024-02-02,"S&P 500 surges to record closing high on solid earnings, robust data"
2024-02-02,"Nasdaq, S&P 500 climb on tech earnings cheer; strong jobs data weighs"
2024-02-02,Pension funding for S&P 500 plans rises to 101.8% in January
2024-02-02,Markets Are Behaving Like Past Bubble As Magnificent 7 Keep Surging
2024-02-02,"S&P 500 Gains and Losses Today: Index Rises Amid Strong Jobs Data, Tech Earnings"
2024-02-05,"Record Highs in the American Market: S&P 500 Hits New Milestone, 4 Weeks of Steady Growth!"
2024-02-05,S&P 500 Now Reporting Year-over-Year Growth in Earnings for Q4 2023
2024-02-05,"Markets Week Ahead: S&P 500, Dow Hit Fresh Highs, Gold Fades, US Dollar Rallies"
2024-02-05,S&P 500 Gains and Losses Today: Index Drops After Powell Reiterates Cautious Stance
2024-02-05,"Nasdaq Index, Dow Jones, S&P 500 News: Stocks Plunge on Powell’s Rate Stance"
2024-02-06,"S&P 500 Set to Hit 5000 Milestone, but History Warns of a Looming Correction"
2024-02-06,"Wall St edges up with earnings, rate-cut expectations in focus"
2024-02-06,S&P 500 Gains and Losses Today: GE HealthCare Shares Soar After Strong Earnings
2024-02-06,"S&P 500 closes up, focus on earnings and US interest rates"
2024-02-06,Analysts Making Smaller Cuts Than Average to EPS Estimates for S&P 500 Companies for Q1
2024-02-06,"S&P 500 Price Forecast – S&P 500 Continues to Stagnate, Looking For Momentum"
2024-02-06,"S&P 500 closes near 5,000, notches record high as strong earnings continue: Live updates"
2024-02-06,Bank of America: These stocks could be next to join the S&P 500
2024-02-07,"S&P 500 closes at record as yields rise, dollar retreats"
2024-02-07,"S&P 500 hits record high with earnings, rate outlook in spotlight"
2024-02-07,"World markets today: US stocks gain on strong earnings, S&P 500 hits fresh record high | Mint"
2024-02-07,S&P 500 Gains and Losses Today: Upbeat Outlook Boosts Enphase and Emerson Shares
2024-02-07,"S&P 500 closes up, focus on earnings and US interest rates"
2024-02-07,"Stock market appears ‘accident prone’ as S&P 500 nears 5,000 milestone"
2024-02-07,"Markets News, Feb. 7, 2024: S&P 500 Notches Record Just Shy of 5000"
2024-02-07,The Federal Reserve Just Tightened — Stealthily. The S&P 500 Faces A Bumpy Road.
2024-02-07,S&P 500 Steady but Nasdaq Breadth Weakness a Worry; Russell 2000 Tests Key Support
2024-02-08,"S&P 500 reaches 5,000 for first time. Here’s what it means for the market."
2024-02-08,S&P 500 Breaks 5000 For First Time In History
2024-02-08,"S&P 500 hits 5,000 for first time ever"
2024-02-08,European shares rise as S&P 500 hits record high as earnings thrill
2024-02-08,"Nasdaq Eyes 16K, S&P 500 Whisker Away From 5k, Dow Jones Lags Behind: What's Next?"
2024-02-08,"S&P 500 closes at record high; earnings, rate outlook in focus"
2024-02-08,"S&P 500 hovers near 5,000-mark with earnings, jobs data in focus"
2024-02-08,"S&P 500 closes five points away from 5,000 after making a high of 4,999.85"
2024-02-08,S&P 500 reaches 5000 to mark record for US stocks
2024-02-08,"S&P 500 closes at record as yields rise, dollar retreats"
2024-02-08,S&P 500 ends just shy of 5000 mark after touching milestone
2024-02-08,"S&P 500 Sets Record High, 5000-Mark In Sight"
2024-02-08,S&P 500 near 5000; Treasury yields rise after auction
2024-02-08,"Stock Market Today: Dow, S&P Live Updates for February 9"
2024-02-08,"Stock Market News: Indexes Mixed As S&P 500 Hovers Near 5,000"
2024-02-08,The S&P 500 Nears 5000: Is Now A Good Time to Invest in Stocks?
2024-02-08,"Dow scores record close as S&P 500 briefly trades above 5,000-point milestone"
2024-02-08,"S&P 500 Hits 5000 Milestone, Yet Concerns Of Overvaluation Versus Its Equal-Weight Counterpart Mount"
2024-02-08,S&P 500: Why US Stocks May Not Feel the Love in February
2024-02-08,S&P 500: Key Factors to Watch for a Local Top as Index Approaches 5000 Milestone
2024-02-08,Stock Market Outlook: Why the S&P 500 Keeps Crushing Record Highs
2024-02-08,"Stock Market News: Indexes Climb As S&P 500 Hovers Below 5,000"
2024-02-08,S&P 500 hits 5000 in intraday: Stocks that saw record highs
2024-02-08,S&P exceptionalism versus 'expensiveism'
2024-02-08,Daily Markets: Will the S&P 500 Hit 5000?
2024-02-08,S&P 500 briefly hits 5000 for first time
2024-02-08,S&P 500 Gains and Losses Today: Ralph Lauren Shares Enjoy Taylor Swift Bump
2024-02-09,S&P 500 crosses 5000 for first time - The Washington Post
2024-02-09,"S&P 500 finishes just shy of 5,000 after latest push | Mint"
2024-02-09,"Stock market today: Wall Street holds near record levels, with S&P 500 on precipice of 5,000"
2024-02-09,Outlook on S&P 500: is the index set for a fall?
2024-02-09,"S&P 500 eclipses 5,000 for the first time—but you'd be smart to ignore the headlines, says CFP"
2024-02-09,"S&P 500 hits 5,000 for the first time on strong earnings; Nikkei at 34-year high"
2024-02-09,"US Stocks: S&P 500 opens above 5,000 mark after revised inflation data"
2024-02-09,S&P 500 (SPX) Is on Track to Close Above 5000 For First Time Ever
2024-02-09,"S&P 500 closes above key 5,000 level for first time"
2024-02-09,Wall St Week Ahead: Market breadth suggests narrowing rally as S&P 500 hits records
2024-02-09,Digging Into The Big Tech Rally.
2024-02-09,"As S&P 500 breaches 5000, its valuation hits lofty levels as well"
2024-02-09,The S&P 500 Just Topped 5000 in a New Record. Should You Buy?
2024-02-09,S&P 500 Closes Above 5000 for First Time
2024-02-09,S&P 500 ends above 5000 points for first time
2024-02-09,S&P 500 Gains and Losses Today: Index Jumps to First-Ever Close Above 5000
2024-02-09,"S&P 500 ends just shy of 5,000 mark after touching milestone"
2024-02-09,Stock Market Rally Leaves Dip Buyers Without a Playbook
2024-02-09,"S&P 500 closes above 5,000 for first time ever, notches fifth straight winning week: Live updates"
2024-02-09,"Wall Street marks a milestone as the S&P 500 closes above 5,000 for the first time"
2024-02-09,Stock market today: S&P 500 closes above 5000 for first time ever
2024-02-09,"The S&P 500 just broke a record, closing above 5000 for the first time"
2024-02-09,"Stock market milestone hit as S&P 500 tops 5,000. 401(k)s are happy."
2024-02-09,Megacaps rally pushes S&P 500 to first close above 5000 milestone
2024-02-09,Your Evening Briefing: S&P 500 Blows Past 5000 for the First Time
2024-02-09,"Markets News, Feb. 9, 2024: S&P 500 Tops 5K, Nasdaq Approaches 16K Amid Tech Rally"
2024-02-09,"S&P 500 closes above 5,000 to notch fresh all-time high in fifth straight week of gains"
2024-02-09,S&P 500 closes above 5000 for the first time
2024-02-09,"S&P 500 Cracks 5,000 Points, but Stellar Returns May Not Continue"
2024-02-09,The S&P 500 closes at a new record at 5000
2024-02-09,"S&P 500 Earnings Season Update: February 9, 2024"
2024-02-09,Stocks Hit Record Highs: Tech Surge Propels S&P 500 Near 5000
2024-02-09,"S&P 500 closes above 5,000 for first time as US inflation cools"
2024-02-09,Stock market today: Wall Street waltzes past its latest milestone as S&P 500 closes above 5000
2024-02-12,"Dow Jones, Nasdaq, S&P 500 weekly preview: January CPI report takes the central stage"
2024-02-12,"Stock Market Today: Dow, S&P Live Updates for February 13"
2024-02-12,Magnificent Seven Spurs S&P 500 to 5000
2024-02-12,"Stock Market Today: Futures Flat After S&P 500 Closes Above 5,000"
2024-02-12,"Russell 2000 Builds Breakout Base as S&P 500, Nasdaq Approach Local Top"
2024-02-12,S&P 500 Gains and Losses Today: VF Corp. Soars as Activist Investor Gains Support
2024-02-12,S&P 500 Forward P/E Ratio Rises Above 20.0 For First Time in 2 Years
2024-02-12,"US S&P500 closes above psychological mark of 5,000"
2024-02-12,Stock Market Outlook: S&P 500's Ridiculous Winning Streak May Soon End
2024-02-12,Dow rises more than 100 points to close at a record: Live updates
2024-02-12,S&P 500 ETF spreads show why investors must consider total cost of ownership
2024-02-12,S&P 500 earnings: Can stocks rally beyond Magnificent Seven?
2024-02-12,2 ETFs to Play as the S&P 500 Continues Its Bullish Momentum
2024-02-12,S&P 500 tops 5000 for the first time ever
2024-02-12,CPI data could be catalyst for already historic S&P 500
2024-02-12,"Nasdaq slips from near all-time high, Dow up modestly ahead of inflation data"
2024-02-12,S&P 500: Investors Ignore Screaming Alarm Saying Stocks Overvalued
2024-02-12,5 Must-Buy S&P 500 Stocks as Index Crosses Key Milestone
2024-02-12,"Stocks Flash Sell Sign After S&P Tops 5000, Piper Sandler Says"
2024-02-12,The 3 Worst-Performing S&P 500 Stocks to Buy Before They Rebound
2024-02-12,Analyst who forecast the S&P 500's rally unveils new Nasdaq 100 outlook
2024-02-12,"Stock market today: Asian shares rise ahead of US inflation report, China closed for holiday"
2024-02-12,Rising risks as the S&P 500 is outsourced to 'the Magnificent Seven'
2024-02-12,U.S. stocks: Dow scores 12th record close of 2024 ahead of new inflation data
2024-02-13,Can seasonality predict the S&P 500 for the year?
2024-02-13,"World markets today: US stocks sink after inflation data dampens rate cut hopes; Dow, S&P 500, Nasdaq dip over 1% | Mint"
2024-02-13,S&P 500 Gains and Losses Today: Index Drops Following January Inflation Report
2024-02-13,S&P 500 Has 30% Upside As Bubble Lasts Through 2025: Capital Economics
2024-02-13,Stock Momentum Slams Into a Wall in S&P 500's Worst CPI Day In Years
2024-02-13,"S&P 500: Another High, More Uncertainty"
2024-02-13,"Dow, S&P 500, Nasdaq tumble after disappointing inflation report"
2024-02-13,S&P 500 may be due for a 'well-deserved break': Strategist
2024-02-13,Dow tumbles more than 500 points as hot inflation data stokes fears about higher-for-longer rates
2024-02-13,Guide to the S&P 500 Index
2024-02-13,"CPI Inflation Data Jolts The S&P 500, Fed Rate-Cut Odds"
2024-02-13,3 Stocks That Will Lead 19% Surge in S&P 500 This Year
2024-02-13,"1 Magnificent S&P 500 Dividend Stock Returning 1,280% Since 2002 to Buy Right Now"
2024-02-13,"Stock Market Today: Dow, S&P Live Updates for February 14"
2024-02-13,5 Stocks to Add to Your Portfolio as S&P 500 Roars Past 5000
2024-02-14,"Stock Market Today: Dow, S&P Live Updates for February 15"
2024-02-14,"S&P 500 would need to be at 6,250 to price in 'irrational exuberance' on par with '90s tech bubble: SocGen"
2024-02-14,S&P 500 Gains and Losses Today: Uber Soars After First-Ever Buyback Authorization
2024-02-14,S&P 500 Would Have to Climb 25% to Mimic Dot-Com-Era Hype
2024-02-14,S&P 500 futures edge higher after hot inflation sell-off
2024-02-14,"Dow slides more than 100 points Friday, major averages end 5-week winning run: Live updates"
2024-02-14,"Markets News, Feb. 14, 2024: Stocks Rebound From CPI Sell-Off; Bitcoin Regains $1T Market Cap"
2024-02-14,S&P 500 has ‘room to rally’ before Fed rate cut under this stocks ‘playbook’
2024-02-14,S&P 500 Could Be in for a Disappointing Holiday Week
2024-02-14,"Dow Jones, S&P 500, Nasdaq All Up - Beyond the Bell"
2024-02-14,Dow Jones wavers as S&P 500 edges higher in Wednesday afternoon trading
2024-02-14,"Nasdaq Index, Dow Jones, S&P 500 News: Stocks Rebound After Inflation Worries Subside"
2024-02-14,This Stock Market Indicator Has Been 100% Accurate Since 1957. It Signals a Big Move in the S&P 500 in 2024.
2024-02-14,"S&P 500 has 'room to rally' before Fed rate cut, according to this stock 'playbook'"
2024-02-14,Stock momentum slams into a wall in S&P 500’s worst CPI day in years
2024-02-14,"Rising Vix likely portends more losses ahead for stocks, history shows"
2024-02-15,"Nvidia is expected to be the best performer in the S&P 500 through 2025, by this measure"
2024-02-15,"Nasdaq, S&P 500, Dow: Retail Sales Slide & Manufacturing Bounces"
2024-02-15,"Stock Market Today: Dow, S&P Live Updates for February 16"
2024-02-15,"S&P 500 Climbs as US Dollar, Rates Decline: Will the 5,000 Gap Fill Hold?"
2024-02-15,"Markets News, Feb. 15, 2024: Dow Leads Stocks Higher; Apple Slips as Berkshire Trims Stake"
2024-02-15,Exit Now! 3 S&P 500 Stocks to Sell in February 2024
2024-02-15,Stock Market Today: S&P 500 snaps 5-week win run as hotter inflation cools bulls By Investing.com
2024-02-15,Japan's Nikkei approaches all-time high; Hong Kong leads gains in Asia
2024-02-15,Stock market today: S&P 500 hits fresh record as stocks recover from CPI rout
2024-02-15,"S&P 500, Nasdaq 100, DJIA Forecast: Cracks in the Index Uptrends?"
2024-02-15,"Retail Sales Dive, Sinking Treasury Yields, But Don't Buy It; S&P 500 Rises"
2024-02-15,"Nasdaq Index, Dow Jones, S&P 500 News: Tech Sector Struggling, Consumer Goods Facing Challenges"
2024-02-15,'END OF THE AMERICAN EMPIRE?': Robert Kiyosaki warns the S&P 500 is 'about to crash by 70%' — compares the ...
2024-02-15,Corporate Leadership by Race
2024-02-15,"S&P 500, Dow climb as retail sales data cheers"
2024-02-15,"AI mentions rise in S&P 500 earnings calls, Goldman says"
2024-02-15,Is Stock Market Concentration Rising?
2024-02-15,"Nasdaq Index, Dow Jones, S&P 500 News: Inflation, Earnings Impacting Pre-Retail Sales"
2024-02-15,S&P 500 Price Forecast – S&P 500 Continues to Grind Higher
2024-02-15,S&P 500 chart is still bullish even as stronger headwinds hit the market
2024-02-15,"S&P 500 could hit 6500 by end-2025, says Capital Economics"
2024-02-15,"S&P 500, Nasdaq 100 and Nikkei 225 Move Higher Again"
2024-02-15,Stock indexes are breaking records and crossing milestones – making many investors feel wealthier
2024-02-15,Stocks set another record as S&P 500 closes at all-time high of 5029.73
2024-02-15,Even Warren Buffett is no match for the S&P 500
2024-02-15,The S&P 500 are running out of ideas–and they can't keep telling Wall Street that AI will fix all their problems
2024-02-15,S&P 500 Gains and Losses Today: Deere Shares Slide After Reduced Profit Outlook
2024-02-15,S&P 500 Earnings Mentions of AI Hits Record Level in Latest Quarter
2024-02-16,S&P 500 Gains and Losses Today: Applied Materials Jumps Amid AI-Driven Demand
2024-02-16,"S&P 500 Earnings Season Update: February 16, 2024"
2024-02-16,S&P 500 Weekly Price Forecast – S&P 500 Continues to Find Buyers on Dips
2024-02-16,"Stocks end lower as Dow, S&P 500 and Nasdaq snap five straight weeks of gains"
2024-02-16,6 Ways to Prepare for a Stock Market Crash
2024-02-16,"Nasdaq, S&P 500, Dow: Bullish Trends as Markets Eye Fed Officials’ Speeches, PPI Data"
2024-02-16,S&P 500 Price Forecast – S&P 500 Continues to Fly
2024-02-16,"Unstoppable Action: S&P 500 Hits Record High, Dow Soars 350 Points!"
2024-02-16,"Markets News, Feb. 16, 2024: Stocks Snap 5-Week Winning Streak After Another Hot Inflation Report"
2024-02-16,Warren Buffett's Berkshire Hathaway underperforms S&P 500
2024-02-16,"Nasdaq Index, Dow Jones, S&P 500 News: Investors Anticipating PPI’s Impact"
2024-02-16,"Amazon, Nvidia and Stock Market Records: Where Next for the S&P 500?"
2024-02-16,"Nasdaq Index, Dow Jones, S&P 500 News: Inflation Fears Weigh on Tech Sector"
2024-02-16,"Beating S&P 500 By 37% Since The Start Of 2023, Where Is Alphabet Stock Headed?"
2024-02-16,Citi strategist maintains bullish year-end call for S&P 500
2024-02-16,Bitcoin Exposure: MicroStrategy Eyes S&P 500 Listing
2024-02-16,Stock market rebounds from inflation-inspired dive — sending a message
2024-02-16,Wall Street slides as hot producer price data crimps rate cut bets
2024-02-16,The Week Ahead: S&P 500 Uptrend May Come Down to NVDA Earnings
2024-02-16,"Rate cuts remain the driver, S&P 500 about to test the highs again"
2024-02-16,Goldman Sachs raises S&P 500 price target on earnings strength By Investing.com
2024-02-16,"High inflation sinks S&P 500, gold prices as traders flock to USD"
2024-02-16,S&P 500 Approaches Key Resistance Ahead of PPI Report: What to Watch Out For
2024-02-16,Taxes could eat into investors’ cash just at the wrong time for the S&P 500
2024-02-16,"News updates from February 16: Russian opposition leader Alexei Navalny dies, Trump ordered to pay more than ..."
2024-02-16,"Stock Market Today: Dow Jones, S&P Give Up Gains"
2024-02-16,"Pharma, ride-share providers among most overbought S&P 500 stocks"
2024-02-16,S&P 500 Backs Away from All-Time High After PPI
2024-02-16,S&P 500 Snapshot: Index Snaps 5-Week Win Streak
2024-02-20,"Dow, S&P 500, Nasdaq all fall as market looks to Fed speakers, Nvidia earnings"
2024-02-20,"Goldman raises S&P 500 target to 5200, cites strong earnings"
2024-02-20,S&P 500 Price Forecast – S&P 500 Continues to Look For Buyers on Each Dip
2024-02-20,S&P 500 Gains and Losses Today: Chip Stocks Fall Ahead of Nvidia Earnings
2024-02-20,"UBS lifts S&P 500 year-end target to 5400, highest among top global brokerages"
2024-02-20,Daily Markets: Goldman Gives Rosy S&P 500 Forecast
2024-02-20,"World Street | Farmer protest in Europe hits Czech, S&P 500 sets target, EU lens on TikTok and more"
2024-02-20,S&P 500 Reporting Year-over-Year Revenue Growth for 13th Straight Quarter
2024-02-20,Goldman lifts S&P 500 target; profit optimism to drive rally
2024-02-20,S&P 500 Price Forecast – S&P 500 Continues to Look Bullish on Holiday
2024-02-20,World markets today: US stocks fall as early rate cut hopes fade | Mint
2024-02-20,"Nasdaq, S&P 500, Dow: BS Forecast Hits $5,400; Eyes on CB Leading Index"
2024-02-20,"AI stocks in S&P 500 are outperforming in 2024, and not just ‘Magnificent Seven’"
2024-02-20,Wall Street thinks stocks have room to run even higher than originally thought
2024-02-20,UBS lifts S&P 500 year-end target to 5400
2024-02-20,"S&P 500 Forecast: UBS Raises Target, Says Demand-Driven Inflation Good for Stocks"
2024-02-20,UBS Ratchets Up S&P 500 Outlook to Most Bullish on Wall Street
2024-02-20,"Stock Market 2024 Outlook: Goldman Hikes S&P 500 Price Target to 5,200"
2024-02-20,"SPX: S&P 500 Futures Dip Ahead of Shortened Week, Nvidia Earnings on Deck"
2024-02-20,"Nasdaq 100, Dow Jones, S&P 500 News: Home Depot Outperforms in Earnings Amid Sales Decline"
2024-02-20,5 Best-Performing S&P 500 Stocks Halfway Through Q1
2024-02-20,"UBS hikes its S&P 500 target to 5400, highest on Wall Street"
2024-02-20,"Nasdaq 100, Dow Jones, S&P 500 News: Nasdaq Stumbles as Nvidia Plummets"
2024-02-20,"Is 5,000 just a temporary pause for the S&P 500?"
2024-02-20,3 Best S&P 500 Index Funds for April 2024
2024-02-21,"Markets News, Feb. 21, 2024: Dow, S&P 500 Rally to Close Higher; Nasdaq Lags Ahead of Nvidia Earnings"
2024-02-21,"Russell 2000 Forms Potential Double Top; S&P 500, Nasdaq Approach Breakout Support"
2024-02-21,"Nvidia, Amazon, Apple: The Magnificent Seven Dominate the S&P 500"
2024-02-21,S&P 500 hits record high as Nvidia's blowout earnings keeps bulls marching on
2024-02-21,Amazon Is Joining the Dow Jones Industrial Average | Mint
2024-02-21,Stock Market Today: S&P 500 in record close as Nvidia rally keeps bulls in control By Investing.com
2024-02-21,"Nasdaq 100, Dow Jones, S&P 500 News: Investor Eyes on Nvidia, Fed Minutes for Market Insight"
2024-02-21,Fed Minutes: Stock Prices Becoming An Inflation Threat; S&P 500 Rises
2024-02-21,"S&P 500: Uncertainty Ahead of FOMC Data, Nvidia Report"
2024-02-21,Here Is the Only Stock Market Sector That Outperformed the S&P 500 Over the Last 5 Years
2024-02-21,S&P 500 to rise 30% over next two years: Strategist
2024-02-22,What's next for the S&P 500 after hitting a record? Nvidia is the key
2024-02-22,S&P 500 to end 2024 with small gain after strong 2023: Reuters poll
2024-02-22,"Markets News, Feb. 22, 2024: Nvidia Propels S&P 500 to Record; Nasdaq Soars to 2-Year High"
2024-02-22,Wall Street’s S&P 500 and Japan’s Nikkei hit record highs amid AI boom
2024-02-22,"World markets today: US stocks surge on robust Nvidia results, S&P 500 up 1.31%, Nasdaq climbs 2.13% | Mint"
2024-02-22,"S&P 500, Dow close slightly up; Nvidia gains after the bell"
2024-02-22,"Wall Street update: S&P 500, Dow ends mostly higher. Reason? Wave of buying"
2024-02-22,"Nasdaq Index, Dow Jones, S&P 500 News: Nvidia’s Earnings Fuel Market Surge"
2024-02-22,S&P 500 Gains and Losses Today: Nvidia Earnings Help Propel Index to Record High
2024-02-22,"S&P 500, Dow surge to record closing highs as Nvidia sparks AI frenzy"
2024-02-22,Nvidia's $250 Billion Surge Boosts S&P 500 To Record High
2024-02-22,AI-darling Nvidia's bumper results push S&P 500 to record high
2024-02-22,MicroStrategy S&P 500 Inclusion: Can Bitcoin Bet Push Firm into Largest 500 on Stock Market?
2024-02-22,S&P 500 Price Forecast – S&P 500 Continues to Look Bullish
2024-02-22,"Stock Market Today: Dow, S&P 500 clinch record close despite pause in tech rally By Investing.com"
2024-02-22,A good day for 401(k)s: S&P 500 and Dow hit new highs as Nvidia fervor takes hold of Wall Street
2024-02-22,"S&P 500, Dow rally to new records after Nvidia's record-breaking results"
2024-02-22,"Dow, S&P 500 close at record highs, Nvidia fuels rally"
2024-02-22,"Trailing S&P500 By 18% Since The Start Of 2023, What To Expect From Goldman Sachs Stock?"
2024-02-22,"S&P 500, Dow surge to record closing highs"
2024-02-22,"Nasdaq 100, Dow Jones, S&P 500 News: Nvidia’s Stellar Earnings Propel Tech Stocks"
2024-02-22,"S&P 500 Index has further to go, with year-end target of 5,100 – Deutsche Bank"
2024-02-22,"Top Stock Movers Now: Nvidia, Moderna, Etsy, and More"
2024-02-22,"Stock Market Today: Dow, S&P Live Updates for February 23"
2024-02-22,"Dow, S&P 500 surge to record highs after Nvidia earnings spark global rally"
2024-02-22,Stock Market Today: US equities climb on Thursday as S&P 500 drives into new all-time high
2024-02-23,"Nasdaq 100, Dow Jones, S&P 500 News: Bullish Trends Persist Amid Strong Earnings"
2024-02-23,U.S. stocks end mostly up as Dow and S&P 500 score fresh record highs
2024-02-23,"S&P, Dow eke out another record closing high as Nvidia momentum endures"
2024-02-23,UBS raises 2024 forecast for S&P 500 after ‘surge in AI investment’
2024-02-23,"Dow rises to close at fresh record, S&P 500 hits all-time high: Live updates"
2024-02-23,S&P 500: ESG vs normal index comparison 2024
2024-02-23,S&P 500 Gains and Losses Today: Dominion Energy Boosted by Wind Project Partnership
2024-02-23,"S&P 500 hits 5,100 milestone for 1st time buoyed by Nvidia earnings, Gift Nifty trades flat"
2024-02-23,"S&P 500, Dow surge to record closing highs as Nvidia sparks AI frenzy"
2024-02-23,"Nasdaq 100, Dow Jones, S&P 500 News: Early Market Reversals Raise Concerns"
2024-02-23,SPDR S&P 500 ETF tops record $500 bln in assets as Nvidia soars
2024-02-23,"New record for S&P 500, Dow Jones; Nasdaq jumps 3% fueled by Nvidia"
2024-02-23,"Nvidia shares surge 15%, set off rally on Wall Street"
2024-02-23,S&P 500 Weekly Price Forecast – S&P 500 Continues to See Upward Pressure
2024-02-23,These stocks are bargains even as the S&P 500 rallies to record highs
2024-02-23,"S&P 500, Dow Close at Record Highs - Beyond the Bell"
2024-02-23,Nvidia earnings toss S&P 500 to new high
2024-02-23,S&P 500 Price Forecast – S&P 500 Continues to Grind Around
2024-02-23,"Stock market today: S&P 500, Dow hit fresh records as Wall Street ends Nvidia-fueled rally week"
2024-02-23,Bank of America thinks these stocks are prime candidates to join S&P 500
2024-02-23,"Markets News, Feb. 23, 2024: Stocks Close Mixed to Cap Winning Week; Nvidia Briefly Tops $2T"
2024-02-23,"Stock Market News Today: Tech Rally Cools After S&P 500 Hits 5,100"
2024-02-23,SPY ETF Reaches Record High Amid Nvidia-Fueled AI Rally—Key Chart Pattern to Watch
2024-02-26,Berkshire Hathaway Stock Rises To Record High—Here's How Warren Buffett's Returns Compare To S&P 500
2024-02-26,"Nasdaq 100, Dow Jones, S&P 500 News: US Economic Strength Balances AI Rally, Profitability Concerns"
2024-02-26,S&P 500 Price Forecast – S&P 500 Looks For Direction
2024-02-26,State Street S&P 500 ETF doubles to $10bn since fee cut
2024-02-26,"Nasdaq Index, Dow Jones, S&P 500 News: Futures Dip Amid Record Highs, Inflation Data Anticipation"
2024-02-26,"Dow Jones, Nasdaq, S&P 500 weekly preview: How far can this rally go?"
2024-02-26,"Stock Market Today: S&P 500 closes higher as tech cuts losses, retailers shine By Investing.com"
2024-02-26,"Stock Market Today: Dow, S&P Live Updates for February 27"
2024-02-26,This week's S&P 500 trading outlook
2024-02-26,Invest in the S&P 500 From Australia – Forbes Advisor Australia
2024-02-26,Why international stocks may be ‘inexpensive hedge’ as S&P 500 outperforms world
2024-02-26,"Goldman Sees S&P 500 Stock Rally Broadening Beyond Magnificent Seven, Tech"
2024-02-26,"The S&P 500 closes lower on Monday, retreating from record, as rally pauses: Live updates"
2024-02-26,"Markets News, Feb. 26, 2024: Stocks Fall as Chip Rally Continues"
2024-02-26,E-mini S&P 500 Equal Weight futures: Classic index gets a new look
2024-02-26,S&P 500 Gains and Losses Today: Alphabet Shares Slide Amid AI Controversy
2024-02-26,S&P 500 Notches Another Record Closing High
2024-02-27,Ahead of Market: 10 things that will decide D-Street action on Wednesday
2024-02-27,S&P 500 Gains and Losses Today: Cruise Stocks Sail Higher Amid Strong Demand
2024-02-27,Citigroup Sees S&P 500 at 5700 in Goldilocks Scenario
2024-02-27,"Markets News, Feb. 27, 2024: Nasdaq, S&P 500 Advance as Dow Slips; Bitcoin Soars Above $57K"
2024-02-27,S&P 500 Closes Marginally Higher - Beyond the Bell
2024-02-27,S&P Launches Biodiversity-Focused Versions of S&P 500 and Global LargeMidCap Indices
2024-02-27,"Stock Markets Today: Bitcoin, Zoom, S&P 500, Dollar, Shein"
2024-02-27,Dow ends down nearly 100 points as stock rally stalls after run to records
2024-02-27,JPMorgan says the S&P 500 rally is at risk from a narrative shift
2024-02-27,Stock Market Outlook: History Shows the S&P 500 Isn't in a Bubble
2024-02-27,Barclays raises S&P 500 target to 5300
2024-02-27,"Nasdaq Index, Dow Jones, S&P 500 News: Wall Street Cautious Despite Stellar Monthly Performance"
2024-02-27,Nvidia adds record $277 billion in stock market value
2024-02-27,S&P 500 Price Forecast – S&P 500 Continues to See Buyers
2024-02-27,"Nasdaq 100, Dow Jones, S&P 500 News: Wall Street’s Mixed Signals Amid Economic Data Uncertainty"
2024-02-27,Stock Market Today: S&P 500 slips as tech struggles ahead of key inflation data By Investing.com
2024-02-27,Barclays believes the S&P 500 could hit 6000 soon — and it's not alone
2024-02-27,Stocks pause as key inflation data eyed
2024-02-27,State Street Europe S&P 500 ETF Hits $10B After Fee Cut
2024-02-27,S&P 500 Bull Market: 3 Simple Ways to Maximize Your Earnings Right Now
2024-02-27,"Barclays boosts S&P 500 target on strong US economy, Big Tech profits"
2024-02-28,"Markets News, Feb. 28, 2024: Nasdaq Slides; Bitcoin Briefly Tops $63K"
2024-02-28,"The S&P 500's valuation is in the 95th percentile vs. history, but Bank of America says investors shouldn't worry"
2024-02-28,"BMO: S&P 500 nearing 2024 price target, but still comfortable with target"
2024-02-28,"Nasdaq Index, Dow Jones, S&P 500 News: US Stock Futures Slip as Investors Await GDP Data"
2024-02-28,The Dow Vs. Nasdaq Vs. S&P 500
2024-02-28,"eBay Among Top S&P 500 Gainers With 8% Surge on Buoyant Results, Buyback Plan"
2024-02-28,S&P 500 Price Forecast – Wall Street Waits For Momentum
2024-02-28,S&P 500 Price Forecast – S&P 500 Treads Water
2024-02-28,This stock is now beating Nvidia’s as the top S&P 500 gainer for February
2024-02-28,Stock market today: Wall Street holds steady near record highs
2024-02-28,The Dow vs. Nasdaq vs. S&P 500: What's the difference?
2024-02-28,"Stock Market Outlook: Buy 'Egregiously Expensive' Stocks, BofA Says"
2024-02-28,"S&P 500: 8 Stocks Will Power The Run To Dow 40,000"
2024-02-28,Stock Market Today: Dow Jones ends lower for third straight session after revised GDP data
2024-02-28,This fund beat the S&P 500 without holding any Magnificent 7 stocks. Here's what they're buying right now
2024-02-28,"Nasdaq 100, Dow Jones, S&P 500 News: Wall Street Indexes Dip Ahead of Inflation Data"
2024-02-28,S&P 500 Gains and Losses Today: Index Slips After Downward Revision to GDP Growth
2024-02-28,Understanding Notional Value and How It Works
2024-02-28,"Stock Market Today: Dow, S&P Live Updates for February 29"
2024-02-29,S&P 500 History & Trends: What Does it Say About the Future of the Market?
2024-02-29,"The S&P 500 is overbought, but that doesn’t mean it’s time to sell"
2024-02-29,"Markets News, Feb. 29, 2024: Nasdaq Notches Record Close as Tech Stocks Surge"
2024-02-29,"Nasdaq 100, Dow Jones, S&P 500 News: Upward Momentum Stalls Ahead of Mid-Session"
2024-02-29,Nasdaq and S&P 500 soar to record highs as markets appear unsinkable
2024-02-29,"Stock Market Today: Dow, S&P Live Updates for March 1"
2024-02-29,S&P 500 Gains and Losses Today: Hormel Foods Shares Boosted by Volume Growth
2024-02-29,US stocks rise after in-line inflation data fuels rate cut hopes
2024-02-29,The Magnificent 7 Are Falling Like Dominos; Only 3 Remain
2024-02-29,Daily record highs across the S&P 500 are telling investors this rally is broadening
2024-02-29,S&P 500 Notches Best February In 9 Years
2024-02-29,S&P 500 Technical Analysis
2024-02-29,"An AI surprise could fuel a 20% rally for the S&P 500 in 2024, says UBS"
2024-02-29,S&P 500 Price Forecast – Stock Market Continues to Consolidate
2024-02-29,Stock Market Today: S&P 500 in record close as Nvidia-fueled tech rally continues
2024-02-29,"Stock Market News for Feb 29, 2024"
2024-02-29,"S&P 500: 2 Stocks Turn $10,000 Into $17,214 In 2 Months"
2024-02-29,Evercore ISI's Julian Emanuel explains why he's sticking to his S&P 500 target of 4750
2024-02-29,Nasdaq notches first record high close since 2021
2024-02-29,Merits and demerits of stock pundits
2024-02-29,"Something unusual is happening with the S&P 500, and it could mean more gains ahead"
2024-02-29,"Nasdaq Index, Dow Jones, S&P 500 News: Mixed Earnings Impacting Ahead of PCE Report"
2024-03-01,"Super Micro, Deckers stocks surge toward records on S&P 500 entrance"
2024-03-01,S&P 500 Gains and Losses Today: Reignited Tech Rally Lifts Index to Record High
2024-03-01,"S&P 500, Nasdaq close at fresh records on AI boost, easing yields"
2024-03-01,"Latest Changes to S&P 500 Rebalancing: Super Micro, Deckers to Join"
2024-03-01,Is S&P 500 in a bubble zone? JP Morgan says the indexs rally is at risk
2024-03-01,Super Micro surges as AI server maker set to join S&P 500
2024-03-01,"S&P 500, Nasdaq close at fresh records on AI boost, easing yields"
2024-03-01,"S&P 500, Nasdaq close first March session with record highs"
2024-03-01,S&P 500 Price Forecast – S&P 500 Continues to Look Bullish
2024-03-01,Wall St Week Ahead US value stocks draw bargain hunters while AI fever rages
2024-03-01,"News updates from March 1: Nvidia closes above $2tn valuation, Gunvor to plead guilty to US bribery charges"
2024-03-01,S&P 500 and Nasdaq 100 Roar to Record Highs on Tech Strength
2024-03-01,"US stock market: Equities gain on in-line US inflation, Treasury yields dip"
2024-03-01,"Stock market today: S&P 500 and Nasdaq hit fresh highs, Nvidia tops $2 trillion as rally rages"
2024-03-01,Super Micro to join S&P 500 after stock price soars more than twentyfold in two years
2024-03-01,"Stock market today: S&P 500, Nasdaq hit fresh records to cap best February in nearly a decade"
2024-03-01,"S&P 500, Nasdaq Hit Record Highs Amid Tech Boom"
2024-03-01,"S&P, Nasdaq end at records as inflation data supports rate cut view"
2024-03-01,"S&P 500, Nasdaq 100: Positive Returns in March Expected"
2024-03-01,US stock markets close at record highs as enthusiasm for AI drives gains
2024-03-01,"S&P 500, Nasdaq close at fresh records on AI boost"
2024-03-01,"S&P 500, NASDAQ Soar to New Records - Beyond the Bell"
2024-03-01,Spanish online bank to offer clients AI-derived S&P 500 and Europe price targets
2024-03-01,BofA says this S&P 500 rally could exceed 5400 By Investing.com
2024-03-01,"S&P 500, Nasdaq end down on first session of 2024"
2024-03-01,"U.S. stocks end higher Friday, with S&P 500 and Nasdaq closing at records"
2024-03-01,Super Micro Computer To Join the S&P 500 With UGG-Maker Decker Outdoors
2024-03-01,Analysts Making Smaller Cuts Than Average to EPS Estimates for S&P 500 Companies for Q1
2024-03-01,Stock Market Today: S&P 500 in record close as Nvidia-fueled tech rally continues
2024-03-01,"Super Micro, Deckers Outdoor Rise on S&P 500 Inclusion"
2024-03-01,"Nasdaq 100, Dow Jones, S&P 500 News: Tech Rally, Energy Rise Push Markets Upward"
2024-03-04,Super Micro shares jump as AI-bet gears up for S&P 500 entry
2024-03-04,S&P 500 edges lower as investors hold their breath ahead of economic data
2024-03-04,"Dow Jones, S&P 500 end lower as investors await Powell testimony"
2024-03-04,Super Micro pops more than 18% after S&P 500 selection
2024-03-04,Wall St dips after record-breaking rally; economic data on tap
2024-03-04,"Share Market Today LIVE: S&P 500, Nasdaq Composite registered record closing highs on Friday driven by AI stocks ..."
2024-03-04,"BofA raises S&P 500 year-end target to 5,400"
2024-03-04,Stock Market Outlook: S&P 500 to Pull Back Before Rally Resumes
2024-03-04,Workday falls after missing the cut for S&P 500 inclusion
2024-03-04,REITs vs. Stocks: What Does the Data Say?
2024-03-04,"Nasdaq Index, Dow Jones, S&P 500 News: Futures Mixed as Investors Eye Powell’s Testimony"
2024-03-04,"Nasdaq 100, Dow Jones, S&P 500 News: Cautious Trade as Investors Eye Fed Policy, Jobs Data"
2024-03-04,5 Things to Know Before the Stock Market Opens
2024-03-04,S&P 500’s breadth ‘still narrow’ after these four stocks fueled February gains
2024-03-04,"Bank of America boosts S&P 500 target to 5,400. Here’s how it got there."
2024-03-04,"Dow Jones, Nasdaq, S&P 500 weekly preview: Q4 earnings enter final stretch"
2024-03-04,"S&P 500's P/E Is Actually Lower Than Official Number, BofA Says | Chief Investment Officer"
2024-03-04,"Stock Market Today: Dow, S&P Live Updates for March 5"
2024-03-04,"Stock rally stalls as week begins, Nasdaq falls from record despite Nvidia gain: Live updates"
2024-03-04,S&P 500 Technical Analysis
2024-03-04,Super Micro's S&P 500 Inclusion Pushes Rally Past 1000%
2024-03-04,"Super Micro, Deckers to join S&P 500 index"
2024-03-04,"Big Tech-Led Rally Is Unlike Past Bubbles, Goldman Strategists Say"
2024-03-04,Nvidia among best-performing stocks that seem to be better values than a year ago
2024-03-04,Super Micro to be added to S&P 500; Is there more upside room?
2024-03-04,"Markets News, Mar. 4, 2024: Stocks Slump as Bitcoin Approaches $68K; Gold Closes at Record"
2024-03-04,The US equity market is one of the least concentrated in the world
2024-03-04,Zions (ZION) Loses Spot in S&P 500 as Concerns Over CRE Grows
2024-03-04,"S&P 500: Super Micro, Deckers Jump On News They'll Join Benchmark Index"
2024-03-04,S&P 500 Price Forecast – S&P 500 Continues to Look Strong
2024-03-04,S&P 500 Gains and Losses Today: Tesla Shares Tumble Amid Slowing China Sales
