ticker,date,open,high,low,close,volume
AAPL,2022-01-03,177.8300018310547,182.8800048828125,177.7100067138672,182.00999450683594,104487900
AAPL,2022-01-04,182.6300048828125,182.94000244140625,179.1199951171875,179.6999969482422,99310400
AAPL,2022-01-05,179.61000061035156,180.1699981689453,174.63999938964844,174.9199981689453,94537600
AAPL,2022-01-06,172.6999969482422,175.3000030517578,171.63999938964844,172.0,96904000
AAPL,2022-01-07,172.88999938964844,174.13999938964844,171.02999877929688,172.1699981689453,86709100
AAPL,2022-01-10,169.0800018310547,172.5,168.1699981689453,172.19000244140625,106765600
AAPL,2022-01-11,172.32000732421875,175.17999267578125,170.82000732421875,175.0800018310547,76138300
AAPL,2022-01-12,176.1199951171875,177.17999267578125,174.82000732421875,175.52999877929688,74805200
AAPL,2022-01-13,175.77999877929688,176.6199951171875,171.7899932861328,172.19000244140625,84505800
AAPL,2022-01-14,171.33999633789062,173.77999877929688,171.08999633789062,173.07000732421875,80440800
AAPL,2022-01-18,171.50999450683594,172.5399932861328,169.41000366210938,169.8000030517578,90956700
AAPL,2022-01-19,170.0,171.0800018310547,165.94000244140625,166.22999572753906,94815000
AAPL,2022-01-20,166.97999572753906,169.67999267578125,164.17999267578125,164.50999450683594,91420500
AAPL,2022-01-21,164.4199981689453,166.3300018310547,162.3000030517578,162.41000366210938,122848900
AAPL,2022-01-24,160.02000427246094,162.3000030517578,154.6999969482422,161.6199951171875,162294600
AAPL,2022-01-25,158.97999572753906,162.75999450683594,157.02000427246094,159.77999877929688,115798400
AAPL,2022-01-26,163.5,164.38999938964844,157.82000732421875,159.69000244140625,108275300
AAPL,2022-01-27,162.4499969482422,163.83999633789062,158.27999877929688,159.22000122070312,121954600
AAPL,2022-01-28,165.7100067138672,170.35000610351562,162.8000030517578,170.3300018310547,179935700
AAPL,2022-01-31,170.16000366210938,175.0,169.50999450683594,174.77999877929688,115541600
AAPL,2022-02-01,174.00999450683594,174.83999633789062,172.30999755859375,174.61000061035156,86213900
AAPL,2022-02-02,174.75,175.8800048828125,173.3300018310547,175.83999633789062,84914300
AAPL,2022-02-03,174.47999572753906,176.24000549316406,172.1199951171875,172.89999389648438,89418100
AAPL,2022-02-04,171.67999267578125,174.10000610351562,170.67999267578125,172.38999938964844,82465400
AAPL,2022-02-07,172.86000061035156,173.9499969482422,170.9499969482422,171.66000366210938,77251200
AAPL,2022-02-08,171.72999572753906,175.35000610351562,171.42999267578125,174.8300018310547,74829200
AAPL,2022-02-09,176.0500030517578,176.64999389648438,174.89999389648438,176.27999877929688,71285000
AAPL,2022-02-10,174.13999938964844,175.47999572753906,171.5500030517578,172.1199951171875,90865900
AAPL,2022-02-11,172.3300018310547,173.0800018310547,168.0399932861328,168.63999938964844,98670700
AAPL,2022-02-14,167.3699951171875,169.5800018310547,166.55999755859375,168.8800048828125,86185500
AAPL,2022-02-15,170.97000122070312,172.9499969482422,170.25,172.7899932861328,62527400
AAPL,2022-02-16,171.85000610351562,173.33999633789062,170.0500030517578,172.5500030517578,61177400
AAPL,2022-02-17,171.02999877929688,171.91000366210938,168.47000122070312,168.8800048828125,69589300
AAPL,2022-02-18,169.82000732421875,170.5399932861328,166.19000244140625,167.3000030517578,82772700
AAPL,2022-02-22,164.97999572753906,166.69000244140625,162.14999389648438,164.32000732421875,91162800
AAPL,2022-02-23,165.5399932861328,166.14999389648438,159.75,160.07000732421875,90009200
AAPL,2022-02-24,152.5800018310547,162.85000610351562,152.0,162.74000549316406,141147500
AAPL,2022-02-25,163.83999633789062,165.1199951171875,160.8699951171875,164.85000610351562,91974200
AAPL,2022-02-28,163.05999755859375,165.4199981689453,162.42999267578125,165.1199951171875,95056600
AAPL,2022-03-01,164.6999969482422,166.60000610351562,161.97000122070312,163.1999969482422,83474400
AAPL,2022-03-02,164.38999938964844,167.36000061035156,162.9499969482422,166.55999755859375,79724800
AAPL,2022-03-03,168.47000122070312,168.91000366210938,165.5500030517578,166.22999572753906,76678400
AAPL,2022-03-04,164.49000549316406,165.5500030517578,162.10000610351562,163.1699981689453,83737200
AAPL,2022-03-07,163.36000061035156,165.02000427246094,159.0399932861328,159.3000030517578,96418800
AAPL,2022-03-08,158.82000732421875,162.8800048828125,155.8000030517578,157.44000244140625,131148300
AAPL,2022-03-09,161.47999572753906,163.41000366210938,159.41000366210938,162.9499969482422,91454900
AAPL,2022-03-10,160.1999969482422,160.38999938964844,155.97999572753906,158.52000427246094,105342000
AAPL,2022-03-11,158.92999267578125,159.27999877929688,154.5,154.72999572753906,96970100
AAPL,2022-03-14,151.4499969482422,154.1199951171875,150.10000610351562,150.6199951171875,108732100
AAPL,2022-03-15,150.89999389648438,155.57000732421875,150.3800048828125,155.08999633789062,92964300
AAPL,2022-03-16,157.0500030517578,160.0,154.4600067138672,159.58999633789062,102300200
AAPL,2022-03-17,158.61000061035156,161.0,157.6300048828125,160.6199951171875,75615400
AAPL,2022-03-18,160.50999450683594,164.47999572753906,159.75999450683594,163.97999572753906,123511700
AAPL,2022-03-21,163.50999450683594,166.35000610351562,163.00999450683594,165.3800048828125,95811400
AAPL,2022-03-22,165.50999450683594,169.4199981689453,164.91000366210938,168.82000732421875,81532000
AAPL,2022-03-23,167.99000549316406,172.63999938964844,167.64999389648438,170.2100067138672,98062700
AAPL,2022-03-24,171.05999755859375,174.13999938964844,170.2100067138672,174.07000732421875,90131400
AAPL,2022-03-25,173.8800048828125,175.27999877929688,172.75,174.72000122070312,80546200
AAPL,2022-03-28,172.1699981689453,175.72999572753906,172.0,175.60000610351562,90371900
AAPL,2022-03-29,176.69000244140625,179.00999450683594,176.33999633789062,178.9600067138672,100589400
AAPL,2022-03-30,178.5500030517578,179.61000061035156,176.6999969482422,177.77000427246094,92633200
AAPL,2022-03-31,177.83999633789062,178.02999877929688,174.39999389648438,174.61000061035156,103049300
AAPL,2022-04-01,174.02999877929688,174.8800048828125,171.94000244140625,174.30999755859375,78751300
AAPL,2022-04-04,174.57000732421875,178.49000549316406,174.44000244140625,178.44000244140625,76468400
AAPL,2022-04-05,177.5,178.3000030517578,174.4199981689453,175.05999755859375,73401800
AAPL,2022-04-06,172.36000061035156,173.6300048828125,170.1300048828125,171.8300018310547,89058800
AAPL,2022-04-07,171.16000366210938,173.36000061035156,169.85000610351562,172.13999938964844,77594700
AAPL,2022-04-08,171.77999877929688,171.77999877929688,169.1999969482422,170.08999633789062,76575500
AAPL,2022-04-11,168.7100067138672,169.02999877929688,165.5,165.75,72246700
AAPL,2022-04-12,168.02000427246094,169.8699951171875,166.63999938964844,167.66000366210938,79265200
AAPL,2022-04-13,167.38999938964844,171.0399932861328,166.77000427246094,170.39999389648438,70618900
AAPL,2022-04-14,170.6199951171875,171.27000427246094,165.0399932861328,165.2899932861328,75329400
AAPL,2022-04-18,163.9199981689453,166.60000610351562,163.57000732421875,165.07000732421875,69023900
AAPL,2022-04-19,165.02000427246094,167.82000732421875,163.91000366210938,167.39999389648438,67723800
AAPL,2022-04-20,168.75999450683594,168.8800048828125,166.10000610351562,167.22999572753906,67929800
AAPL,2022-04-21,168.91000366210938,171.52999877929688,165.91000366210938,166.4199981689453,87227800
AAPL,2022-04-22,166.4600067138672,167.8699951171875,161.5,161.7899932861328,84882400
AAPL,2022-04-25,161.1199951171875,163.1699981689453,158.4600067138672,162.8800048828125,96046400
AAPL,2022-04-26,162.25,162.33999633789062,156.72000122070312,156.8000030517578,95623200
AAPL,2022-04-27,155.91000366210938,159.7899932861328,155.3800048828125,156.57000732421875,88063200
AAPL,2022-04-28,159.25,164.52000427246094,158.92999267578125,163.63999938964844,130216800
AAPL,2022-04-29,161.83999633789062,166.1999969482422,157.25,157.64999389648438,131747600
AAPL,2022-05-02,156.7100067138672,158.22999572753906,153.27000427246094,157.9600067138672,123055300
AAPL,2022-05-03,158.14999389648438,160.7100067138672,156.32000732421875,159.47999572753906,88966500
AAPL,2022-05-04,159.6699981689453,166.47999572753906,159.25999450683594,166.02000427246094,108256500
AAPL,2022-05-05,163.85000610351562,164.0800018310547,154.9499969482422,156.77000427246094,130525300
AAPL,2022-05-06,156.00999450683594,159.44000244140625,154.17999267578125,157.27999877929688,116124600
AAPL,2022-05-09,154.92999267578125,155.8300018310547,151.49000549316406,152.05999755859375,131577900
AAPL,2022-05-10,155.52000427246094,156.74000549316406,152.92999267578125,154.50999450683594,115366700
AAPL,2022-05-11,153.5,155.4499969482422,145.80999755859375,146.5,142689800
AAPL,2022-05-12,142.77000427246094,146.1999969482422,138.8000030517578,142.55999755859375,182602000
AAPL,2022-05-13,144.58999633789062,148.10000610351562,143.11000061035156,147.11000061035156,113990900
AAPL,2022-05-16,145.5500030517578,147.52000427246094,144.17999267578125,145.5399932861328,86643800
AAPL,2022-05-17,148.86000061035156,149.77000427246094,146.67999267578125,149.24000549316406,78336300
AAPL,2022-05-18,146.85000610351562,147.36000061035156,139.89999389648438,140.82000732421875,109742900
AAPL,2022-05-19,139.8800048828125,141.66000366210938,136.60000610351562,137.35000610351562,136095600
AAPL,2022-05-20,139.08999633789062,140.6999969482422,132.61000061035156,137.58999633789062,137426100
AAPL,2022-05-23,137.7899932861328,143.25999450683594,137.64999389648438,143.11000061035156,117726300
AAPL,2022-05-24,140.80999755859375,141.97000122070312,137.3300018310547,140.36000061035156,104132700
AAPL,2022-05-25,138.42999267578125,141.7899932861328,138.33999633789062,140.52000427246094,92482700
AAPL,2022-05-26,137.38999938964844,144.33999633789062,137.13999938964844,143.77999877929688,90601500
AAPL,2022-05-27,145.38999938964844,149.67999267578125,145.25999450683594,149.63999938964844,90978500
AAPL,2022-05-31,149.07000732421875,150.66000366210938,146.83999633789062,148.83999633789062,103718400
AAPL,2022-06-01,149.89999389648438,151.74000549316406,147.67999267578125,148.7100067138672,74286600
AAPL,2022-06-02,147.8300018310547,151.27000427246094,146.86000061035156,151.2100067138672,72348100
AAPL,2022-06-03,146.89999389648438,147.97000122070312,144.4600067138672,145.3800048828125,88570300
AAPL,2022-06-06,147.02999877929688,148.57000732421875,144.89999389648438,146.13999938964844,71598400
AAPL,2022-06-07,144.35000610351562,149.0,144.10000610351562,148.7100067138672,67808200
AAPL,2022-06-08,148.5800018310547,149.8699951171875,147.4600067138672,147.9600067138672,53950200
AAPL,2022-06-09,147.0800018310547,147.9499969482422,142.52999877929688,142.63999938964844,69473000
AAPL,2022-06-10,140.27999877929688,140.75999450683594,137.05999755859375,137.1300048828125,91437900
AAPL,2022-06-13,132.8699951171875,135.1999969482422,131.44000244140625,131.8800048828125,122207100
AAPL,2022-06-14,133.1300048828125,133.88999938964844,131.47999572753906,132.75999450683594,84784300
AAPL,2022-06-15,134.2899932861328,137.33999633789062,132.16000366210938,135.42999267578125,91533000
AAPL,2022-06-16,132.0800018310547,132.38999938964844,129.0399932861328,130.05999755859375,108123900
AAPL,2022-06-17,130.07000732421875,133.0800018310547,129.80999755859375,131.55999755859375,134520300
AAPL,2022-06-21,133.4199981689453,137.05999755859375,133.32000732421875,135.8699951171875,81000500
AAPL,2022-06-22,134.7899932861328,137.75999450683594,133.91000366210938,135.35000610351562,73409200
AAPL,2022-06-23,136.82000732421875,138.58999633789062,135.6300048828125,138.27000427246094,72433800
AAPL,2022-06-24,139.89999389648438,141.91000366210938,139.77000427246094,141.66000366210938,89116800
AAPL,2022-06-27,142.6999969482422,143.49000549316406,140.97000122070312,141.66000366210938,70207900
AAPL,2022-06-28,142.1300048828125,143.4199981689453,137.32000732421875,137.44000244140625,67083400
AAPL,2022-06-29,137.4600067138672,140.6699981689453,136.6699981689453,139.22999572753906,66242400
AAPL,2022-06-30,137.25,138.3699951171875,133.77000427246094,136.72000122070312,98964500
AAPL,2022-07-01,136.0399932861328,139.0399932861328,135.66000366210938,138.92999267578125,71051600
AAPL,2022-07-05,137.77000427246094,141.61000061035156,136.92999267578125,141.55999755859375,73353800
AAPL,2022-07-06,141.35000610351562,144.1199951171875,141.0800018310547,142.9199981689453,74064300
AAPL,2022-07-07,143.2899932861328,146.5500030517578,143.27999877929688,146.35000610351562,66253700
AAPL,2022-07-08,145.25999450683594,147.5500030517578,145.0,147.0399932861328,64547800
AAPL,2022-07-11,145.6699981689453,146.63999938964844,143.77999877929688,144.8699951171875,63141600
AAPL,2022-07-12,145.75999450683594,148.4499969482422,145.0500030517578,145.86000061035156,77588800
AAPL,2022-07-13,142.99000549316406,146.4499969482422,142.1199951171875,145.49000549316406,71185600
AAPL,2022-07-14,144.0800018310547,148.9499969482422,143.25,148.47000122070312,78140700
AAPL,2022-07-15,149.77999877929688,150.86000061035156,148.1999969482422,150.1699981689453,76259900
AAPL,2022-07-18,150.74000549316406,151.57000732421875,146.6999969482422,147.07000732421875,81420900
AAPL,2022-07-19,147.9199981689453,151.22999572753906,146.91000366210938,151.0,82982400
AAPL,2022-07-20,151.1199951171875,153.72000122070312,150.3699951171875,153.0399932861328,64823400
AAPL,2022-07-21,154.5,155.57000732421875,151.94000244140625,155.35000610351562,65086600
AAPL,2022-07-22,155.38999938964844,156.27999877929688,153.41000366210938,154.08999633789062,66675400
AAPL,2022-07-25,154.00999450683594,155.0399932861328,152.27999877929688,152.9499969482422,53623900
AAPL,2022-07-26,152.25999450683594,153.08999633789062,150.8000030517578,151.60000610351562,55138700
AAPL,2022-07-27,152.5800018310547,157.3300018310547,152.16000366210938,156.7899932861328,78620700
AAPL,2022-07-28,156.97999572753906,157.63999938964844,154.41000366210938,157.35000610351562,81378700
AAPL,2022-07-29,161.24000549316406,163.6300048828125,159.5,162.50999450683594,101786900
AAPL,2022-08-01,161.00999450683594,163.58999633789062,160.88999938964844,161.50999450683594,67829400
AAPL,2022-08-02,160.10000610351562,162.41000366210938,159.6300048828125,160.00999450683594,59907000
AAPL,2022-08-03,160.83999633789062,166.58999633789062,160.75,166.1300048828125,82507500
AAPL,2022-08-04,166.00999450683594,167.19000244140625,164.42999267578125,165.80999755859375,55474100
AAPL,2022-08-05,163.2100067138672,165.85000610351562,163.0,165.35000610351562,56697000
AAPL,2022-08-08,166.3699951171875,167.80999755859375,164.1999969482422,164.8699951171875,60276900
AAPL,2022-08-09,164.02000427246094,165.82000732421875,163.25,164.9199981689453,63135500
AAPL,2022-08-10,167.67999267578125,169.33999633789062,166.89999389648438,169.24000549316406,70170500
AAPL,2022-08-11,170.05999755859375,170.99000549316406,168.19000244140625,168.49000549316406,57149200
AAPL,2022-08-12,169.82000732421875,172.1699981689453,169.39999389648438,172.10000610351562,68039400
AAPL,2022-08-15,171.52000427246094,173.38999938964844,171.35000610351562,173.19000244140625,54091700
AAPL,2022-08-16,172.77999877929688,173.7100067138672,171.66000366210938,173.02999877929688,56377100
AAPL,2022-08-17,172.77000427246094,176.14999389648438,172.57000732421875,174.5500030517578,79542000
AAPL,2022-08-18,173.75,174.89999389648438,173.1199951171875,174.14999389648438,62290100
AAPL,2022-08-19,173.02999877929688,173.74000549316406,171.30999755859375,171.52000427246094,70346300
AAPL,2022-08-22,169.69000244140625,169.86000061035156,167.13999938964844,167.57000732421875,69026800
AAPL,2022-08-23,167.0800018310547,168.7100067138672,166.64999389648438,167.22999572753906,54147100
AAPL,2022-08-24,167.32000732421875,168.11000061035156,166.25,167.52999877929688,53841500
AAPL,2022-08-25,168.77999877929688,170.13999938964844,168.35000610351562,170.02999877929688,51218200
AAPL,2022-08-26,170.57000732421875,171.0500030517578,163.55999755859375,163.6199951171875,78961000
AAPL,2022-08-29,161.14999389648438,162.89999389648438,159.82000732421875,161.3800048828125,73314000
AAPL,2022-08-30,162.1300048828125,162.55999755859375,157.72000122070312,158.91000366210938,77906200
AAPL,2022-08-31,160.30999755859375,160.5800018310547,157.13999938964844,157.22000122070312,87991100
AAPL,2022-09-01,156.63999938964844,158.4199981689453,154.6699981689453,157.9600067138672,74229900
AAPL,2022-09-02,159.75,160.36000061035156,154.97000122070312,155.80999755859375,76957800
AAPL,2022-09-06,156.47000122070312,157.08999633789062,153.69000244140625,154.52999877929688,73714800
AAPL,2022-09-07,154.82000732421875,156.6699981689453,153.61000061035156,155.9600067138672,87449600
AAPL,2022-09-08,154.63999938964844,156.36000061035156,152.67999267578125,154.4600067138672,84923800
AAPL,2022-09-09,155.47000122070312,157.82000732421875,154.75,157.3699951171875,68028800
AAPL,2022-09-12,159.58999633789062,164.25999450683594,159.3000030517578,163.42999267578125,104956000
AAPL,2022-09-13,159.89999389648438,160.5399932861328,153.3699951171875,153.83999633789062,122656600
AAPL,2022-09-14,154.7899932861328,157.10000610351562,153.61000061035156,155.30999755859375,87965400
AAPL,2022-09-15,154.64999389648438,155.24000549316406,151.3800048828125,152.3699951171875,90481100
AAPL,2022-09-16,151.2100067138672,151.35000610351562,148.3699951171875,150.6999969482422,162278800
AAPL,2022-09-19,149.30999755859375,154.55999755859375,149.10000610351562,154.47999572753906,81474200
AAPL,2022-09-20,153.39999389648438,158.0800018310547,153.0800018310547,156.89999389648438,107689800
AAPL,2022-09-21,157.33999633789062,158.74000549316406,153.60000610351562,153.72000122070312,101696800
AAPL,2022-09-22,152.3800048828125,154.47000122070312,150.91000366210938,152.74000549316406,86652500
AAPL,2022-09-23,151.19000244140625,151.47000122070312,148.55999755859375,150.42999267578125,96029900
AAPL,2022-09-26,149.66000366210938,153.77000427246094,149.63999938964844,150.77000427246094,93339400
AAPL,2022-09-27,152.74000549316406,154.72000122070312,149.9499969482422,151.75999450683594,84442700
AAPL,2022-09-28,147.63999938964844,150.63999938964844,144.83999633789062,149.83999633789062,146691400
AAPL,2022-09-29,146.10000610351562,146.72000122070312,140.67999267578125,142.47999572753906,128138200
AAPL,2022-09-30,141.27999877929688,143.10000610351562,138.0,138.1999969482422,124925300
AAPL,2022-10-03,138.2100067138672,143.07000732421875,137.69000244140625,142.4499969482422,114311700
AAPL,2022-10-04,145.02999877929688,146.22000122070312,144.25999450683594,146.10000610351562,87830100
AAPL,2022-10-05,144.07000732421875,147.3800048828125,143.00999450683594,146.39999389648438,79471000
AAPL,2022-10-06,145.80999755859375,147.5399932861328,145.22000122070312,145.42999267578125,68402200
AAPL,2022-10-07,142.5399932861328,143.10000610351562,139.4499969482422,140.08999633789062,85925600
AAPL,2022-10-10,140.4199981689453,141.88999938964844,138.57000732421875,140.4199981689453,74899000
AAPL,2022-10-11,139.89999389648438,141.35000610351562,138.22000122070312,138.97999572753906,77033700
AAPL,2022-10-12,139.1300048828125,140.36000061035156,138.16000366210938,138.33999633789062,70433700
AAPL,2022-10-13,134.99000549316406,143.58999633789062,134.3699951171875,142.99000549316406,113224000
AAPL,2022-10-14,144.30999755859375,144.52000427246094,138.19000244140625,138.3800048828125,88598000
AAPL,2022-10-17,141.07000732421875,142.89999389648438,140.27000427246094,142.41000366210938,85250900
AAPL,2022-10-18,145.49000549316406,146.6999969482422,140.61000061035156,143.75,99136600
AAPL,2022-10-19,141.69000244140625,144.9499969482422,141.5,143.86000061035156,61758300
AAPL,2022-10-20,143.02000427246094,145.88999938964844,142.64999389648438,143.38999938964844,64522000
AAPL,2022-10-21,142.8699951171875,147.85000610351562,142.64999389648438,147.27000427246094,86548600
AAPL,2022-10-24,147.19000244140625,150.22999572753906,146.0,149.4499969482422,75981900
AAPL,2022-10-25,150.08999633789062,152.49000549316406,149.36000061035156,152.33999633789062,74732300
AAPL,2022-10-26,150.9600067138672,151.99000549316406,148.0399932861328,149.35000610351562,88194300
AAPL,2022-10-27,148.07000732421875,149.0500030517578,144.1300048828125,144.8000030517578,109180200
AAPL,2022-10-28,148.1999969482422,157.5,147.82000732421875,155.74000549316406,164762400
AAPL,2022-10-31,153.16000366210938,154.24000549316406,151.9199981689453,153.33999633789062,97943200
AAPL,2022-11-01,155.0800018310547,155.4499969482422,149.1300048828125,150.64999389648438,80379300
AAPL,2022-11-02,148.9499969482422,152.1699981689453,145.0,145.02999877929688,93604600
AAPL,2022-11-03,142.05999755859375,142.8000030517578,138.75,138.8800048828125,97918500
AAPL,2022-11-04,142.08999633789062,142.6699981689453,134.3800048828125,138.3800048828125,140814800
AAPL,2022-11-07,137.11000061035156,139.14999389648438,135.6699981689453,138.9199981689453,83374600
AAPL,2022-11-08,140.41000366210938,141.42999267578125,137.49000549316406,139.5,89908500
AAPL,2022-11-09,138.5,138.5500030517578,134.58999633789062,134.8699951171875,74917800
AAPL,2022-11-10,141.24000549316406,146.8699951171875,139.5,146.8699951171875,118854000
AAPL,2022-11-11,145.82000732421875,150.00999450683594,144.3699951171875,149.6999969482422,93979700
AAPL,2022-11-14,148.97000122070312,150.27999877929688,147.42999267578125,148.27999877929688,73374100
AAPL,2022-11-15,152.22000122070312,153.58999633789062,148.55999755859375,150.0399932861328,89868300
AAPL,2022-11-16,149.1300048828125,149.8699951171875,147.2899932861328,148.7899932861328,64218300
AAPL,2022-11-17,146.42999267578125,151.47999572753906,146.14999389648438,150.72000122070312,80389400
AAPL,2022-11-18,152.30999755859375,152.6999969482422,149.97000122070312,151.2899932861328,74829600
AAPL,2022-11-21,150.16000366210938,150.3699951171875,147.72000122070312,148.00999450683594,58724100
AAPL,2022-11-22,148.1300048828125,150.4199981689453,146.92999267578125,150.17999267578125,51804100
AAPL,2022-11-23,149.4499969482422,151.8300018310547,149.33999633789062,151.07000732421875,58301400
AAPL,2022-11-25,148.30999755859375,148.8800048828125,147.1199951171875,148.11000061035156,35195900
AAPL,2022-11-28,145.13999938964844,146.63999938964844,143.3800048828125,144.22000122070312,69246000
AAPL,2022-11-29,144.2899932861328,144.80999755859375,140.35000610351562,141.1699981689453,83763800
AAPL,2022-11-30,141.39999389648438,148.72000122070312,140.5500030517578,148.02999877929688,111380900
AAPL,2022-12-01,148.2100067138672,149.1300048828125,146.61000061035156,148.30999755859375,71250400
AAPL,2022-12-02,145.9600067138672,148.0,145.64999389648438,147.80999755859375,65447400
AAPL,2022-12-05,147.77000427246094,150.9199981689453,145.77000427246094,146.6300048828125,68826400
AAPL,2022-12-06,147.07000732421875,147.3000030517578,141.9199981689453,142.91000366210938,64727200
AAPL,2022-12-07,142.19000244140625,143.3699951171875,140.0,140.94000244140625,69721100
AAPL,2022-12-08,142.36000061035156,143.52000427246094,141.10000610351562,142.64999389648438,62128300
AAPL,2022-12-09,142.33999633789062,145.57000732421875,140.89999389648438,142.16000366210938,76097000
AAPL,2022-12-12,142.6999969482422,144.5,141.05999755859375,144.49000549316406,70462700
AAPL,2022-12-13,149.5,149.97000122070312,144.24000549316406,145.47000122070312,93886200
AAPL,2022-12-14,145.35000610351562,146.66000366210938,141.16000366210938,143.2100067138672,82291200
AAPL,2022-12-15,141.11000061035156,141.8000030517578,136.02999877929688,136.5,98931900
AAPL,2022-12-16,136.69000244140625,137.64999389648438,133.72999572753906,134.50999450683594,160156900
AAPL,2022-12-19,135.11000061035156,135.1999969482422,131.32000732421875,132.3699951171875,79592600
AAPL,2022-12-20,131.38999938964844,133.25,129.88999938964844,132.3000030517578,77432800
AAPL,2022-12-21,132.97999572753906,136.80999755859375,132.75,135.4499969482422,85928000
AAPL,2022-12-22,134.35000610351562,134.55999755859375,130.3000030517578,132.22999572753906,77852100
AAPL,2022-12-23,130.9199981689453,132.4199981689453,129.63999938964844,131.86000061035156,63814900
AAPL,2022-12-27,131.3800048828125,131.41000366210938,128.72000122070312,130.02999877929688,69007800
AAPL,2022-12-28,129.6699981689453,131.02999877929688,125.87000274658203,126.04000091552734,85438400
AAPL,2022-12-29,127.98999786376953,130.47999572753906,127.7300033569336,129.61000061035156,75703700
AAPL,2022-12-30,128.41000366210938,129.9499969482422,127.43000030517578,129.92999267578125,77034200
AAPL,2023-01-03,130.27999877929688,130.89999389648438,124.16999816894531,125.06999969482422,112117500
AAPL,2023-01-04,126.88999938964844,128.66000366210938,125.08000183105469,126.36000061035156,89113600
AAPL,2023-01-05,127.12999725341797,127.7699966430664,124.76000213623047,125.0199966430664,80962700
AAPL,2023-01-06,126.01000213623047,130.2899932861328,124.88999938964844,129.6199951171875,87754700
AAPL,2023-01-09,130.47000122070312,133.41000366210938,129.88999938964844,130.14999389648438,70790800
AAPL,2023-01-10,130.25999450683594,131.25999450683594,128.1199951171875,130.72999572753906,63896200
AAPL,2023-01-11,131.25,133.50999450683594,130.4600067138672,133.49000549316406,69458900
AAPL,2023-01-12,133.8800048828125,134.25999450683594,131.44000244140625,133.41000366210938,71379600
AAPL,2023-01-13,132.02999877929688,134.9199981689453,131.66000366210938,134.75999450683594,57809700
AAPL,2023-01-17,134.8300018310547,137.2899932861328,134.1300048828125,135.94000244140625,63646600
AAPL,2023-01-18,136.82000732421875,138.61000061035156,135.02999877929688,135.2100067138672,69672800
AAPL,2023-01-19,134.0800018310547,136.25,133.77000427246094,135.27000427246094,58280400
AAPL,2023-01-20,135.27999877929688,138.02000427246094,134.22000122070312,137.8699951171875,80223600
AAPL,2023-01-23,138.1199951171875,143.32000732421875,137.89999389648438,141.11000061035156,81760300
AAPL,2023-01-24,140.30999755859375,143.16000366210938,140.3000030517578,142.52999877929688,66435100
AAPL,2023-01-25,140.88999938964844,142.42999267578125,138.80999755859375,141.86000061035156,65799300
AAPL,2023-01-26,143.1699981689453,144.25,141.89999389648438,143.9600067138672,54105100
AAPL,2023-01-27,143.16000366210938,147.22999572753906,143.0800018310547,145.92999267578125,70555800
AAPL,2023-01-30,144.9600067138672,145.5500030517578,142.85000610351562,143.0,64015300
AAPL,2023-01-31,142.6999969482422,144.33999633789062,142.27999877929688,144.2899932861328,65874500
AAPL,2023-02-01,143.97000122070312,146.61000061035156,141.32000732421875,145.42999267578125,77663600
AAPL,2023-02-02,148.89999389648438,151.17999267578125,148.1699981689453,150.82000732421875,118339000
AAPL,2023-02-03,148.02999877929688,157.3800048828125,147.8300018310547,154.5,154357300
AAPL,2023-02-06,152.57000732421875,153.10000610351562,150.77999877929688,151.72999572753906,69858300
AAPL,2023-02-07,150.63999938964844,155.22999572753906,150.63999938964844,154.64999389648438,83322600
AAPL,2023-02-08,153.8800048828125,154.5800018310547,151.1699981689453,151.9199981689453,64120100
AAPL,2023-02-09,153.77999877929688,154.3300018310547,150.4199981689453,150.8699951171875,56007100
AAPL,2023-02-10,149.4600067138672,151.33999633789062,149.22000122070312,151.00999450683594,57450700
AAPL,2023-02-13,150.9499969482422,154.25999450683594,150.9199981689453,153.85000610351562,62199000
AAPL,2023-02-14,152.1199951171875,153.77000427246094,150.86000061035156,153.1999969482422,61707600
AAPL,2023-02-15,153.11000061035156,155.5,152.8800048828125,155.3300018310547,65573800
AAPL,2023-02-16,153.50999450683594,156.3300018310547,153.35000610351562,153.7100067138672,68167900
AAPL,2023-02-17,152.35000610351562,153.0,150.85000610351562,152.5500030517578,59144100
AAPL,2023-02-21,150.1999969482422,151.3000030517578,148.41000366210938,148.47999572753906,58867200
AAPL,2023-02-22,148.8699951171875,149.9499969482422,147.16000366210938,148.91000366210938,51011300
AAPL,2023-02-23,150.08999633789062,150.33999633789062,147.24000549316406,149.39999389648438,48394200
AAPL,2023-02-24,147.11000061035156,147.19000244140625,145.72000122070312,146.7100067138672,55469600
AAPL,2023-02-27,147.7100067138672,149.1699981689453,147.4499969482422,147.9199981689453,44998500
AAPL,2023-02-28,147.0500030517578,149.0800018310547,146.8300018310547,147.41000366210938,50547000
AAPL,2023-03-01,146.8300018310547,147.22999572753906,145.00999450683594,145.30999755859375,55479000
AAPL,2023-03-02,144.3800048828125,146.7100067138672,143.89999389648438,145.91000366210938,52238100
AAPL,2023-03-03,148.0399932861328,151.11000061035156,147.3300018310547,151.02999877929688,70732300
AAPL,2023-03-06,153.7899932861328,156.3000030517578,153.4600067138672,153.8300018310547,87558000
AAPL,2023-03-07,153.6999969482422,154.02999877929688,151.1300048828125,151.60000610351562,56182000
AAPL,2023-03-08,152.80999755859375,153.47000122070312,151.8300018310547,152.8699951171875,47204800
AAPL,2023-03-09,153.55999755859375,154.5399932861328,150.22999572753906,150.58999633789062,53833600
AAPL,2023-03-10,150.2100067138672,150.94000244140625,147.61000061035156,148.5,68572400
AAPL,2023-03-13,147.80999755859375,153.13999938964844,147.6999969482422,150.47000122070312,84457100
AAPL,2023-03-14,151.27999877929688,153.39999389648438,150.10000610351562,152.58999633789062,73695900
AAPL,2023-03-15,151.19000244140625,153.25,149.9199981689453,152.99000549316406,77167900
AAPL,2023-03-16,152.16000366210938,156.4600067138672,151.63999938964844,155.85000610351562,76161100
AAPL,2023-03-17,156.0800018310547,156.74000549316406,154.27999877929688,155.0,98944600
AAPL,2023-03-20,155.07000732421875,157.82000732421875,154.14999389648438,157.39999389648438,73641400
AAPL,2023-03-21,157.32000732421875,159.39999389648438,156.5399932861328,159.27999877929688,73938300
AAPL,2023-03-22,159.3000030517578,162.13999938964844,157.80999755859375,157.8300018310547,75701800
AAPL,2023-03-23,158.8300018310547,161.5500030517578,157.67999267578125,158.92999267578125,67622100
AAPL,2023-03-24,158.86000061035156,160.33999633789062,157.85000610351562,160.25,59196500
AAPL,2023-03-27,159.94000244140625,160.77000427246094,157.8699951171875,158.27999877929688,52390300
AAPL,2023-03-28,157.97000122070312,158.49000549316406,155.97999572753906,157.64999389648438,45992200
AAPL,2023-03-29,159.3699951171875,161.0500030517578,159.35000610351562,160.77000427246094,51305700
AAPL,2023-03-30,161.52999877929688,162.47000122070312,161.27000427246094,162.36000061035156,49501700
AAPL,2023-03-31,162.44000244140625,165.0,161.91000366210938,164.89999389648438,68749800
AAPL,2023-04-03,164.27000427246094,166.2899932861328,164.22000122070312,166.1699981689453,56976200
AAPL,2023-04-04,166.60000610351562,166.83999633789062,165.11000061035156,165.6300048828125,46278300
AAPL,2023-04-05,164.74000549316406,165.0500030517578,161.8000030517578,163.75999450683594,51511700
AAPL,2023-04-06,162.42999267578125,164.9600067138672,162.0,164.66000366210938,45390100
AAPL,2023-04-10,161.4199981689453,162.02999877929688,160.0800018310547,162.02999877929688,47716900
AAPL,2023-04-11,162.35000610351562,162.36000061035156,160.50999450683594,160.8000030517578,47644200
AAPL,2023-04-12,161.22000122070312,162.05999755859375,159.77999877929688,160.10000610351562,50133100
AAPL,2023-04-13,161.6300048828125,165.8000030517578,161.4199981689453,165.55999755859375,68445600
AAPL,2023-04-14,164.58999633789062,166.32000732421875,163.82000732421875,165.2100067138672,49386500
AAPL,2023-04-17,165.08999633789062,165.38999938964844,164.02999877929688,165.22999572753906,41516200
AAPL,2023-04-18,166.10000610351562,167.41000366210938,165.64999389648438,166.47000122070312,49923000
AAPL,2023-04-19,165.8000030517578,168.16000366210938,165.5399932861328,167.6300048828125,47720200
AAPL,2023-04-20,166.08999633789062,167.8699951171875,165.55999755859375,166.64999389648438,52456400
AAPL,2023-04-21,165.0500030517578,166.4499969482422,164.49000549316406,165.02000427246094,58337300
AAPL,2023-04-24,165.0,165.60000610351562,163.88999938964844,165.3300018310547,41949600
AAPL,2023-04-25,165.19000244140625,166.30999755859375,163.72999572753906,163.77000427246094,48714100
AAPL,2023-04-26,163.05999755859375,165.27999877929688,162.8000030517578,163.75999450683594,45498800
AAPL,2023-04-27,165.19000244140625,168.55999755859375,165.19000244140625,168.41000366210938,64902300
AAPL,2023-04-28,168.49000549316406,169.85000610351562,167.8800048828125,169.67999267578125,55275900
AAPL,2023-05-01,169.27999877929688,170.4499969482422,168.63999938964844,169.58999633789062,52472900
AAPL,2023-05-02,170.08999633789062,170.35000610351562,167.5399932861328,168.5399932861328,48425700
AAPL,2023-05-03,169.5,170.9199981689453,167.16000366210938,167.4499969482422,65136000
AAPL,2023-05-04,164.88999938964844,167.0399932861328,164.30999755859375,165.7899932861328,81235400
AAPL,2023-05-05,170.97999572753906,174.3000030517578,170.75999450683594,173.57000732421875,113453200
AAPL,2023-05-08,172.47999572753906,173.85000610351562,172.11000061035156,173.5,55962800
AAPL,2023-05-09,173.0500030517578,173.5399932861328,171.60000610351562,171.77000427246094,45326900
AAPL,2023-05-10,173.02000427246094,174.02999877929688,171.89999389648438,173.55999755859375,53724500
AAPL,2023-05-11,173.85000610351562,174.58999633789062,172.1699981689453,173.75,49514700
AAPL,2023-05-12,173.6199951171875,174.05999755859375,171.0,172.57000732421875,45533100
AAPL,2023-05-15,173.16000366210938,173.2100067138672,171.47000122070312,172.07000732421875,37266700
AAPL,2023-05-16,171.99000549316406,173.13999938964844,171.8000030517578,172.07000732421875,42110300
AAPL,2023-05-17,171.7100067138672,172.92999267578125,170.4199981689453,172.69000244140625,57951600
AAPL,2023-05-18,173.0,175.24000549316406,172.5800018310547,175.0500030517578,65496700
AAPL,2023-05-19,176.38999938964844,176.38999938964844,174.94000244140625,175.16000366210938,55809500
AAPL,2023-05-22,173.97999572753906,174.7100067138672,173.4499969482422,174.1999969482422,43570900
AAPL,2023-05-23,173.1300048828125,173.3800048828125,171.27999877929688,171.55999755859375,50747300
AAPL,2023-05-24,171.08999633789062,172.4199981689453,170.52000427246094,171.83999633789062,45143500
AAPL,2023-05-25,172.41000366210938,173.89999389648438,171.69000244140625,172.99000549316406,56058300
AAPL,2023-05-26,173.32000732421875,175.77000427246094,173.11000061035156,175.42999267578125,54835000
AAPL,2023-05-30,176.9600067138672,178.99000549316406,176.57000732421875,177.3000030517578,55964400
AAPL,2023-05-31,177.3300018310547,179.35000610351562,176.75999450683594,177.25,99625300
AAPL,2023-06-01,177.6999969482422,180.1199951171875,176.92999267578125,180.08999633789062,68901800
AAPL,2023-06-02,181.02999877929688,181.77999877929688,179.25999450683594,180.9499969482422,61996900
AAPL,2023-06-05,182.6300048828125,184.9499969482422,178.0399932861328,179.5800018310547,121946500
AAPL,2023-06-06,179.97000122070312,180.1199951171875,177.42999267578125,179.2100067138672,64848400
AAPL,2023-06-07,178.44000244140625,181.2100067138672,177.32000732421875,177.82000732421875,61944600
AAPL,2023-06-08,177.89999389648438,180.83999633789062,177.4600067138672,180.57000732421875,50214900
AAPL,2023-06-09,181.5,182.22999572753906,180.6300048828125,180.9600067138672,48900000
AAPL,2023-06-12,181.27000427246094,183.88999938964844,180.97000122070312,183.7899932861328,54274900
AAPL,2023-06-13,182.8000030517578,184.14999389648438,182.44000244140625,183.30999755859375,54929100
AAPL,2023-06-14,183.3699951171875,184.38999938964844,182.02000427246094,183.9499969482422,57462900
AAPL,2023-06-15,183.9600067138672,186.52000427246094,183.77999877929688,186.00999450683594,65433200
AAPL,2023-06-16,186.72999572753906,186.99000549316406,184.27000427246094,184.9199981689453,101256200
AAPL,2023-06-20,184.41000366210938,186.10000610351562,184.41000366210938,185.00999450683594,49799100
AAPL,2023-06-21,184.89999389648438,185.41000366210938,182.58999633789062,183.9600067138672,49515700
AAPL,2023-06-22,183.74000549316406,187.0500030517578,183.6699981689453,187.0,51245300
AAPL,2023-06-23,185.5500030517578,187.55999755859375,185.00999450683594,186.67999267578125,53117000
AAPL,2023-06-26,186.8300018310547,188.0500030517578,185.22999572753906,185.27000427246094,48088700
AAPL,2023-06-27,185.88999938964844,188.38999938964844,185.6699981689453,188.05999755859375,50730800
AAPL,2023-06-28,187.92999267578125,189.89999389648438,187.60000610351562,189.25,51216800
AAPL,2023-06-29,189.0800018310547,190.07000732421875,188.94000244140625,189.58999633789062,46347300
AAPL,2023-06-30,191.6300048828125,194.47999572753906,191.25999450683594,193.97000122070312,85213200
AAPL,2023-07-03,193.77999877929688,193.8800048828125,191.75999450683594,192.4600067138672,31458200
AAPL,2023-07-05,191.57000732421875,192.97999572753906,190.6199951171875,191.3300018310547,46920300
AAPL,2023-07-06,189.83999633789062,192.02000427246094,189.1999969482422,191.80999755859375,45094300
AAPL,2023-07-07,191.41000366210938,192.6699981689453,190.24000549316406,190.67999267578125,46815000
AAPL,2023-07-10,189.25999450683594,189.99000549316406,187.0399932861328,188.61000061035156,59922200
AAPL,2023-07-11,189.16000366210938,189.3000030517578,186.60000610351562,188.0800018310547,46638100
AAPL,2023-07-12,189.67999267578125,191.6999969482422,188.47000122070312,189.77000427246094,60750200
AAPL,2023-07-13,190.5,191.19000244140625,189.77999877929688,190.5399932861328,41342300
AAPL,2023-07-14,190.22999572753906,191.17999267578125,189.6300048828125,190.69000244140625,41616200
AAPL,2023-07-17,191.89999389648438,194.32000732421875,191.80999755859375,193.99000549316406,50520200
AAPL,2023-07-18,193.35000610351562,194.3300018310547,192.4199981689453,193.72999572753906,48288200
AAPL,2023-07-19,193.10000610351562,198.22999572753906,192.64999389648438,195.10000610351562,80507300
AAPL,2023-07-20,195.08999633789062,196.47000122070312,192.5,193.1300048828125,59581200
AAPL,2023-07-21,194.10000610351562,194.97000122070312,191.22999572753906,191.94000244140625,71951700
AAPL,2023-07-24,193.41000366210938,194.91000366210938,192.25,192.75,45377800
AAPL,2023-07-25,193.3300018310547,194.44000244140625,192.9199981689453,193.6199951171875,37283200
AAPL,2023-07-26,193.6699981689453,195.63999938964844,193.32000732421875,194.5,47471900
AAPL,2023-07-27,196.02000427246094,197.1999969482422,192.5500030517578,193.22000122070312,47460200
AAPL,2023-07-28,194.6699981689453,196.6300048828125,194.13999938964844,195.8300018310547,48291400
AAPL,2023-07-31,196.05999755859375,196.49000549316406,195.25999450683594,196.4499969482422,38824100
AAPL,2023-08-01,196.24000549316406,196.72999572753906,195.27999877929688,195.61000061035156,35175100
AAPL,2023-08-02,195.0399932861328,195.17999267578125,191.85000610351562,192.5800018310547,50389300
AAPL,2023-08-03,191.57000732421875,192.3699951171875,190.69000244140625,191.1699981689453,61235200
AAPL,2023-08-04,185.52000427246094,187.3800048828125,181.9199981689453,181.99000549316406,115956800
AAPL,2023-08-07,182.1300048828125,183.1300048828125,177.35000610351562,178.85000610351562,97576100
AAPL,2023-08-08,179.69000244140625,180.27000427246094,177.5800018310547,179.8000030517578,67823000
AAPL,2023-08-09,180.8699951171875,180.92999267578125,177.00999450683594,178.19000244140625,60378500
AAPL,2023-08-10,179.47999572753906,180.75,177.60000610351562,177.97000122070312,54686900
AAPL,2023-08-11,177.32000732421875,178.6199951171875,176.5500030517578,177.7899932861328,52036700
AAPL,2023-08-14,177.97000122070312,179.69000244140625,177.30999755859375,179.4600067138672,43675600
AAPL,2023-08-15,178.8800048828125,179.47999572753906,177.0500030517578,177.4499969482422,43622600
AAPL,2023-08-16,177.1300048828125,178.5399932861328,176.5,176.57000732421875,46964900
AAPL,2023-08-17,177.13999938964844,177.50999450683594,173.47999572753906,174.0,66062900
AAPL,2023-08-18,172.3000030517578,175.10000610351562,171.9600067138672,174.49000549316406,61172200
AAPL,2023-08-21,175.07000732421875,176.1300048828125,173.74000549316406,175.83999633789062,46311900
AAPL,2023-08-22,177.05999755859375,177.67999267578125,176.25,177.22999572753906,42038900
AAPL,2023-08-23,178.52000427246094,181.5500030517578,178.3300018310547,181.1199951171875,52722800
AAPL,2023-08-24,180.6699981689453,181.10000610351562,176.00999450683594,176.3800048828125,54945800
AAPL,2023-08-25,177.3800048828125,179.14999389648438,175.82000732421875,178.61000061035156,51449600
AAPL,2023-08-28,180.08999633789062,180.58999633789062,178.5500030517578,180.19000244140625,43820700
AAPL,2023-08-29,179.6999969482422,184.89999389648438,179.5,184.1199951171875,53003900
AAPL,2023-08-30,184.94000244140625,187.85000610351562,184.74000549316406,187.64999389648438,60813900
AAPL,2023-08-31,187.83999633789062,189.1199951171875,187.47999572753906,187.8699951171875,60794500
AAPL,2023-09-01,189.49000549316406,189.9199981689453,188.27999877929688,189.4600067138672,45766500
AAPL,2023-09-05,188.27999877929688,189.97999572753906,187.61000061035156,189.6999969482422,45280000
AAPL,2023-09-06,188.39999389648438,188.85000610351562,181.47000122070312,182.91000366210938,81755800
AAPL,2023-09-07,175.17999267578125,178.2100067138672,173.5399932861328,177.55999755859375,112488800
AAPL,2023-09-08,178.35000610351562,180.24000549316406,177.7899932861328,178.17999267578125,65551300
AAPL,2023-09-11,180.07000732421875,180.3000030517578,177.33999633789062,179.36000061035156,58953100
AAPL,2023-09-12,179.49000549316406,180.1300048828125,174.82000732421875,176.3000030517578,90370200
AAPL,2023-09-13,176.50999450683594,177.3000030517578,173.97999572753906,174.2100067138672,84267900
AAPL,2023-09-14,174.0,176.10000610351562,173.5800018310547,175.74000549316406,60895800
AAPL,2023-09-15,176.47999572753906,176.5,173.82000732421875,175.00999450683594,109259500
AAPL,2023-09-18,176.47999572753906,179.3800048828125,176.1699981689453,177.97000122070312,67257600
AAPL,2023-09-19,177.52000427246094,179.6300048828125,177.1300048828125,179.07000732421875,51826900
AAPL,2023-09-20,179.25999450683594,179.6999969482422,175.39999389648438,175.49000549316406,58436200
AAPL,2023-09-21,174.5500030517578,176.3000030517578,173.86000061035156,173.92999267578125,63149100
AAPL,2023-09-22,174.6699981689453,177.0800018310547,174.0500030517578,174.7899932861328,56725400
AAPL,2023-09-25,174.1999969482422,176.97000122070312,174.14999389648438,176.0800018310547,46172700
AAPL,2023-09-26,174.82000732421875,175.1999969482422,171.66000366210938,171.9600067138672,64588900
AAPL,2023-09-27,172.6199951171875,173.0399932861328,169.0500030517578,170.42999267578125,66921800
AAPL,2023-09-28,169.33999633789062,172.02999877929688,167.6199951171875,170.69000244140625,56294400
AAPL,2023-09-29,172.02000427246094,173.07000732421875,170.33999633789062,171.2100067138672,51861100
AAPL,2023-10-02,171.22000122070312,174.3000030517578,170.92999267578125,173.75,52164500
AAPL,2023-10-03,172.25999450683594,173.6300048828125,170.82000732421875,172.39999389648438,49594600
AAPL,2023-10-04,171.08999633789062,174.2100067138672,170.97000122070312,173.66000366210938,53020300
AAPL,2023-10-05,173.7899932861328,175.4499969482422,172.67999267578125,174.91000366210938,48527900
AAPL,2023-10-06,173.8000030517578,177.99000549316406,173.17999267578125,177.49000549316406,57266700
AAPL,2023-10-09,176.80999755859375,179.0500030517578,175.8000030517578,178.99000549316406,42390800
AAPL,2023-10-10,178.10000610351562,179.72000122070312,177.9499969482422,178.38999938964844,43698000
AAPL,2023-10-11,178.1999969482422,179.85000610351562,177.60000610351562,179.8000030517578,47551100
AAPL,2023-10-12,180.07000732421875,182.33999633789062,179.0399932861328,180.7100067138672,56743100
AAPL,2023-10-13,181.4199981689453,181.92999267578125,178.13999938964844,178.85000610351562,51427100
AAPL,2023-10-16,176.75,179.0800018310547,176.50999450683594,178.72000122070312,52517000
AAPL,2023-10-17,176.64999389648438,178.4199981689453,174.8000030517578,177.14999389648438,57549400
AAPL,2023-10-18,175.5800018310547,177.5800018310547,175.11000061035156,175.83999633789062,54764400
AAPL,2023-10-19,176.0399932861328,177.83999633789062,175.19000244140625,175.4600067138672,59302900
AAPL,2023-10-20,175.30999755859375,175.4199981689453,172.63999938964844,172.8800048828125,64244000
AAPL,2023-10-23,170.91000366210938,174.00999450683594,169.92999267578125,173.0,55980100
AAPL,2023-10-24,173.0500030517578,173.6699981689453,171.4499969482422,173.44000244140625,43816600
AAPL,2023-10-25,171.8800048828125,173.05999755859375,170.64999389648438,171.10000610351562,57157000
AAPL,2023-10-26,170.3699951171875,171.3800048828125,165.6699981689453,166.88999938964844,70625300
AAPL,2023-10-27,166.91000366210938,168.9600067138672,166.8300018310547,168.22000122070312,58499100
AAPL,2023-10-30,169.02000427246094,171.1699981689453,168.8699951171875,170.2899932861328,51131000
AAPL,2023-10-31,169.35000610351562,170.89999389648438,167.89999389648438,170.77000427246094,44846000
AAPL,2023-11-01,171.0,174.22999572753906,170.1199951171875,173.97000122070312,56934900
AAPL,2023-11-02,175.52000427246094,177.77999877929688,175.4600067138672,177.57000732421875,77334800
AAPL,2023-11-03,174.24000549316406,176.82000732421875,173.35000610351562,176.64999389648438,79829200
AAPL,2023-11-06,176.3800048828125,179.42999267578125,176.2100067138672,179.22999572753906,63841300
AAPL,2023-11-07,179.17999267578125,182.44000244140625,178.97000122070312,181.82000732421875,70530000
AAPL,2023-11-08,182.35000610351562,183.4499969482422,181.58999633789062,182.88999938964844,49340300
AAPL,2023-11-09,182.9600067138672,184.1199951171875,181.80999755859375,182.41000366210938,53763500
AAPL,2023-11-10,183.97000122070312,186.57000732421875,183.52999877929688,186.39999389648438,66133400
AAPL,2023-11-13,185.82000732421875,186.02999877929688,184.2100067138672,184.8000030517578,43627500
AAPL,2023-11-14,187.6999969482422,188.11000061035156,186.3000030517578,187.44000244140625,60108400
AAPL,2023-11-15,187.85000610351562,189.5,187.77999877929688,188.00999450683594,53790500
AAPL,2023-11-16,189.57000732421875,190.9600067138672,188.64999389648438,189.7100067138672,54412900
AAPL,2023-11-17,190.25,190.3800048828125,188.57000732421875,189.69000244140625,50922700
AAPL,2023-11-20,189.88999938964844,191.91000366210938,189.8800048828125,191.4499969482422,46505100
AAPL,2023-11-21,191.41000366210938,191.52000427246094,189.74000549316406,190.63999938964844,38134500
AAPL,2023-11-22,191.49000549316406,192.92999267578125,190.8300018310547,191.30999755859375,39617700
AAPL,2023-11-24,190.8699951171875,190.89999389648438,189.25,189.97000122070312,24048300
AAPL,2023-11-27,189.9199981689453,190.6699981689453,188.89999389648438,189.7899932861328,40552600
AAPL,2023-11-28,189.77999877929688,191.0800018310547,189.39999389648438,190.39999389648438,38415400
AAPL,2023-11-29,190.89999389648438,192.08999633789062,188.97000122070312,189.3699951171875,43014200
AAPL,2023-11-30,189.83999633789062,190.32000732421875,188.19000244140625,189.9499969482422,48794400
AAPL,2023-12-01,190.3300018310547,191.55999755859375,189.22999572753906,191.24000549316406,45704800
AAPL,2023-12-04,189.97999572753906,190.0500030517578,187.4499969482422,189.42999267578125,43389500
AAPL,2023-12-05,190.2100067138672,194.39999389648438,190.17999267578125,193.4199981689453,66628400
AAPL,2023-12-06,194.4499969482422,194.75999450683594,192.11000061035156,192.32000732421875,41089700
AAPL,2023-12-07,193.6300048828125,195.0,193.58999633789062,194.27000427246094,47477700
AAPL,2023-12-08,194.1999969482422,195.99000549316406,193.6699981689453,195.7100067138672,53406400
AAPL,2023-12-11,193.11000061035156,193.49000549316406,191.4199981689453,193.17999267578125,60943700
AAPL,2023-12-12,193.0800018310547,194.72000122070312,191.72000122070312,194.7100067138672,52696900
AAPL,2023-12-13,195.08999633789062,198.0,194.85000610351562,197.9600067138672,70404200
AAPL,2023-12-14,198.02000427246094,199.6199951171875,196.16000366210938,198.11000061035156,66831600
AAPL,2023-12-15,197.52999877929688,198.39999389648438,197.0,197.57000732421875,128538400
AAPL,2023-12-18,196.08999633789062,196.6300048828125,194.38999938964844,195.88999938964844,55751900
AAPL,2023-12-19,196.16000366210938,196.9499969482422,195.88999938964844,196.94000244140625,40714100
AAPL,2023-12-20,196.89999389648438,197.67999267578125,194.8300018310547,194.8300018310547,52242800
AAPL,2023-12-21,196.10000610351562,197.0800018310547,193.5,194.67999267578125,46482500
AAPL,2023-12-22,195.17999267578125,195.41000366210938,192.97000122070312,193.60000610351562,37149600
AAPL,2023-12-26,193.61000061035156,193.88999938964844,192.8300018310547,193.0500030517578,28919300
AAPL,2023-12-27,192.49000549316406,193.5,191.08999633789062,193.14999389648438,48087700
AAPL,2023-12-28,194.13999938964844,194.66000366210938,193.1699981689453,193.5800018310547,34049900
AAPL,2023-12-29,193.89999389648438,194.39999389648438,191.72999572753906,192.52999877929688,42672100
AAPL,2024-01-02,187.14999389648438,188.44000244140625,183.88999938964844,185.63999938964844,82488700
AAPL,2024-01-03,184.22000122070312,185.8800048828125,183.42999267578125,184.25,58414500
AAPL,2024-01-04,182.14999389648438,183.08999633789062,180.8800048828125,181.91000366210938,71983600
AAPL,2024-01-05,181.99000549316406,182.75999450683594,180.1699981689453,181.17999267578125,62379700
AAPL,2024-01-08,182.08999633789062,185.60000610351562,181.5,185.55999755859375,59144500
AAPL,2024-01-09,183.9199981689453,185.14999389648438,182.72999572753906,185.13999938964844,42841800
AAPL,2024-01-10,184.35000610351562,186.39999389648438,183.9199981689453,186.19000244140625,46792900
AAPL,2024-01-11,186.5399932861328,187.0500030517578,183.6199951171875,185.58999633789062,49128400
AAPL,2024-01-12,186.05999755859375,186.74000549316406,185.19000244140625,185.9199981689453,40477800
AAPL,2024-01-16,182.16000366210938,184.25999450683594,180.92999267578125,183.6300048828125,65603000
AAPL,2024-01-17,181.27000427246094,182.92999267578125,180.3000030517578,182.67999267578125,47317400
AAPL,2024-01-18,186.08999633789062,189.13999938964844,185.8300018310547,188.6300048828125,78005800
AAPL,2024-01-19,189.3300018310547,191.9499969482422,188.82000732421875,191.55999755859375,68903000
AAPL,2024-01-22,192.3000030517578,195.3300018310547,192.25999450683594,193.88999938964844,60133900
AAPL,2024-01-23,195.02000427246094,195.75,193.8300018310547,195.17999267578125,42355600
AAPL,2024-01-24,195.4199981689453,196.3800048828125,194.33999633789062,194.5,53631300
AAPL,2024-01-25,195.22000122070312,196.27000427246094,193.11000061035156,194.1699981689453,54822100
AAPL,2024-01-26,194.27000427246094,194.75999450683594,191.94000244140625,192.4199981689453,44594000
AAPL,2024-01-29,192.00999450683594,192.1999969482422,189.5800018310547,191.72999572753906,47145600
AAPL,2024-01-30,190.94000244140625,191.8000030517578,187.47000122070312,188.0399932861328,55859400
AAPL,2024-01-31,187.0399932861328,187.10000610351562,184.35000610351562,184.39999389648438,55467800
AAPL,2024-02-01,183.99000549316406,186.9499969482422,183.82000732421875,186.86000061035156,64885400
AAPL,2024-02-02,179.86000061035156,187.3300018310547,179.25,185.85000610351562,102551700
AAPL,2024-02-05,188.14999389648438,189.25,185.83999633789062,187.67999267578125,69668800
AAPL,2024-02-06,186.86000061035156,189.30999755859375,186.77000427246094,189.3000030517578,43490800
AAPL,2024-02-07,190.63999938964844,191.0500030517578,188.61000061035156,189.41000366210938,53439000
AAPL,2024-02-08,189.38999938964844,189.5399932861328,187.35000610351562,188.32000732421875,40962000
AAPL,2024-02-09,188.64999389648438,189.99000549316406,188.0,188.85000610351562,45155200
AAPL,2024-02-12,188.4199981689453,188.6699981689453,186.7899932861328,187.14999389648438,41781900
AAPL,2024-02-13,185.77000427246094,186.2100067138672,183.50999450683594,185.0399932861328,56529500
AAPL,2024-02-14,185.32000732421875,185.52999877929688,182.44000244140625,184.14999389648438,54630500
AAPL,2024-02-15,183.5500030517578,184.49000549316406,181.35000610351562,183.86000061035156,65434500
AAPL,2024-02-16,183.4199981689453,184.85000610351562,181.6699981689453,182.30999755859375,49752500
AAPL,2024-02-20,181.7899932861328,182.42999267578125,180.0,181.55999755859375,53665600
AAPL,2024-02-21,181.94000244140625,182.88999938964844,180.66000366210938,182.32000732421875,41371400
AAPL,2024-02-22,183.47999572753906,184.9600067138672,182.4600067138672,184.3699951171875,52292200
AAPL,2024-02-23,185.00999450683594,185.0399932861328,182.22999572753906,182.52000427246094,45119700
AAPL,2024-02-26,182.24000549316406,182.75999450683594,180.64999389648438,181.16000366210938,40867400
AAPL,2024-02-27,181.10000610351562,183.9199981689453,179.55999755859375,182.6300048828125,54318900
AAPL,2024-02-28,182.50999450683594,183.1199951171875,180.1300048828125,181.4199981689453,48953900
AAPL,2024-02-29,181.27000427246094,182.57000732421875,179.52999877929688,180.75,136682600
AAPL,2024-03-01,179.5500030517578,180.52999877929688,177.3800048828125,179.66000366210938,73563100
AAPL,2024-03-04,176.14999389648438,176.89999389648438,173.7899932861328,175.10000610351562,81510100
AAPL,2024-03-05,170.75999450683594,172.0399932861328,169.6199951171875,170.1199951171875,95132400
AAPL,2024-03-06,171.05999755859375,171.24000549316406,168.67999267578125,169.1199951171875,68587700
AAPL,2024-03-07,169.14999389648438,170.72999572753906,168.49000549316406,169.0,71765100
AAPL,2024-03-08,169.0,173.6999969482422,168.94000244140625,170.72999572753906,76267000
AAPL,2024-03-11,172.94000244140625,174.3800048828125,172.0500030517578,172.75,60139500
AAPL,2024-03-12,173.14999389648438,174.02999877929688,171.00999450683594,173.22999572753906,59825400
AAPL,2024-03-13,172.77000427246094,173.19000244140625,170.75999450683594,171.1300048828125,52488700
AAPL,2024-03-14,172.91000366210938,174.30999755859375,172.0500030517578,173.0,72913500
AAPL,2024-03-15,171.1699981689453,172.6199951171875,170.2899932861328,172.6199951171875,121752700
AAPL,2024-03-18,175.57000732421875,177.7100067138672,173.52000427246094,173.72000122070312,75604200
AAPL,2024-03-19,174.33999633789062,176.61000061035156,173.02999877929688,176.0800018310547,55215200
AAPL,2024-03-20,175.72000122070312,178.6699981689453,175.08999633789062,178.6699981689453,53423100
AAPL,2024-03-21,177.0500030517578,177.49000549316406,170.83999633789062,171.3699951171875,106181300
AAPL,2024-03-22,171.75999450683594,173.0500030517578,170.05999755859375,172.27999877929688,71160100
AAPL,2024-03-25,170.57000732421875,171.94000244140625,169.4499969482422,170.85000610351562,54288300
AAPL,2024-03-26,170.0,171.4199981689453,169.5800018310547,169.7100067138672,57388400
AAPL,2024-03-27,170.41000366210938,173.60000610351562,170.11000061035156,173.30999755859375,60273300
AAPL,2024-03-28,171.75,172.22999572753906,170.50999450683594,171.47999572753906,65672700
MSFT,2022-01-03,335.3500061035156,338.0,329.7799987792969,334.75,28865100
MSFT,2022-01-04,334.8299865722656,335.20001220703125,326.1199951171875,329.010009765625,32674300
MSFT,2022-01-05,325.8599853515625,326.07000732421875,315.9800109863281,316.3800048828125,40054300
MSFT,2022-01-06,313.1499938964844,318.70001220703125,311.489990234375,313.8800048828125,39646100
MSFT,2022-01-07,314.1499938964844,316.5,310.0899963378906,314.0400085449219,32720000
MSFT,2022-01-10,309.489990234375,314.7200012207031,304.69000244140625,314.2699890136719,44289500
MSFT,2022-01-11,313.3800048828125,316.6099853515625,309.8900146484375,314.9800109863281,29386800
MSFT,2022-01-12,319.6700134277344,323.4100036621094,317.0799865722656,318.2699890136719,34372200
MSFT,2022-01-13,320.4700012207031,320.8800048828125,304.0,304.79998779296875,45366000
MSFT,2022-01-14,304.25,310.82000732421875,303.75,310.20001220703125,39846400
MSFT,2022-01-18,304.07000732421875,309.79998779296875,301.739990234375,302.6499938964844,42333200
MSFT,2022-01-19,306.2900085449219,313.9100036621094,302.70001220703125,303.3299865722656,45933900
MSFT,2022-01-20,309.07000732421875,311.6499938964844,301.1400146484375,301.6000061035156,35380700
MSFT,2022-01-21,302.69000244140625,304.1099853515625,295.6099853515625,296.0299987792969,57984400
MSFT,2022-01-24,292.20001220703125,297.1099853515625,276.04998779296875,296.3699951171875,85731500
MSFT,2022-01-25,291.5199890136719,294.989990234375,285.1700134277344,288.489990234375,72848600
MSFT,2022-01-26,307.989990234375,308.5,293.0299987792969,296.7099914550781,90428900
MSFT,2022-01-27,302.6600036621094,307.29998779296875,297.92999267578125,299.8399963378906,53481300
MSFT,2022-01-28,300.2300109863281,308.4800109863281,294.45001220703125,308.260009765625,49743700
MSFT,2022-01-31,308.95001220703125,312.3800048828125,306.3699951171875,310.9800109863281,46444500
MSFT,2022-02-01,310.4100036621094,310.6300048828125,305.1300048828125,308.760009765625,40950400
MSFT,2022-02-02,309.6300048828125,315.1199951171875,308.8800048828125,313.4599914550781,36636000
MSFT,2022-02-03,309.489990234375,311.2300109863281,299.9599914550781,301.25,43730000
MSFT,2022-02-04,300.2099914550781,308.79998779296875,299.9700012207031,305.94000244140625,35096500
MSFT,2022-02-07,306.1700134277344,307.8399963378906,299.8999938964844,300.95001220703125,28533300
MSFT,2022-02-08,301.25,305.55999755859375,299.95001220703125,304.55999755859375,32421200
MSFT,2022-02-09,309.8699951171875,311.92999267578125,307.3900146484375,311.2099914550781,31284700
MSFT,2022-02-10,304.0400085449219,309.1199951171875,300.70001220703125,302.3800048828125,45386200
MSFT,2022-02-11,303.19000244140625,304.2900085449219,294.2200012207031,295.0400085449219,39175600
MSFT,2022-02-14,293.7699890136719,296.760009765625,291.3500061035156,295.0,36359500
MSFT,2022-02-15,300.010009765625,300.79998779296875,297.0199890136719,300.4700012207031,27058300
MSFT,2022-02-16,298.3699951171875,300.8699951171875,293.67999267578125,299.5,29982100
MSFT,2022-02-17,296.3599853515625,296.79998779296875,290.0,290.7300109863281,32461600
MSFT,2022-02-18,293.04998779296875,293.8599853515625,286.30999755859375,287.92999267578125,34264000
MSFT,2022-02-22,285.0,291.5400085449219,284.5,287.7200012207031,41736100
MSFT,2022-02-23,290.17999267578125,291.70001220703125,280.1000061035156,280.2699890136719,37811200
MSFT,2022-02-24,272.510009765625,295.1600036621094,271.5199890136719,294.5899963378906,56989700
MSFT,2022-02-25,295.1400146484375,297.6300048828125,291.6499938964844,297.30999755859375,32546700
MSFT,2022-02-28,294.30999755859375,299.1400146484375,293.0,298.7900085449219,34627500
MSFT,2022-03-01,296.3999938964844,299.9700012207031,292.1499938964844,294.95001220703125,31217800
MSFT,2022-03-02,295.3599853515625,301.4700012207031,293.70001220703125,300.19000244140625,31873000
MSFT,2022-03-03,302.8900146484375,303.1300048828125,294.04998779296875,295.9200134277344,27314500
MSFT,2022-03-04,294.2900085449219,295.6600036621094,287.1700134277344,289.8599853515625,32356500
MSFT,2022-03-07,288.5299987792969,289.69000244140625,278.5299987792969,278.9100036621094,43157200
MSFT,2022-03-08,277.79998779296875,283.9599914550781,270.0,275.8500061035156,48159500
MSFT,2022-03-09,283.44000244140625,289.6000061035156,280.7799987792969,288.5,35204500
MSFT,2022-03-10,283.0199890136719,286.6000061035156,280.5799865722656,285.5899963378906,30628000
MSFT,2022-03-11,287.9599914550781,289.510009765625,279.42999267578125,280.07000732421875,27209300
MSFT,2022-03-14,280.3399963378906,285.3999938964844,275.82000732421875,276.44000244140625,30660700
MSFT,2022-03-15,280.3500061035156,287.82000732421875,278.7300109863281,287.1499938964844,34245100
MSFT,2022-03-16,289.1099853515625,294.57000732421875,283.20001220703125,294.3900146484375,37826300
MSFT,2022-03-17,293.2900085449219,295.6099853515625,289.3699951171875,295.2200012207031,30816600
MSFT,2022-03-18,295.3699951171875,301.0,292.7300109863281,300.42999267578125,43390600
MSFT,2022-03-21,298.8900146484375,300.1400146484375,294.8999938964844,299.1600036621094,28351200
MSFT,2022-03-22,299.79998779296875,305.0,298.7699890136719,304.05999755859375,27599700
MSFT,2022-03-23,300.510009765625,303.2300109863281,297.7200012207031,299.489990234375,25715400
MSFT,2022-03-24,299.1400146484375,304.20001220703125,298.32000732421875,304.1000061035156,24484500
MSFT,2022-03-25,305.2300109863281,305.5,299.2900085449219,303.67999267578125,22566500
MSFT,2022-03-28,304.3299865722656,310.79998779296875,304.3299865722656,310.70001220703125,29578200
MSFT,2022-03-29,313.9100036621094,315.82000732421875,309.04998779296875,315.4100036621094,30393400
MSFT,2022-03-30,313.760009765625,315.95001220703125,311.5799865722656,313.8599853515625,28163600
MSFT,2022-03-31,313.8999938964844,315.1400146484375,307.8900146484375,308.30999755859375,33422100
MSFT,2022-04-01,309.3699951171875,310.1300048828125,305.5400085449219,309.4200134277344,27110500
MSFT,2022-04-04,310.0899963378906,315.1099853515625,309.7099914550781,314.9700012207031,24289600
MSFT,2022-04-05,313.2699890136719,314.8699951171875,309.8699951171875,310.8800048828125,23156700
MSFT,2022-04-06,305.19000244140625,307.0,296.7099914550781,299.5,40110400
MSFT,2022-04-07,296.6600036621094,303.6499938964844,296.3500061035156,301.3699951171875,31411200
MSFT,2022-04-08,300.44000244140625,301.1199951171875,296.2799987792969,296.9700012207031,24361900
MSFT,2022-04-11,291.7900085449219,292.6099853515625,285.0,285.260009765625,34569300
MSFT,2022-04-12,289.239990234375,290.739990234375,280.489990234375,282.05999755859375,30966700
MSFT,2022-04-13,282.7300109863281,288.5799865722656,281.29998779296875,287.6199951171875,21907200
MSFT,2022-04-14,288.0899963378906,288.30999755859375,279.32000732421875,279.8299865722656,28221600
MSFT,2022-04-18,278.9100036621094,282.4599914550781,278.3399963378906,280.5199890136719,20778000
MSFT,2022-04-19,279.3800048828125,286.1700134277344,278.4100036621094,285.29998779296875,22297700
MSFT,2022-04-20,289.3999938964844,289.70001220703125,285.3699951171875,286.3599853515625,22906700
MSFT,2022-04-21,288.5799865722656,293.29998779296875,280.05999755859375,280.80999755859375,29454600
MSFT,2022-04-22,281.67999267578125,283.20001220703125,273.3800048828125,274.0299987792969,29405800
MSFT,2022-04-25,273.2900085449219,281.1099853515625,270.7699890136719,280.7200012207031,35678900
MSFT,2022-04-26,277.5,278.3599853515625,270.0,270.2200012207031,46518400
MSFT,2022-04-27,282.1000061035156,290.9700012207031,279.1600036621094,283.2200012207031,63477700
MSFT,2022-04-28,285.19000244140625,290.9800109863281,281.4599914550781,289.6300048828125,33646600
MSFT,2022-04-29,288.6099853515625,289.8800048828125,276.5,277.5199890136719,37073900
MSFT,2022-05-02,277.7099914550781,284.94000244140625,276.2200012207031,284.4700012207031,35151100
MSFT,2022-05-03,283.9599914550781,284.1300048828125,280.1499938964844,281.7799987792969,25978600
MSFT,2022-05-04,282.5899963378906,290.8800048828125,276.7300109863281,289.9800109863281,33599300
MSFT,2022-05-05,285.5400085449219,286.3500061035156,274.3399963378906,277.3500061035156,43260400
MSFT,2022-05-06,274.80999755859375,279.25,271.2699890136719,274.7300109863281,37780300
MSFT,2022-05-09,270.05999755859375,272.3599853515625,263.32000732421875,264.5799865722656,47726000
MSFT,2022-05-10,271.69000244140625,273.75,265.07000732421875,269.5,39336400
MSFT,2022-05-11,265.67999267578125,271.3599853515625,259.29998779296875,260.54998779296875,48975900
MSFT,2022-05-12,257.69000244140625,259.8800048828125,250.02000427246094,255.35000610351562,51033800
MSFT,2022-05-13,257.3500061035156,263.0400085449219,255.35000610351562,261.1199951171875,34925100
MSFT,2022-05-16,259.9599914550781,265.82000732421875,255.77999877929688,261.5,32550900
MSFT,2022-05-17,266.1099853515625,268.3299865722656,262.4599914550781,266.82000732421875,28828800
MSFT,2022-05-18,263.0,263.6000061035156,252.77000427246094,254.0800018310547,31356000
MSFT,2022-05-19,253.89999389648438,257.6700134277344,251.8800048828125,253.13999938964844,32692300
MSFT,2022-05-20,257.239990234375,258.5400085449219,246.44000244140625,252.55999755859375,39199300
MSFT,2022-05-23,255.49000549316406,261.5,253.42999267578125,260.6499938964844,33175400
MSFT,2022-05-24,257.8900146484375,261.3299865722656,253.5,259.6199951171875,29043900
MSFT,2022-05-25,258.1400146484375,264.5799865722656,257.1300048828125,262.5199890136719,28547900
MSFT,2022-05-26,262.2699890136719,267.1099853515625,261.42999267578125,265.8999938964844,25002100
MSFT,2022-05-27,268.4800109863281,273.3399963378906,267.55999755859375,273.239990234375,26910800
MSFT,2022-05-31,272.5299987792969,274.7699890136719,268.92999267578125,271.8699951171875,37827700
MSFT,2022-06-01,275.20001220703125,277.69000244140625,270.0400085449219,272.4200134277344,25292200
MSFT,2022-06-02,264.45001220703125,274.6499938964844,261.6000061035156,274.5799865722656,44008200
MSFT,2022-06-03,270.30999755859375,273.45001220703125,268.4100036621094,270.0199890136719,28059000
MSFT,2022-06-06,272.05999755859375,274.17999267578125,267.2200012207031,268.75,22400300
MSFT,2022-06-07,266.6400146484375,273.1300048828125,265.94000244140625,272.5,22860700
MSFT,2022-06-08,271.7099914550781,273.0,269.6099853515625,270.4100036621094,17372300
MSFT,2022-06-09,267.7799987792969,272.7099914550781,264.6300048828125,264.7900085449219,26439700
MSFT,2022-06-10,260.5799865722656,260.5799865722656,252.52999877929688,252.99000549316406,31422800
MSFT,2022-06-13,245.11000061035156,249.02000427246094,241.52999877929688,242.25999450683594,46135800
MSFT,2022-06-14,243.86000061035156,245.74000549316406,241.50999450683594,244.49000549316406,28651500
MSFT,2022-06-15,248.30999755859375,255.3000030517578,246.4199981689453,251.75999450683594,33111700
MSFT,2022-06-16,245.97999572753906,247.4199981689453,243.02000427246094,244.97000122070312,33169200
MSFT,2022-06-17,244.6999969482422,250.5,244.02999877929688,247.64999389648438,43084800
MSFT,2022-06-21,250.25999450683594,254.75,249.50999450683594,253.74000549316406,29928300
MSFT,2022-06-22,251.88999938964844,257.1700134277344,250.3699951171875,253.1300048828125,25939900
MSFT,2022-06-23,255.57000732421875,259.3699951171875,253.6300048828125,258.8599853515625,25861400
MSFT,2022-06-24,261.80999755859375,267.9800109863281,261.7200012207031,267.70001220703125,33923200
MSFT,2022-06-27,268.2099914550781,268.29998779296875,263.2799987792969,264.8900146484375,24615100
MSFT,2022-06-28,263.9800109863281,266.9100036621094,256.32000732421875,256.4800109863281,27295500
MSFT,2022-06-29,257.5899963378906,261.9700012207031,255.75999450683594,260.260009765625,20069800
MSFT,2022-06-30,257.04998779296875,259.5299987792969,252.89999389648438,256.8299865722656,31730900
MSFT,2022-07-01,256.3900146484375,259.7699890136719,254.61000061035156,259.5799865722656,22837700
MSFT,2022-07-05,256.1600036621094,262.9800109863281,254.74000549316406,262.8500061035156,22941000
MSFT,2022-07-06,263.75,267.989990234375,262.3999938964844,266.2099914550781,23824400
MSFT,2022-07-07,265.1199951171875,269.05999755859375,265.0199890136719,268.3999938964844,20859900
MSFT,2022-07-08,264.7900085449219,268.1000061035156,263.2900085449219,267.6600036621094,19658800
MSFT,2022-07-11,265.6499938964844,266.5299987792969,262.17999267578125,264.510009765625,19455200
MSFT,2022-07-12,265.8800048828125,265.94000244140625,252.0399932861328,253.6699981689453,35868500
MSFT,2022-07-13,250.19000244140625,253.5500030517578,248.11000061035156,252.72000122070312,29497400
MSFT,2022-07-14,250.57000732421875,255.13999938964844,245.94000244140625,254.0800018310547,25102800
MSFT,2022-07-15,255.72000122070312,260.3699951171875,254.77000427246094,256.7200012207031,29774100
MSFT,2022-07-18,259.75,260.8399963378906,253.3000030517578,254.25,20975000
MSFT,2022-07-19,257.5799865722656,259.7200012207031,253.67999267578125,259.5299987792969,25012600
MSFT,2022-07-20,259.8999938964844,264.8699951171875,258.9100036621094,262.2699890136719,22788300
MSFT,2022-07-21,259.7900085449219,264.8900146484375,257.0299987792969,264.8399963378906,22404700
MSFT,2022-07-22,265.239990234375,265.3299865722656,259.07000732421875,260.3599853515625,21881300
MSFT,2022-07-25,261.0,261.5,256.80999755859375,258.8299865722656,21056000
MSFT,2022-07-26,259.8599853515625,259.8800048828125,249.57000732421875,251.89999389648438,39348000
MSFT,2022-07-27,261.1600036621094,270.04998779296875,258.8500061035156,268.739990234375,45994000
MSFT,2022-07-28,269.75,277.8399963378906,267.8699951171875,276.4100036621094,33459300
MSFT,2022-07-29,277.70001220703125,282.0,276.6300048828125,280.739990234375,32152800
MSFT,2022-08-01,277.82000732421875,281.2799987792969,275.8399963378906,278.010009765625,21539600
MSFT,2022-08-02,276.0,277.8900146484375,272.3800048828125,274.82000732421875,22754200
MSFT,2022-08-03,276.760009765625,283.5,276.6099853515625,282.4700012207031,23518900
MSFT,2022-08-04,281.79998779296875,283.79998779296875,280.1700134277344,283.6499938964844,18098700
MSFT,2022-08-05,279.1499938964844,283.6499938964844,278.67999267578125,282.9100036621094,16774600
MSFT,2022-08-08,284.04998779296875,285.9200134277344,279.32000732421875,280.32000732421875,18739200
MSFT,2022-08-09,279.6400146484375,283.0799865722656,277.6099853515625,282.29998779296875,23405200
MSFT,2022-08-10,288.1700134277344,289.80999755859375,286.94000244140625,289.1600036621094,24687800
MSFT,2022-08-11,290.8500061035156,291.2099914550781,286.510009765625,287.0199890136719,20065900
MSFT,2022-08-12,288.4800109863281,291.9100036621094,286.94000244140625,291.9100036621094,22619700
MSFT,2022-08-15,291.0,294.17999267578125,290.1099853515625,293.4700012207031,18085700
MSFT,2022-08-16,291.989990234375,294.0400085449219,290.4200134277344,292.7099914550781,18102900
MSFT,2022-08-17,289.739990234375,293.3500061035156,289.4700012207031,291.32000732421875,18253400
MSFT,2022-08-18,290.19000244140625,291.9100036621094,289.0799865722656,290.1700134277344,17186200
MSFT,2022-08-19,288.8999938964844,289.25,285.55999755859375,286.1499938964844,20570000
MSFT,2022-08-22,282.0799865722656,282.4599914550781,277.2200012207031,277.75,25061100
MSFT,2022-08-23,276.44000244140625,278.8599853515625,275.3999938964844,276.44000244140625,17527400
MSFT,2022-08-24,275.4100036621094,277.2300109863281,275.1099853515625,275.7900085449219,18137000
MSFT,2022-08-25,277.3299865722656,279.0199890136719,274.5199890136719,278.8500061035156,16583400
MSFT,2022-08-26,279.0799865722656,280.3399963378906,267.9800109863281,268.0899963378906,27549300
MSFT,2022-08-29,265.8500061035156,267.3999938964844,263.8500061035156,265.2300109863281,20338500
MSFT,2022-08-30,266.6700134277344,267.04998779296875,260.6600036621094,262.9700012207031,22767100
MSFT,2022-08-31,265.3900146484375,267.1099853515625,261.3299865722656,261.4700012207031,24791800
MSFT,2022-09-01,258.8699951171875,260.8900146484375,255.41000366210938,260.3999938964844,23263400
MSFT,2022-09-02,261.70001220703125,264.739990234375,254.47000122070312,256.05999755859375,22855400
MSFT,2022-09-06,256.20001220703125,257.8299865722656,251.94000244140625,253.25,21328200
MSFT,2022-09-07,254.6999969482422,258.8299865722656,253.22000122070312,258.0899963378906,24126700
MSFT,2022-09-08,257.510009765625,260.42999267578125,254.7899932861328,258.5199890136719,20319900
MSFT,2022-09-09,260.5,265.2300109863281,260.2900085449219,264.4599914550781,22084700
MSFT,2022-09-12,265.7799987792969,267.45001220703125,265.1600036621094,266.6499938964844,18747700
MSFT,2022-09-13,258.8399963378906,260.3999938964844,251.58999633789062,251.99000549316406,33353300
MSFT,2022-09-14,253.52999877929688,254.22999572753906,249.86000061035156,252.22000122070312,23913000
MSFT,2022-09-15,249.77000427246094,251.39999389648438,244.02000427246094,245.3800048828125,31530900
MSFT,2022-09-16,244.25999450683594,245.3000030517578,242.05999755859375,244.74000549316406,39791800
MSFT,2022-09-19,242.47000122070312,245.13999938964844,240.85000610351562,244.52000427246094,26826900
MSFT,2022-09-20,242.07000732421875,243.50999450683594,239.63999938964844,242.4499969482422,26660300
MSFT,2022-09-21,244.27000427246094,247.66000366210938,238.89999389648438,238.9499969482422,28625600
MSFT,2022-09-22,237.8699951171875,243.86000061035156,237.57000732421875,240.97999572753906,31061200
MSFT,2022-09-23,239.5399932861328,241.1300048828125,235.1999969482422,237.9199981689453,34176000
MSFT,2022-09-26,237.0500030517578,241.4499969482422,236.89999389648438,237.4499969482422,27694200
MSFT,2022-09-27,239.97999572753906,241.8000030517578,234.5,236.41000366210938,27018700
MSFT,2022-09-28,236.80999755859375,242.3300018310547,234.72999572753906,241.07000732421875,29029700
MSFT,2022-09-29,238.88999938964844,239.9499969482422,234.41000366210938,237.5,27484200
MSFT,2022-09-30,238.2899932861328,240.5399932861328,232.72999572753906,232.89999389648438,35694800
MSFT,2022-10-03,235.41000366210938,241.61000061035156,234.66000366210938,240.74000549316406,28880400
MSFT,2022-10-04,245.08999633789062,250.36000061035156,244.97999572753906,248.8800048828125,34888400
MSFT,2022-10-05,245.99000549316406,250.5800018310547,244.10000610351562,249.1999969482422,20347100
MSFT,2022-10-06,247.92999267578125,250.33999633789062,246.0800018310547,246.7899932861328,20239900
MSFT,2022-10-07,240.89999389648438,241.32000732421875,233.1699981689453,234.24000549316406,37769600
MSFT,2022-10-10,233.0500030517578,234.55999755859375,226.72999572753906,229.25,29743600
MSFT,2022-10-11,227.6199951171875,229.05999755859375,224.11000061035156,225.41000366210938,30474000
MSFT,2022-10-12,225.39999389648438,227.86000061035156,223.9600067138672,225.75,21903900
MSFT,2022-10-13,219.85000610351562,236.10000610351562,219.1300048828125,234.24000549316406,42551800
MSFT,2022-10-14,235.5399932861328,237.24000549316406,228.33999633789062,228.55999755859375,30198600
MSFT,2022-10-17,235.82000732421875,238.9600067138672,235.13999938964844,237.52999877929688,28142300
MSFT,2022-10-18,243.24000549316406,243.92999267578125,235.3699951171875,238.5,26329600
MSFT,2022-10-19,237.0399932861328,239.61000061035156,234.2899932861328,236.47999572753906,19985700
MSFT,2022-10-20,235.77000427246094,241.30999755859375,234.8699951171875,236.14999389648438,21811000
MSFT,2022-10-21,234.74000549316406,243.0,234.5,242.1199951171875,26299700
MSFT,2022-10-24,243.75999450683594,247.83999633789062,241.3000030517578,247.25,24911200
MSFT,2022-10-25,247.25999450683594,251.0399932861328,245.8300018310547,250.66000366210938,34775500
MSFT,2022-10-26,231.1699981689453,238.3000030517578,230.05999755859375,231.32000732421875,82543200
MSFT,2022-10-27,231.0399932861328,233.69000244140625,225.77999877929688,226.75,40424600
MSFT,2022-10-28,226.24000549316406,236.60000610351562,226.0500030517578,235.8699951171875,40647700
MSFT,2022-10-31,233.75999450683594,234.9199981689453,231.14999389648438,232.1300048828125,28357300
MSFT,2022-11-01,234.60000610351562,235.74000549316406,227.3300018310547,228.1699981689453,30592300
MSFT,2022-11-02,229.4600067138672,231.3000030517578,220.0399932861328,220.10000610351562,38407000
MSFT,2022-11-03,220.08999633789062,220.41000366210938,213.97999572753906,214.25,36633900
MSFT,2022-11-04,217.5500030517578,221.58999633789062,213.42999267578125,221.38999938964844,36789100
MSFT,2022-11-07,221.99000549316406,228.41000366210938,221.27999877929688,227.8699951171875,33498000
MSFT,2022-11-08,228.6999969482422,231.64999389648438,225.83999633789062,228.8699951171875,28192500
MSFT,2022-11-09,227.3699951171875,228.6300048828125,224.3300018310547,224.50999450683594,27852900
MSFT,2022-11-10,235.42999267578125,243.3300018310547,235.0,242.97999572753906,46268000
MSFT,2022-11-11,242.99000549316406,247.99000549316406,241.92999267578125,247.11000061035156,34620200
MSFT,2022-11-14,241.99000549316406,243.91000366210938,239.2100067138672,241.5500030517578,31123300
MSFT,2022-11-15,245.66000366210938,247.0,240.02999877929688,241.97000122070312,31390100
MSFT,2022-11-16,242.7899932861328,243.8000030517578,240.4199981689453,241.72999572753906,24093300
MSFT,2022-11-17,237.77999877929688,243.25,237.6300048828125,241.67999267578125,23123500
MSFT,2022-11-18,243.50999450683594,243.74000549316406,239.02999877929688,241.22000122070312,27613500
MSFT,2022-11-21,241.42999267578125,244.6699981689453,241.19000244140625,242.0500030517578,26394700
MSFT,2022-11-22,243.58999633789062,245.30999755859375,240.7100067138672,245.02999877929688,19665700
MSFT,2022-11-23,245.11000061035156,248.27999877929688,244.27000427246094,247.5800018310547,19508500
MSFT,2022-11-25,247.30999755859375,248.6999969482422,246.72999572753906,247.49000549316406,9200800
MSFT,2022-11-28,246.0800018310547,246.64999389648438,240.8000030517578,241.75999450683594,24778200
MSFT,2022-11-29,241.39999389648438,242.7899932861328,238.2100067138672,240.3300018310547,17956300
MSFT,2022-11-30,240.57000732421875,255.3300018310547,239.86000061035156,255.13999938964844,47594200
MSFT,2022-12-01,253.8699951171875,256.1199951171875,250.9199981689453,254.69000244140625,26041500
MSFT,2022-12-02,249.82000732421875,256.05999755859375,249.69000244140625,255.02000427246094,21528500
MSFT,2022-12-05,252.00999450683594,253.82000732421875,248.05999755859375,250.1999969482422,23435300
MSFT,2022-12-06,250.82000732421875,251.86000061035156,243.77999877929688,245.1199951171875,22463700
MSFT,2022-12-07,244.8300018310547,246.16000366210938,242.2100067138672,244.3699951171875,20481500
MSFT,2022-12-08,244.83999633789062,248.74000549316406,243.05999755859375,247.39999389648438,22611800
MSFT,2022-12-09,244.6999969482422,248.30999755859375,244.16000366210938,245.4199981689453,20609700
MSFT,2022-12-12,247.4499969482422,252.5399932861328,247.1699981689453,252.50999450683594,30665100
MSFT,2022-12-13,261.69000244140625,263.9200134277344,253.07000732421875,256.9200134277344,42196900
MSFT,2022-12-14,257.1300048828125,262.5899963378906,254.30999755859375,257.2200012207031,35410900
MSFT,2022-12-15,253.72000122070312,254.1999969482422,247.33999633789062,249.00999450683594,35560400
MSFT,2022-12-16,248.5500030517578,249.83999633789062,243.50999450683594,244.69000244140625,86102000
MSFT,2022-12-19,244.86000061035156,245.2100067138672,238.7100067138672,240.4499969482422,29696400
MSFT,2022-12-20,239.39999389648438,242.91000366210938,238.4199981689453,241.8000030517578,25150800
MSFT,2022-12-21,241.69000244140625,245.6199951171875,240.11000061035156,244.42999267578125,23690600
MSFT,2022-12-22,241.25999450683594,241.99000549316406,233.8699951171875,238.19000244140625,28651700
MSFT,2022-12-23,236.11000061035156,238.8699951171875,233.94000244140625,238.72999572753906,21207000
MSFT,2022-12-27,238.6999969482422,238.92999267578125,235.8300018310547,236.9600067138672,16688600
MSFT,2022-12-28,236.88999938964844,239.72000122070312,234.1699981689453,234.52999877929688,17457100
MSFT,2022-12-29,235.64999389648438,241.9199981689453,235.64999389648438,241.00999450683594,19770700
MSFT,2022-12-30,238.2100067138672,239.9600067138672,236.66000366210938,239.82000732421875,21938500
MSFT,2023-01-03,243.0800018310547,245.75,237.39999389648438,239.5800018310547,25740000
MSFT,2023-01-04,232.27999877929688,232.8699951171875,225.9600067138672,229.10000610351562,50623400
MSFT,2023-01-05,227.1999969482422,227.5500030517578,221.75999450683594,222.30999755859375,39585600
MSFT,2023-01-06,223.0,225.75999450683594,219.35000610351562,224.92999267578125,43613600
MSFT,2023-01-09,226.4499969482422,231.24000549316406,226.41000366210938,227.1199951171875,27369800
MSFT,2023-01-10,227.75999450683594,231.30999755859375,227.3300018310547,228.85000610351562,27033900
MSFT,2023-01-11,231.2899932861328,235.9499969482422,231.11000061035156,235.77000427246094,28669300
MSFT,2023-01-12,235.25999450683594,239.89999389648438,233.55999755859375,238.50999450683594,27269500
MSFT,2023-01-13,237.0,239.3699951171875,234.9199981689453,239.22999572753906,21333300
MSFT,2023-01-17,237.97000122070312,240.91000366210938,237.08999633789062,240.35000610351562,29831300
MSFT,2023-01-18,241.57000732421875,242.3800048828125,235.52000427246094,235.80999755859375,30028700
MSFT,2023-01-19,233.77999877929688,235.52000427246094,230.67999267578125,231.92999267578125,28623000
MSFT,2023-01-20,234.86000061035156,240.74000549316406,234.50999450683594,240.22000122070312,35389800
MSFT,2023-01-23,241.10000610351562,245.1699981689453,239.64999389648438,242.5800018310547,31934000
MSFT,2023-01-24,242.5,243.9499969482422,240.44000244140625,242.0399932861328,40234400
MSFT,2023-01-25,234.47999572753906,243.3000030517578,230.89999389648438,240.61000061035156,66526600
MSFT,2023-01-26,243.64999389648438,248.30999755859375,242.0,248.0,33454500
MSFT,2023-01-27,248.99000549316406,249.8300018310547,246.8300018310547,248.16000366210938,26498900
MSFT,2023-01-30,244.50999450683594,245.60000610351562,242.1999969482422,242.7100067138672,25867400
MSFT,2023-01-31,243.4499969482422,247.9499969482422,242.9499969482422,247.80999755859375,26541100
MSFT,2023-02-01,248.0,255.17999267578125,245.47000122070312,252.75,31259900
MSFT,2023-02-02,258.82000732421875,264.69000244140625,257.25,264.6000061035156,39940400
MSFT,2023-02-03,259.5400085449219,264.20001220703125,257.1000061035156,258.3500061035156,29077300
MSFT,2023-02-06,257.44000244140625,258.29998779296875,254.77999877929688,256.7699890136719,22518000
MSFT,2023-02-07,260.5299987792969,268.7699890136719,260.0799865722656,267.55999755859375,50841400
MSFT,2023-02-08,273.20001220703125,276.760009765625,266.2099914550781,266.7300109863281,54686000
MSFT,2023-02-09,273.79998779296875,273.9800109863281,262.79998779296875,263.6199951171875,42375100
MSFT,2023-02-10,261.5299987792969,264.0899963378906,260.6600036621094,263.1000061035156,25818500
MSFT,2023-02-13,267.6400146484375,274.6000061035156,267.1499938964844,271.32000732421875,44630900
MSFT,2023-02-14,272.6700134277344,274.9700012207031,269.2799987792969,272.1700134277344,37047900
MSFT,2023-02-15,268.32000732421875,270.7300109863281,266.17999267578125,269.32000732421875,28922400
MSFT,2023-02-16,264.0199890136719,266.739990234375,261.8999938964844,262.1499938964844,29603600
MSFT,2023-02-17,259.3900146484375,260.0899963378906,256.0,258.05999755859375,30000100
MSFT,2023-02-21,254.47999572753906,255.49000549316406,251.58999633789062,252.6699981689453,28397400
MSFT,2023-02-22,254.08999633789062,254.33999633789062,250.33999633789062,251.50999450683594,22491100
MSFT,2023-02-23,255.55999755859375,256.8399963378906,250.47999572753906,254.77000427246094,29219100
MSFT,2023-02-24,249.9600067138672,251.0,248.10000610351562,249.22000122070312,24990900
MSFT,2023-02-27,252.4600067138672,252.82000732421875,249.38999938964844,250.16000366210938,21190000
MSFT,2023-02-28,249.07000732421875,251.49000549316406,248.72999572753906,249.4199981689453,22491000
MSFT,2023-03-01,250.75999450683594,250.92999267578125,245.7899932861328,246.27000427246094,27565300
MSFT,2023-03-02,246.5500030517578,251.39999389648438,245.61000061035156,251.11000061035156,24808200
MSFT,2023-03-03,252.19000244140625,255.6199951171875,251.38999938964844,255.2899932861328,30760100
MSFT,2023-03-06,256.42999267578125,260.1199951171875,255.97999572753906,256.8699951171875,24109800
MSFT,2023-03-07,256.29998779296875,257.69000244140625,253.38999938964844,254.14999389648438,21473200
MSFT,2023-03-08,254.0399932861328,254.5399932861328,250.80999755859375,253.6999969482422,17340200
MSFT,2023-03-09,255.82000732421875,259.55999755859375,251.5800018310547,252.32000732421875,26653400
MSFT,2023-03-10,251.0800018310547,252.7899932861328,247.60000610351562,248.58999633789062,28333900
MSFT,2023-03-13,247.39999389648438,257.9100036621094,245.72999572753906,253.9199981689453,33339700
MSFT,2023-03-14,256.75,261.07000732421875,255.86000061035156,260.7900085449219,33620300
MSFT,2023-03-15,259.9800109863281,266.4800109863281,259.2099914550781,265.44000244140625,46028000
MSFT,2023-03-16,265.2099914550781,276.55999755859375,263.2799987792969,276.20001220703125,54768800
MSFT,2023-03-17,278.260009765625,283.3299865722656,276.32000732421875,279.42999267578125,69527400
MSFT,2023-03-20,276.9800109863281,277.4800109863281,269.8500061035156,272.2300109863281,43466600
MSFT,2023-03-21,274.8800048828125,275.0,269.5199890136719,273.7799987792969,34558700
MSFT,2023-03-22,273.3999938964844,281.0400085449219,272.17999267578125,272.2900085449219,34873300
MSFT,2023-03-23,277.94000244140625,281.05999755859375,275.20001220703125,277.6600036621094,36610900
MSFT,2023-03-24,277.239990234375,280.6300048828125,275.2799987792969,280.57000732421875,28172000
MSFT,2023-03-27,280.5,281.4599914550781,275.5199890136719,276.3800048828125,26840200
MSFT,2023-03-28,275.7900085449219,276.1400146484375,272.04998779296875,275.2300109863281,21878600
MSFT,2023-03-29,278.9599914550781,281.1400146484375,278.4100036621094,280.510009765625,25087000
MSFT,2023-03-30,284.2300109863281,284.4599914550781,281.4800109863281,284.04998779296875,25053400
MSFT,2023-03-31,283.7300109863281,289.2699890136719,283.0,288.29998779296875,32766000
MSFT,2023-04-03,286.5199890136719,288.2699890136719,283.95001220703125,287.2300109863281,24883300
MSFT,2023-04-04,287.2300109863281,290.45001220703125,285.6700134277344,287.17999267578125,25824300
MSFT,2023-04-05,285.8500061035156,287.1499938964844,282.9200134277344,284.3399963378906,22064800
MSFT,2023-04-06,283.2099914550781,292.0799865722656,282.0299987792969,291.6000061035156,29770300
MSFT,2023-04-10,289.2099914550781,289.6000061035156,284.7099914550781,289.3900146484375,23103000
MSFT,2023-04-11,285.75,285.9800109863281,281.6400146484375,282.8299865722656,27276600
MSFT,2023-04-12,284.7900085449219,287.010009765625,281.9599914550781,283.489990234375,27403400
MSFT,2023-04-13,283.5899963378906,289.8999938964844,283.1700134277344,289.8399963378906,24222700
MSFT,2023-04-14,287.0,288.4800109863281,283.69000244140625,286.1400146484375,20987900
MSFT,2023-04-17,289.92999267578125,291.6000061035156,286.1600036621094,288.79998779296875,23836200
MSFT,2023-04-18,291.57000732421875,291.760009765625,287.010009765625,288.3699951171875,20161800
MSFT,2023-04-19,285.989990234375,289.04998779296875,284.5400085449219,288.45001220703125,17150300
MSFT,2023-04-20,285.25,289.0299987792969,285.0799865722656,286.1099853515625,23244400
MSFT,2023-04-21,285.010009765625,286.2699890136719,283.05999755859375,285.760009765625,21676400
MSFT,2023-04-24,282.0899963378906,284.95001220703125,278.7200012207031,281.7699890136719,26611000
MSFT,2023-04-25,279.510009765625,281.6000061035156,275.3699951171875,275.4200134277344,45772200
MSFT,2023-04-26,296.70001220703125,299.57000732421875,292.7300109863281,295.3699951171875,64599200
MSFT,2023-04-27,295.9700012207031,305.20001220703125,295.25,304.8299865722656,46462600
MSFT,2023-04-28,304.010009765625,308.92999267578125,303.30999755859375,307.260009765625,36469600
MSFT,2023-05-01,306.9700012207031,308.6000061035156,305.1499938964844,305.55999755859375,21294100
MSFT,2023-05-02,307.760009765625,309.17999267578125,303.9100036621094,305.4100036621094,26404400
MSFT,2023-05-03,306.6199951171875,308.6099853515625,304.0899963378906,304.3999938964844,22360800
MSFT,2023-05-04,306.239990234375,307.760009765625,303.3999938964844,305.4100036621094,22519900
MSFT,2023-05-05,305.7200012207031,311.9700012207031,304.2699890136719,310.6499938964844,28197100
MSFT,2023-05-08,310.1300048828125,310.20001220703125,306.0899963378906,308.6499938964844,21318600
MSFT,2023-05-09,308.0,310.0400085449219,306.30999755859375,307.0,21340800
MSFT,2023-05-10,308.6199951171875,313.0,307.6700134277344,312.30999755859375,30078000
MSFT,2023-05-11,310.1000061035156,311.1199951171875,306.260009765625,310.1099853515625,31680200
MSFT,2023-05-12,310.54998779296875,310.6499938964844,306.6000061035156,308.9700012207031,19774700
MSFT,2023-05-15,309.1000061035156,309.8999938964844,307.5899963378906,309.4599914550781,16336500
MSFT,2023-05-16,309.8299865722656,313.7099914550781,309.8299865722656,311.739990234375,26730300
MSFT,2023-05-17,312.2900085449219,314.42999267578125,310.739990234375,314.0,24315000
MSFT,2023-05-18,314.5299987792969,319.0400085449219,313.7200012207031,318.5199890136719,27276000
MSFT,2023-05-19,316.739990234375,318.75,316.3699951171875,318.3399963378906,27546700
MSFT,2023-05-22,318.6000061035156,322.5899963378906,318.010009765625,321.17999267578125,24115700
MSFT,2023-05-23,320.0299987792969,322.7200012207031,315.25,315.260009765625,30797200
MSFT,2023-05-24,314.7300109863281,316.5,312.6099853515625,313.8500061035156,23384900
MSFT,2023-05-25,323.239990234375,326.8999938964844,320.0,325.9200134277344,43301700
MSFT,2023-05-26,324.0199890136719,333.3999938964844,323.8800048828125,332.8900146484375,36630600
MSFT,2023-05-30,335.2300109863281,335.739990234375,330.5199890136719,331.2099914550781,29503100
MSFT,2023-05-31,332.2900085449219,335.94000244140625,327.3299865722656,328.3900146484375,45950600
MSFT,2023-06-01,325.92999267578125,333.5299987792969,324.7200012207031,332.5799865722656,26773900
MSFT,2023-06-02,334.25,337.5,332.54998779296875,335.3999938964844,25873800
MSFT,2023-06-05,335.2200012207031,338.55999755859375,334.6600036621094,335.94000244140625,21307100
MSFT,2023-06-06,335.3299865722656,335.3699951171875,332.1700134277344,333.67999267578125,20396200
MSFT,2023-06-07,331.6499938964844,334.489990234375,322.5,323.3800048828125,40717100
MSFT,2023-06-08,323.94000244140625,326.6400146484375,323.3500061035156,325.260009765625,23277700
MSFT,2023-06-09,324.989990234375,329.989990234375,324.4100036621094,326.7900085449219,22529000
MSFT,2023-06-12,328.5799865722656,332.1000061035156,325.1600036621094,331.8500061035156,24260300
MSFT,2023-06-13,334.4700012207031,336.9800109863281,330.3900146484375,334.2900085449219,22951300
MSFT,2023-06-14,334.3399963378906,339.0400085449219,332.80999755859375,337.3399963378906,26003800
MSFT,2023-06-15,337.4800109863281,349.8399963378906,337.20001220703125,348.1000061035156,38899100
MSFT,2023-06-16,351.32000732421875,351.4700012207031,341.95001220703125,342.3299865722656,46552000
MSFT,2023-06-20,339.30999755859375,342.0799865722656,335.8599853515625,338.04998779296875,26375400
MSFT,2023-06-21,336.3699951171875,337.7300109863281,332.07000732421875,333.55999755859375,25117800
MSFT,2023-06-22,334.1199951171875,340.1199951171875,333.3399963378906,339.7099914550781,23556800
MSFT,2023-06-23,334.3599853515625,337.9599914550781,333.45001220703125,335.0199890136719,23146900
MSFT,2023-06-26,333.7200012207031,336.1099853515625,328.489990234375,328.6000061035156,21520600
MSFT,2023-06-27,331.8599853515625,336.1499938964844,329.29998779296875,334.57000732421875,24354100
MSFT,2023-06-28,334.6600036621094,337.9800109863281,333.80999755859375,335.8500061035156,20259500
MSFT,2023-06-29,334.7099914550781,336.1099853515625,332.6199951171875,335.04998779296875,16997000
MSFT,2023-06-30,337.75,342.7300109863281,337.20001220703125,340.5400085449219,26832800
MSFT,2023-07-03,339.19000244140625,340.8999938964844,336.57000732421875,337.989990234375,12508700
MSFT,2023-07-05,335.0899963378906,341.6499938964844,334.7300109863281,338.1499938964844,18172400
MSFT,2023-07-06,337.29998779296875,342.989990234375,335.5,341.2699890136719,28161200
MSFT,2023-07-07,339.32000732421875,341.7900085449219,337.0,337.2200012207031,21214800
MSFT,2023-07-10,334.6000061035156,335.2300109863281,327.5899963378906,331.8299865722656,32791400
MSFT,2023-07-11,331.05999755859375,332.8599853515625,327.0,332.4700012207031,26698200
MSFT,2023-07-12,336.6000061035156,341.6499938964844,335.6700134277344,337.20001220703125,29995300
MSFT,2023-07-13,339.55999755859375,343.739990234375,339.0199890136719,342.6600036621094,20567200
MSFT,2023-07-14,347.5899963378906,351.42999267578125,344.30999755859375,345.239990234375,28352700
MSFT,2023-07-17,345.67999267578125,346.989990234375,342.20001220703125,345.7300109863281,20363900
MSFT,2023-07-18,345.8299865722656,366.7799987792969,342.1700134277344,359.489990234375,64738600
MSFT,2023-07-19,361.75,362.4599914550781,352.44000244140625,355.0799865722656,39732900
MSFT,2023-07-20,353.57000732421875,357.9700012207031,345.3699951171875,346.8699951171875,33778400
MSFT,2023-07-21,349.1499938964844,350.29998779296875,339.8299865722656,343.7699890136719,69405400
MSFT,2023-07-24,345.8500061035156,346.9200134277344,342.30999755859375,345.1099853515625,26678100
MSFT,2023-07-25,347.1099853515625,351.8900146484375,345.07000732421875,350.9800109863281,41637700
MSFT,2023-07-26,341.44000244140625,344.6700134277344,333.1099853515625,337.7699890136719,58383700
MSFT,2023-07-27,340.4800109863281,341.3299865722656,329.04998779296875,330.7200012207031,39635300
MSFT,2023-07-28,333.6700134277344,340.010009765625,333.1700134277344,338.3699951171875,28484900
MSFT,2023-07-31,336.9200134277344,337.70001220703125,333.3599853515625,335.9200134277344,25446000
MSFT,2023-08-01,335.19000244140625,338.5400085449219,333.70001220703125,336.3399963378906,18311900
MSFT,2023-08-02,333.6300048828125,333.6300048828125,326.3599853515625,327.5,27761300
MSFT,2023-08-03,326.0,329.8800048828125,325.95001220703125,326.6600036621094,18253700
MSFT,2023-08-04,331.8800048828125,335.1400146484375,327.239990234375,327.7799987792969,23741500
MSFT,2023-08-07,328.3699951171875,331.1099853515625,327.5199890136719,330.1099853515625,17741500
MSFT,2023-08-08,326.9599914550781,328.75,323.0,326.04998779296875,22327600
MSFT,2023-08-09,326.4700012207031,327.1099853515625,321.04998779296875,322.2300109863281,22373300
MSFT,2023-08-10,326.0199890136719,328.260009765625,321.17999267578125,322.92999267578125,20113700
MSFT,2023-08-11,320.260009765625,322.4100036621094,319.2099914550781,321.010009765625,24355500
MSFT,2023-08-14,321.3900146484375,324.05999755859375,320.0799865722656,324.0400085449219,18836100
MSFT,2023-08-15,323.0,325.0899963378906,320.8999938964844,321.8599853515625,16966300
MSFT,2023-08-16,320.79998779296875,324.4200134277344,319.79998779296875,320.3999938964844,20698900
MSFT,2023-08-17,320.5400085449219,321.8699951171875,316.2099914550781,316.8800048828125,21257200
MSFT,2023-08-18,314.489990234375,318.3800048828125,311.54998779296875,316.4800109863281,24755000
MSFT,2023-08-21,317.92999267578125,322.7699890136719,317.0400085449219,321.8800048828125,24040000
MSFT,2023-08-22,325.5,326.0799865722656,321.4599914550781,322.4599914550781,16084600
MSFT,2023-08-23,323.82000732421875,329.20001220703125,323.4599914550781,327.0,21166400
MSFT,2023-08-24,332.8500061035156,332.9800109863281,319.9599914550781,319.9700012207031,23281400
MSFT,2023-08-25,321.4700012207031,325.3599853515625,318.79998779296875,322.9800109863281,21684100
MSFT,2023-08-28,325.6600036621094,326.1499938964844,321.7200012207031,323.70001220703125,14808500
MSFT,2023-08-29,321.8800048828125,328.9800109863281,321.8800048828125,328.4100036621094,19284600
MSFT,2023-08-30,328.6700134277344,329.80999755859375,326.45001220703125,328.7900085449219,15222100
MSFT,2023-08-31,329.20001220703125,330.9100036621094,326.7799987792969,327.760009765625,26411000
MSFT,2023-09-01,331.30999755859375,331.989990234375,326.7799987792969,328.6600036621094,14942000
MSFT,2023-09-05,329.0,334.8500061035156,328.6600036621094,333.54998779296875,18553900
MSFT,2023-09-06,333.3800048828125,334.4599914550781,330.17999267578125,332.8800048828125,17535800
MSFT,2023-09-07,331.2900085449219,333.0799865722656,329.0299987792969,329.9100036621094,18381000
MSFT,2023-09-08,330.0899963378906,336.1600036621094,329.4599914550781,334.2699890136719,19530100
MSFT,2023-09-11,337.239990234375,338.4200134277344,335.42999267578125,337.94000244140625,16583300
MSFT,2023-09-12,335.82000732421875,336.7900085449219,331.4800109863281,331.7699890136719,17565500
MSFT,2023-09-13,331.30999755859375,336.8500061035156,331.1700134277344,336.05999755859375,16544400
MSFT,2023-09-14,339.1499938964844,340.8599853515625,336.57000732421875,338.70001220703125,20267000
MSFT,2023-09-15,336.9200134277344,337.3999938964844,329.6499938964844,330.2200012207031,37679800
MSFT,2023-09-18,327.79998779296875,330.3999938964844,326.3599853515625,329.05999755859375,16834200
MSFT,2023-09-19,326.1700134277344,329.3900146484375,324.510009765625,328.6499938964844,16505900
MSFT,2023-09-20,329.510009765625,329.5899963378906,320.510009765625,320.7699890136719,21436500
MSFT,2023-09-21,319.260009765625,325.3500061035156,315.0,319.5299987792969,35560400
MSFT,2023-09-22,321.32000732421875,321.45001220703125,316.1499938964844,317.010009765625,21447900
MSFT,2023-09-25,316.5899963378906,317.6700134277344,315.0,317.5400085449219,17836000
MSFT,2023-09-26,315.1300048828125,315.8800048828125,310.0199890136719,312.1400146484375,26297600
MSFT,2023-09-27,312.29998779296875,314.29998779296875,309.69000244140625,312.7900085449219,19410100
MSFT,2023-09-28,310.989990234375,315.4800109863281,309.45001220703125,313.6400146484375,19683600
MSFT,2023-09-29,317.75,319.4700012207031,314.9800109863281,315.75,24147300
MSFT,2023-10-02,316.2799987792969,321.8900146484375,315.17999267578125,321.79998779296875,20570000
MSFT,2023-10-03,320.8299865722656,321.3900146484375,311.2099914550781,313.3900146484375,21033500
MSFT,2023-10-04,314.0299987792969,320.0400085449219,314.0,318.9599914550781,20720100
MSFT,2023-10-05,319.0899963378906,319.9800109863281,314.8999938964844,319.3599853515625,16965600
MSFT,2023-10-06,316.54998779296875,329.19000244140625,316.29998779296875,327.260009765625,25673600
MSFT,2023-10-09,324.75,330.29998779296875,323.17999267578125,329.82000732421875,19891200
MSFT,2023-10-10,330.9599914550781,331.1000061035156,327.6700134277344,328.3900146484375,20557100
MSFT,2023-10-11,331.2099914550781,332.82000732421875,329.1400146484375,332.4200134277344,20063200
MSFT,2023-10-12,330.57000732421875,333.6300048828125,328.7200012207031,331.1600036621094,19313100
MSFT,2023-10-13,332.3800048828125,333.8299865722656,326.3599853515625,327.7300109863281,21072400
MSFT,2023-10-16,331.04998779296875,336.1400146484375,330.6000061035156,332.6400146484375,22158000
MSFT,2023-10-17,329.5899963378906,333.4599914550781,327.4100036621094,332.05999755859375,18338500
MSFT,2023-10-18,332.489990234375,335.5899963378906,328.29998779296875,330.1099853515625,23153600
MSFT,2023-10-19,332.1499938964844,336.8800048828125,330.9100036621094,331.32000732421875,25052100
MSFT,2023-10-20,331.7200012207031,331.9200134277344,325.45001220703125,326.6700134277344,25027700
MSFT,2023-10-23,325.4700012207031,332.7300109863281,324.3900146484375,329.32000732421875,24374700
MSFT,2023-10-24,331.29998779296875,331.8399963378906,327.6000061035156,330.5299987792969,31153600
MSFT,2023-10-25,345.0199890136719,346.20001220703125,337.6199951171875,340.6700134277344,55053800
MSFT,2023-10-26,340.5400085449219,341.6300048828125,326.94000244140625,327.8900146484375,37828500
MSFT,2023-10-27,330.42999267578125,336.7200012207031,328.3999938964844,329.80999755859375,29856500
MSFT,2023-10-30,333.4100036621094,339.45001220703125,331.8299865722656,337.30999755859375,22828100
MSFT,2023-10-31,338.8500061035156,339.0,334.69000244140625,338.1099853515625,20265300
MSFT,2023-11-01,339.7900085449219,347.4200134277344,339.6499938964844,346.07000732421875,28158800
MSFT,2023-11-02,347.239990234375,348.8299865722656,344.7699890136719,348.32000732421875,24348100
MSFT,2023-11-03,349.6300048828125,354.3900146484375,347.3299865722656,352.79998779296875,23637700
MSFT,2023-11-06,353.45001220703125,357.5400085449219,353.3500061035156,356.5299987792969,23828300
MSFT,2023-11-07,359.3999938964844,362.4599914550781,357.6300048828125,360.5299987792969,25833900
MSFT,2023-11-08,361.67999267578125,363.8699951171875,360.54998779296875,363.20001220703125,26767800
MSFT,2023-11-09,362.29998779296875,364.7900085449219,360.3599853515625,360.69000244140625,24847300
MSFT,2023-11-10,361.489990234375,370.1000061035156,361.07000732421875,369.6700134277344,28042100
MSFT,2023-11-13,368.2200012207031,368.4700012207031,365.8999938964844,366.67999267578125,19986500
MSFT,2023-11-14,371.010009765625,371.95001220703125,367.3500061035156,370.2699890136719,27683900
MSFT,2023-11-15,371.2799987792969,373.1300048828125,367.1099853515625,369.6700134277344,26860100
MSFT,2023-11-16,370.9599914550781,376.3500061035156,370.17999267578125,376.1700134277344,27182300
MSFT,2023-11-17,373.6099853515625,374.3699951171875,367.0,369.8500061035156,40157000
MSFT,2023-11-20,371.2200012207031,378.8699951171875,371.0,377.44000244140625,52465100
MSFT,2023-11-21,375.6700134277344,376.2200012207031,371.1199951171875,373.07000732421875,28423100
MSFT,2023-11-22,378.0,379.7900085449219,374.9700012207031,377.8500061035156,23345300
MSFT,2023-11-24,377.3299865722656,377.9700012207031,375.1400146484375,377.42999267578125,10176600
MSFT,2023-11-27,376.7799987792969,380.6400146484375,376.20001220703125,378.6099853515625,22179200
MSFT,2023-11-28,378.3500061035156,383.0,378.1600036621094,382.70001220703125,20453100
MSFT,2023-11-29,383.760009765625,384.29998779296875,377.44000244140625,378.8500061035156,28963400
MSFT,2023-11-30,378.489990234375,380.0899963378906,375.4700012207031,378.9100036621094,30554400
MSFT,2023-12-01,376.760009765625,378.1600036621094,371.30999755859375,374.510009765625,33040500
MSFT,2023-12-04,369.1000061035156,369.5199890136719,362.8999938964844,369.1400146484375,32063300
MSFT,2023-12-05,366.45001220703125,373.0799865722656,365.6199951171875,372.5199890136719,23065000
MSFT,2023-12-06,373.5400085449219,374.17999267578125,368.0299987792969,368.79998779296875,21182100
MSFT,2023-12-07,368.2300109863281,371.45001220703125,366.32000732421875,370.95001220703125,23118900
MSFT,2023-12-08,369.20001220703125,374.4599914550781,368.2300109863281,374.2300109863281,20154400
MSFT,2023-12-11,368.4800109863281,371.6000061035156,366.1000061035156,371.29998779296875,27708800
MSFT,2023-12-12,370.8500061035156,374.4200134277344,370.4599914550781,374.3800048828125,24838300
MSFT,2023-12-13,376.0199890136719,377.6400146484375,370.7699890136719,374.3699951171875,30955500
MSFT,2023-12-14,373.30999755859375,373.760009765625,364.1300048828125,365.92999267578125,43277500
MSFT,2023-12-15,366.8500061035156,372.3999938964844,366.2799987792969,370.7300109863281,78502300
MSFT,2023-12-18,369.45001220703125,373.0,368.67999267578125,372.6499938964844,21802900
MSFT,2023-12-19,371.489990234375,373.260009765625,369.8399963378906,373.260009765625,20603700
MSFT,2023-12-20,375.0,376.0299987792969,370.5299987792969,370.6199951171875,26316700
MSFT,2023-12-21,372.55999755859375,374.4100036621094,370.0400085449219,373.5400085449219,17708000
MSFT,2023-12-22,373.67999267578125,375.17999267578125,372.7099914550781,374.5799865722656,17107500
MSFT,2023-12-26,375.0,376.94000244140625,373.5,374.6600036621094,12673100
MSFT,2023-12-27,373.69000244140625,375.05999755859375,372.80999755859375,374.07000732421875,14905400
MSFT,2023-12-28,375.3699951171875,376.4599914550781,374.1600036621094,375.2799987792969,14327000
MSFT,2023-12-29,376.0,377.1600036621094,373.4800109863281,376.0400085449219,18730800
MSFT,2024-01-02,373.8599853515625,375.8999938964844,366.7699890136719,370.8699951171875,25258600
MSFT,2024-01-03,369.010009765625,373.260009765625,368.510009765625,370.6000061035156,23083500
MSFT,2024-01-04,370.6700134277344,373.1000061035156,367.1700134277344,367.94000244140625,20901500
MSFT,2024-01-05,368.9700012207031,372.05999755859375,366.5,367.75,21004600
MSFT,2024-01-08,369.29998779296875,375.20001220703125,369.010009765625,374.69000244140625,23134000
MSFT,2024-01-09,372.010009765625,375.989990234375,371.19000244140625,375.7900085449219,20830000
MSFT,2024-01-10,376.3699951171875,384.1700134277344,376.32000732421875,382.7699890136719,25514200
MSFT,2024-01-11,386.0,390.67999267578125,380.3800048828125,384.6300048828125,27850800
MSFT,2024-01-12,385.489990234375,388.67999267578125,384.6499938964844,388.4700012207031,21661200
MSFT,2024-01-16,393.6600036621094,394.0299987792969,387.6199951171875,390.2699890136719,27202300
MSFT,2024-01-17,387.9800109863281,390.1099853515625,384.80999755859375,389.4700012207031,22234100
MSFT,2024-01-18,391.7200012207031,393.989990234375,390.1199951171875,393.8699951171875,23392100
MSFT,2024-01-19,395.760009765625,398.6700134277344,393.5,398.6700134277344,29331100
MSFT,2024-01-22,400.0199890136719,400.6199951171875,393.5899963378906,396.510009765625,27016900
MSFT,2024-01-23,395.75,399.3800048828125,393.92999267578125,398.8999938964844,20525900
MSFT,2024-01-24,401.5400085449219,405.6300048828125,400.45001220703125,402.55999755859375,24867000
MSFT,2024-01-25,404.32000732421875,407.010009765625,402.5299987792969,404.8699951171875,21021200
MSFT,2024-01-26,404.3699951171875,406.1700134277344,402.42999267578125,403.92999267578125,17803300
MSFT,2024-01-29,406.05999755859375,409.9800109863281,404.3299865722656,409.7200012207031,24510200
MSFT,2024-01-30,412.260009765625,413.04998779296875,406.45001220703125,408.5899963378906,33477600
MSFT,2024-01-31,406.9599914550781,415.32000732421875,397.2099914550781,397.5799865722656,47871100
MSFT,2024-02-01,401.8299865722656,408.0,401.79998779296875,403.7799987792969,30657700
MSFT,2024-02-02,403.80999755859375,412.6499938964844,403.55999755859375,411.2200012207031,28256700
MSFT,2024-02-05,409.8999938964844,411.1600036621094,403.989990234375,405.6499938964844,25352300
MSFT,2024-02-06,405.8800048828125,407.9700012207031,402.9100036621094,405.489990234375,18382600
MSFT,2024-02-07,407.44000244140625,414.29998779296875,407.3999938964844,414.04998779296875,22340500
MSFT,2024-02-08,414.04998779296875,415.55999755859375,412.5299987792969,414.1099853515625,21225300
MSFT,2024-02-09,415.25,420.82000732421875,415.0899963378906,420.54998779296875,22032800
MSFT,2024-02-12,420.55999755859375,420.739990234375,414.75,415.260009765625,21202900
MSFT,2024-02-13,404.94000244140625,410.07000732421875,403.3900146484375,406.32000732421875,27824900
MSFT,2024-02-14,408.07000732421875,409.8399963378906,404.57000732421875,409.489990234375,20401200
MSFT,2024-02-15,408.1400146484375,409.1300048828125,404.2900085449219,406.55999755859375,21825500
MSFT,2024-02-16,407.9599914550781,408.2900085449219,403.44000244140625,404.05999755859375,22296500
MSFT,2024-02-20,403.239990234375,404.489990234375,398.010009765625,402.7900085449219,24307900
MSFT,2024-02-21,400.1700134277344,402.2900085449219,397.2200012207031,402.17999267578125,18518900
MSFT,2024-02-22,410.19000244140625,412.8299865722656,408.57000732421875,411.6499938964844,27009900
MSFT,2024-02-23,415.6700134277344,415.8599853515625,408.9700012207031,410.3399963378906,16295900
MSFT,2024-02-26,411.4599914550781,412.1600036621094,407.3599853515625,407.5400085449219,16193500
MSFT,2024-02-27,407.989990234375,408.32000732421875,403.8500061035156,407.4800109863281,14835800
MSFT,2024-02-28,408.17999267578125,409.29998779296875,405.32000732421875,407.7200012207031,13183100
MSFT,2024-02-29,408.6400146484375,414.20001220703125,405.9200134277344,413.6400146484375,31947300
MSFT,2024-03-01,411.2699890136719,415.8699951171875,410.8800048828125,415.5,17823400
MSFT,2024-03-04,413.44000244140625,417.3500061035156,412.32000732421875,414.9200134277344,17596000
MSFT,2024-03-05,413.9599914550781,414.25,400.6400146484375,402.6499938964844,26919200
MSFT,2024-03-06,402.9700012207031,405.1600036621094,398.3900146484375,402.0899963378906,22344100
MSFT,2024-03-07,406.1199951171875,409.7799987792969,402.239990234375,409.1400146484375,18718500
MSFT,2024-03-08,407.9599914550781,410.4200134277344,404.3299865722656,406.2200012207031,18002200
MSFT,2024-03-11,403.760009765625,405.67999267578125,401.260009765625,404.5199890136719,16120800
MSFT,2024-03-12,407.6199951171875,415.57000732421875,406.7900085449219,415.2799987792969,22457000
MSFT,2024-03-13,418.1000061035156,418.17999267578125,411.45001220703125,415.1000061035156,17115900
MSFT,2024-03-14,420.239990234375,427.82000732421875,417.989990234375,425.2200012207031,34157300
MSFT,2024-03-15,419.2900085449219,422.6000061035156,412.7900085449219,416.4200134277344,45079900
MSFT,2024-03-18,414.25,420.7300109863281,413.7799987792969,417.32000732421875,20106000
MSFT,2024-03-19,417.8299865722656,421.6700134277344,415.54998779296875,421.4100036621094,19837900
MSFT,2024-03-20,422.0,425.9599914550781,420.6600036621094,425.2300109863281,17860100
MSFT,2024-03-21,429.8299865722656,430.82000732421875,427.1600036621094,429.3699951171875,21296200
MSFT,2024-03-22,429.70001220703125,429.8599853515625,426.07000732421875,428.739990234375,17648500
MSFT,2024-03-25,425.239990234375,427.4100036621094,421.6099853515625,422.8599853515625,18060500
MSFT,2024-03-26,425.6099853515625,425.989990234375,421.3500061035156,421.6499938964844,16725600
MSFT,2024-03-27,424.44000244140625,424.45001220703125,419.010009765625,421.42999267578125,16705000
MSFT,2024-03-28,420.9599914550781,421.8699951171875,419.1199951171875,420.7200012207031,21871200
AMZN,2022-01-03,167.5500030517578,170.70350646972656,166.16050720214844,170.4044952392578,63520000
AMZN,2022-01-04,170.43800354003906,171.39999389648438,166.34950256347656,167.52200317382812,70726000
AMZN,2022-01-05,166.88299560546875,167.12649536132812,164.35699462890625,164.35699462890625,64302000
AMZN,2022-01-06,163.45050048828125,164.8000030517578,161.93699645996094,163.25399780273438,51958000
AMZN,2022-01-07,163.83900451660156,165.24349975585938,162.031005859375,162.5540008544922,46606000
AMZN,2022-01-10,160.5854949951172,161.6614990234375,156.30450439453125,161.48599243164062,87798000
AMZN,2022-01-11,161.5,166.35000610351562,160.70150756835938,165.36199951171875,62806000
AMZN,2022-01-12,166.5749969482422,166.8780059814453,164.41700744628906,165.20700073242188,50030000
AMZN,2022-01-13,165.25050354003906,166.22149658203125,161.09100341796875,161.21400451660156,52188000
AMZN,2022-01-14,160.14999389648438,162.25,159.80050659179688,162.13800048828125,45974000
AMZN,2022-01-18,159.10499572753906,159.7344970703125,157.6645050048828,158.91749572753906,67292000
AMZN,2022-01-19,158.76199340820312,159.25,156.25,156.2989959716797,53242000
AMZN,2022-01-20,156.76600646972656,158.0,151.3509979248047,151.66749572753906,71974000
AMZN,2022-01-21,149.9499969482422,150.89999389648438,142.07049560546875,142.64300537109375,163972000
AMZN,2022-01-24,139.0,144.94500732421875,135.3520050048828,144.54400634765625,155624000
AMZN,2022-01-25,142.24249267578125,143.60000610351562,138.14500427246094,139.98599243164062,90824000
AMZN,2022-01-26,144.75,145.18499755859375,137.31849670410156,138.87249755859375,95602000
AMZN,2022-01-27,140.8000030517578,144.24349975585938,139.35000610351562,139.6374969482422,77516000
AMZN,2022-01-28,140.86050415039062,143.9980010986328,137.92950439453125,143.97799682617188,74392000
AMZN,2022-01-31,144.75,150.36050415039062,144.30050659179688,149.57350158691406,78308000
AMZN,2022-02-01,150.0,151.70799255371094,147.62750244140625,151.19349670410156,59220000
AMZN,2022-02-02,155.05050659179688,155.0749969482422,148.86349487304688,150.6125030517578,87330000
AMZN,2022-02-03,141.7375030517578,144.24749755859375,138.33299255371094,138.8455047607422,225532000
AMZN,2022-02-04,155.60650634765625,161.1999969482422,150.60800170898438,157.63949584960938,253456000
AMZN,2022-02-07,158.52000427246094,162.6909942626953,157.25,157.9355010986328,102624000
AMZN,2022-02-08,156.75050354003906,161.79249572753906,155.55050659179688,161.4134979248047,76040000
AMZN,2022-02-09,162.87350463867188,163.83450317382812,160.25,161.1894989013672,68786000
AMZN,2022-02-10,158.35000610351562,160.7165069580078,157.75,159.0034942626953,68268000
AMZN,2022-02-11,158.13450622558594,159.0,152.73399353027344,153.2935028076172,77100000
AMZN,2022-02-14,151.75100708007812,158.44850158691406,151.64999389648438,155.16700744628906,83230000
AMZN,2022-02-15,157.60549926757812,158.0070037841797,154.6374969482422,156.510498046875,56440000
AMZN,2022-02-16,155.79049682617188,158.83399963378906,154.7344970703125,158.10049438476562,52704000
AMZN,2022-02-17,158.14599609375,160.3489990234375,154.5,154.65249633789062,64032000
AMZN,2022-02-18,155.49949645996094,155.49949645996094,150.89300537109375,152.60150146484375,63604000
AMZN,2022-02-22,150.47850036621094,152.9824981689453,148.48550415039062,150.19749450683594,66128000
AMZN,2022-02-23,151.65049743652344,151.76300048828125,144.6510009765625,144.82699584960938,64244000
AMZN,2022-02-24,139.83749389648438,151.74899291992188,139.5,151.35800170898438,100786000
AMZN,2022-02-25,150.5500030517578,153.99000549316406,149.2135009765625,153.7884979248047,62396000
AMZN,2022-02-28,152.4250030517578,154.4499969482422,150.85000610351562,153.56300354003906,57684000
AMZN,2022-03-01,152.7324981689453,154.0989990234375,149.9770050048828,151.14199829101562,44874000
AMZN,2022-03-02,150.8489990234375,152.99949645996094,148.75,152.05250549316406,47334000
AMZN,2022-03-03,153.531494140625,153.9290008544922,146.8560028076172,147.89849853515625,65198000
AMZN,2022-03-04,147.15899658203125,147.85000610351562,143.8070068359375,145.64100646972656,60934000
AMZN,2022-03-07,145.44349670410156,146.09449768066406,137.41650390625,137.4530029296875,86934000
AMZN,2022-03-08,136.68350219726562,140.69949340820312,133.57249450683594,136.01449584960938,91662000
AMZN,2022-03-09,139.5,140.25,136.8280029296875,139.2790069580078,82656000
AMZN,2022-03-10,145.68499755859375,148.67449951171875,143.97799682617188,146.8175048828125,135062000
AMZN,2022-03-11,149.57449340820312,149.6750030517578,145.36900329589844,145.52450561523438,68900000
AMZN,2022-03-14,145.9810028076172,147.4499969482422,140.88400268554688,141.85299682617188,74086000
AMZN,2022-03-15,142.85000610351562,147.98500061035156,142.0,147.3665008544922,75584000
AMZN,2022-03-16,148.5,153.14999389648438,147.35350036621094,153.10400390625,84958000
AMZN,2022-03-17,152.6405029296875,157.49850463867188,152.13999938964844,157.23899841308594,72934000
AMZN,2022-03-18,156.81300354003906,161.593994140625,156.01100158691406,161.25050354003906,102962000
AMZN,2022-03-21,161.12100219726562,163.08399963378906,159.55299377441406,161.4915008544922,66538000
AMZN,2022-03-22,161.8054962158203,166.16700744628906,161.69900512695312,164.88900756835938,64086000
AMZN,2022-03-23,163.7050018310547,166.3699951171875,162.68699645996094,163.4080047607422,55812000
AMZN,2022-03-24,163.74949645996094,164.11849975585938,160.0500030517578,163.64950561523438,56798000
AMZN,2022-03-25,164.0,165.36849975585938,162.25,164.77349853515625,49032000
AMZN,2022-03-28,164.97500610351562,169.03750610351562,164.89999389648438,168.99049377441406,59854000
AMZN,2022-03-29,170.38400268554688,170.8314971923828,167.86849975585938,169.31500244140625,66154000
AMZN,2022-03-30,168.50950622558594,168.95050048828125,165.5,166.30099487304688,56168000
AMZN,2022-03-31,166.44500732421875,166.4949951171875,162.95350646972656,162.99749755859375,59966000
AMZN,2022-04-01,164.14950561523438,165.82699584960938,162.3195037841797,163.55999755859375,57090000
AMZN,2022-04-04,164.125,168.39450073242188,163.20550537109375,168.34649658203125,49882000
AMZN,2022-04-05,167.7415008544922,168.11050415039062,163.26600646972656,164.05499267578125,53728000
AMZN,2022-04-06,161.65049743652344,162.1999969482422,157.25450134277344,158.75599670410156,79056000
AMZN,2022-04-07,158.39999389648438,160.07899475097656,154.51150512695312,157.7845001220703,68136000
AMZN,2022-04-08,156.75,157.36849975585938,154.2310028076172,154.4604949951172,46002000
AMZN,2022-04-11,152.71299743652344,154.13650512695312,150.5345001220703,151.1219940185547,52112000
AMZN,2022-04-12,153.6925048828125,155.0989990234375,150.38299560546875,150.78750610351562,55178000
AMZN,2022-04-13,150.01849365234375,156.02499389648438,149.60000610351562,155.54100036621094,53390000
AMZN,2022-04-14,155.38999938964844,155.89700317382812,151.4720001220703,151.7064971923828,51598000
AMZN,2022-04-18,151.52349853515625,154.0395050048828,150.25050354003906,152.78500366210938,46514000
AMZN,2022-04-19,152.0294952392578,158.6490020751953,151.55050659179688,158.11549377441406,54926000
AMZN,2022-04-20,157.6024932861328,157.6024932861328,153.60350036621094,153.9980010986328,59630000
AMZN,2022-04-21,154.71400451660156,156.73800659179688,147.58949279785156,148.29600524902344,63970000
AMZN,2022-04-22,148.25,149.61500549316406,143.69749450683594,144.35000610351562,73078000
AMZN,2022-04-25,144.0229949951172,146.22149658203125,142.30650329589844,146.07400512695312,61874000
AMZN,2022-04-26,144.8000030517578,144.8560028076172,138.92950439453125,139.39100646972656,77530000
AMZN,2022-04-27,140.19149780273438,141.94850158691406,135.7834930419922,138.16700744628906,71336000
AMZN,2022-04-28,142.17799377441406,145.9375,140.3000030517578,144.59649658203125,117316000
AMZN,2022-04-29,129.8489990234375,130.76100158691406,121.625,124.28150177001953,272662000
AMZN,2022-05-02,122.4010009765625,124.66799926757812,118.375,124.5,148788000
AMZN,2022-05-03,124.05349731445312,126.22049713134766,122.82499694824219,124.25350189208984,79134000
AMZN,2022-05-04,123.5999984741211,126.0,119.18299865722656,125.92849731445312,110746000
AMZN,2022-05-05,123.0,123.4990005493164,115.07250213623047,116.40699768066406,144392000
AMZN,2022-05-06,114.8499984741211,119.05049896240234,113.08149719238281,114.77249908447266,124260000
AMZN,2022-05-09,111.3125,114.0,107.95700073242188,108.78900146484375,128124000
AMZN,2022-05-10,111.25,112.64250183105469,107.1709976196289,108.85900115966797,105434000
AMZN,2022-05-11,108.10350036621094,110.15599822998047,104.42849731445312,105.37200164794922,109704000
AMZN,2022-05-12,102.75,110.78050231933594,102.40550231933594,106.93049621582031,132026000
AMZN,2022-05-13,109.06900024414062,113.18399810791016,107.80000305175781,113.05500030517578,93684000
AMZN,2022-05-16,113.0999984741211,113.99250030517578,110.35399627685547,110.81050109863281,74566000
AMZN,2022-05-17,113.2750015258789,115.80000305175781,111.27649688720703,115.36849975585938,76448000
AMZN,2022-05-18,111.43949890136719,112.85299682617188,106.2490005493164,107.11250305175781,108380000
AMZN,2022-05-19,106.28050231933594,110.03399658203125,106.19300079345703,107.31900024414062,88142000
AMZN,2022-05-20,109.56849670410156,109.89800262451172,105.0094985961914,107.59100341796875,99500000
AMZN,2022-05-23,108.46099853515625,108.81900024414062,103.94999694824219,107.55699920654297,107798000
AMZN,2022-05-24,104.0250015258789,105.4000015258789,101.26000213623047,104.0999984741211,102934000
AMZN,2022-05-25,103.65550231933594,108.17500305175781,103.6500015258789,106.7750015258789,93120000
AMZN,2022-05-26,107.97000122070312,112.66549682617188,107.45349884033203,111.07749938964844,93002000
AMZN,2022-05-27,113.55000305175781,115.18699645996094,112.62799835205078,115.14649963378906,93660000
AMZN,2022-05-31,116.27999877929688,121.99449920654297,115.67500305175781,120.20950317382812,144634000
AMZN,2022-06-01,122.25599670410156,125.17900085449219,120.62249755859375,121.68399810791016,127528000
AMZN,2022-06-02,121.68399810791016,125.61000061035156,120.04499816894531,125.51100158691406,100560000
AMZN,2022-06-03,124.19999694824219,124.4000015258789,121.04650115966797,122.3499984741211,97604000
AMZN,2022-06-06,125.25,128.99000549316406,123.80999755859375,124.79000091552734,135269000
AMZN,2022-06-07,122.01000213623047,124.0999984741211,120.62999725341797,123.0,85156700
AMZN,2022-06-08,122.61000061035156,123.75,120.75,121.18000030517578,64926600
AMZN,2022-06-09,119.98999786376953,121.30000305175781,116.0999984741211,116.1500015258789,67029800
AMZN,2022-06-10,113.41999816894531,114.5,109.05000305175781,109.6500015258789,87266000
AMZN,2022-06-13,104.19000244140625,106.54000091552734,101.86000061035156,103.66999816894531,99277700
AMZN,2022-06-14,104.19000244140625,104.87999725341797,101.43000030517578,102.30999755859375,69728800
AMZN,2022-06-15,103.86000061035156,109.05999755859375,103.52999877929688,107.66999816894531,85011100
AMZN,2022-06-16,104.47000122070312,104.58000183105469,102.01000213623047,103.66000366210938,82186300
AMZN,2022-06-17,102.80000305175781,106.9800033569336,102.51000213623047,106.22000122070312,99772100
AMZN,2022-06-21,108.19999694824219,111.62999725341797,103.55999755859375,108.68000030517578,70901200
AMZN,2022-06-22,107.43000030517578,112.12999725341797,107.0199966430664,108.94999694824219,60040100
AMZN,2022-06-23,110.38999938964844,113.0,107.93000030517578,112.44000244140625,64345300
AMZN,2022-06-24,112.37999725341797,116.70999908447266,111.43000030517578,116.45999908447266,69867600
AMZN,2022-06-27,117.08999633789062,117.9800033569336,112.69999694824219,113.22000122070312,62133200
AMZN,2022-06-28,113.5,114.8499984741211,107.04000091552734,107.4000015258789,74942900
AMZN,2022-06-29,107.37999725341797,110.98999786376953,106.91000366210938,108.91999816894531,66375300
AMZN,2022-06-30,108.11000061035156,108.18000030517578,102.5199966430664,106.20999908447266,97679400
AMZN,2022-07-01,106.29000091552734,109.75,105.8499984741211,109.55999755859375,73021200
AMZN,2022-07-05,107.5999984741211,114.08000183105469,106.31999969482422,113.5,76583700
AMZN,2022-07-06,113.20999908447266,115.4800033569336,112.01000213623047,114.33000183105469,66958900
AMZN,2022-07-07,113.8499984741211,116.98999786376953,113.48999786376953,116.33000183105469,57872300
AMZN,2022-07-08,114.5999984741211,116.58000183105469,113.69000244140625,115.54000091552734,45719700
AMZN,2022-07-11,114.08000183105469,114.30000305175781,110.87000274658203,111.75,53487600
AMZN,2022-07-12,112.16000366210938,113.2300033569336,108.33999633789062,109.22000122070312,54280300
AMZN,2022-07-13,107.02999877929688,111.77999877929688,106.01000213623047,110.4000015258789,61353800
AMZN,2022-07-14,110.23999786376953,111.18000030517578,107.58000183105469,110.62999725341797,51163100
AMZN,2022-07-15,112.5,115.58999633789062,111.58999633789062,113.55000305175781,84317800
AMZN,2022-07-18,115.0,117.23999786376953,113.1500015258789,113.76000213623047,59115400
AMZN,2022-07-19,115.69999694824219,118.94999694824219,114.02999877929688,118.20999908447266,60990000
AMZN,2022-07-20,118.62000274658203,123.4800033569336,118.31999969482422,122.7699966430664,71268300
AMZN,2022-07-21,123.19999694824219,124.8499984741211,121.26000213623047,124.62999725341797,60239900
AMZN,2022-07-22,125.01000213623047,125.5,121.3499984741211,122.41999816894531,51463800
AMZN,2022-07-25,122.69999694824219,123.63999938964844,120.02999877929688,121.13999938964844,50221300
AMZN,2022-07-26,115.79000091552734,118.1500015258789,114.52999877929688,114.80999755859375,67075100
AMZN,2022-07-27,117.30999755859375,121.9000015258789,117.16000366210938,120.97000122070312,61582000
AMZN,2022-07-28,121.56999969482422,122.83999633789062,118.08000183105469,122.27999877929688,82245500
AMZN,2022-07-29,134.89999389648438,137.64999389648438,132.41000366210938,134.9499969482422,148892900
AMZN,2022-08-01,134.9600067138672,138.8300018310547,133.50999450683594,135.38999938964844,76846900
AMZN,2022-08-02,134.72000122070312,137.44000244140625,134.08999633789062,134.16000366210938,61922400
AMZN,2022-08-03,136.2100067138672,140.49000549316406,136.0500030517578,139.52000427246094,71827800
AMZN,2022-08-04,140.5800018310547,143.55999755859375,139.5500030517578,142.57000732421875,70585000
AMZN,2022-08-05,140.10000610351562,142.86000061035156,139.60000610351562,140.8000030517578,50686900
AMZN,2022-08-08,142.0500030517578,144.22999572753906,138.2899932861328,139.41000366210938,52229000
AMZN,2022-08-09,138.0500030517578,138.9499969482422,136.2100067138672,137.8300018310547,40434700
AMZN,2022-08-10,142.89999389648438,144.60000610351562,141.00999450683594,142.69000244140625,54773800
AMZN,2022-08-11,143.86000061035156,144.49000549316406,139.75999450683594,140.63999938964844,44867300
AMZN,2022-08-12,142.0500030517578,143.57000732421875,140.1199951171875,143.5500030517578,47643500
AMZN,2022-08-15,142.8000030517578,143.75999450683594,141.49000549316406,143.17999267578125,39014600
AMZN,2022-08-16,143.91000366210938,146.57000732421875,142.0,144.77999877929688,59102900
AMZN,2022-08-17,142.69000244140625,143.3800048828125,140.77999877929688,142.10000610351562,48149800
AMZN,2022-08-18,141.32000732421875,142.77000427246094,140.3800048828125,142.3000030517578,37458700
AMZN,2022-08-19,140.47000122070312,141.11000061035156,137.91000366210938,138.22999572753906,47792800
AMZN,2022-08-22,135.72000122070312,136.32000732421875,132.85000610351562,133.22000122070312,50461500
AMZN,2022-08-23,133.41000366210938,134.99000549316406,132.9499969482422,133.6199951171875,36252100
AMZN,2022-08-24,132.75,135.47000122070312,132.10000610351562,133.8000030517578,38627000
AMZN,2022-08-25,135.25999450683594,137.4199981689453,134.27999877929688,137.27999877929688,37496300
AMZN,2022-08-26,136.5500030517578,137.8300018310547,130.5,130.75,53322700
AMZN,2022-08-29,129.89999389648438,131.9499969482422,128.77000427246094,129.7899932861328,48101600
AMZN,2022-08-30,131.25,132.07000732421875,126.8499984741211,128.72999572753906,49203000
AMZN,2022-08-31,129.4499969482422,130.58999633789062,126.73999786376953,126.7699966430664,53648700
AMZN,2022-09-01,126.0,128.02000427246094,123.66000366210938,127.81999969482422,56636100
AMZN,2022-09-02,129.5,131.3800048828125,126.38999938964844,127.51000213623047,57429800
AMZN,2022-09-06,127.91999816894531,128.6199951171875,124.73999786376953,126.11000061035156,43888600
AMZN,2022-09-07,126.12000274658203,129.82000732421875,125.4000015258789,129.47999572753906,47900300
AMZN,2022-09-08,127.72000122070312,130.27999877929688,127.0999984741211,129.82000732421875,43988500
AMZN,2022-09-09,130.91000366210938,133.69000244140625,130.75999450683594,133.27000427246094,49387600
AMZN,2022-09-12,134.10000610351562,136.49000549316406,134.0,136.4499969482422,53826900
AMZN,2022-09-13,131.00999450683594,131.39999389648438,126.2699966430664,126.81999969482422,72694000
AMZN,2022-09-14,127.36000061035156,128.83999633789062,126.33000183105469,128.5500030517578,45316800
AMZN,2022-09-15,127.37999725341797,130.3699951171875,125.5,126.27999877929688,52887200
AMZN,2022-09-16,122.77999877929688,123.87000274658203,120.69999694824219,123.52999877929688,115667800
AMZN,2022-09-19,122.16000366210938,124.70999908447266,121.80000305175781,124.66000366210938,47279700
AMZN,2022-09-20,123.3499984741211,124.4000015258789,121.13999938964844,122.19000244140625,47698400
AMZN,2022-09-21,122.48999786376953,123.76000213623047,118.44999694824219,118.54000091552734,58498900
AMZN,2022-09-22,117.08000183105469,118.79000091552734,116.26000213623047,117.30999755859375,55229200
AMZN,2022-09-23,116.0,116.05000305175781,112.05999755859375,113.77999877929688,65126700
AMZN,2022-09-26,113.30000305175781,117.33999633789062,113.12999725341797,115.1500015258789,62723300
AMZN,2022-09-27,117.19999694824219,118.31999969482422,113.05000305175781,114.41000366210938,60094700
AMZN,2022-09-28,114.37999725341797,118.69999694824219,113.80000305175781,118.01000213623047,55763800
AMZN,2022-09-29,115.5999984741211,116.06999969482422,113.05999755859375,114.80000305175781,58969700
AMZN,2022-09-30,114.08000183105469,116.91999816894531,112.83999633789062,113.0,59479600
AMZN,2022-10-03,113.58000183105469,116.91000366210938,112.44999694824219,115.87999725341797,50941900
AMZN,2022-10-04,119.88999938964844,123.0,119.79000091552734,121.08999633789062,62812600
AMZN,2022-10-05,118.58000183105469,121.75,117.69000244140625,120.94999694824219,48217500
AMZN,2022-10-06,120.7699966430664,121.52999877929688,119.5,120.30000305175781,42253800
AMZN,2022-10-07,118.0,118.16999816894531,113.87999725341797,114.55999755859375,54678000
AMZN,2022-10-10,115.0999984741211,116.25,112.43000030517578,113.66999816894531,42339700
AMZN,2022-10-11,112.70999908447266,115.4800033569336,110.38999938964844,112.20999908447266,56432200
AMZN,2022-10-12,112.48999786376953,113.83000183105469,111.4000015258789,112.9000015258789,45728700
AMZN,2022-10-13,107.87999725341797,113.44000244140625,105.3499984741211,112.52999877929688,86868100
AMZN,2022-10-14,114.0999984741211,114.95999908447266,106.5999984741211,106.9000015258789,67737300
AMZN,2022-10-17,110.11000061035156,114.19000244140625,110.08999633789062,113.79000091552734,62782000
AMZN,2022-10-18,119.05999755859375,119.5199966430664,114.79000091552734,116.36000061035156,65607400
AMZN,2022-10-19,114.70999908447266,116.58999633789062,113.22000122070312,115.06999969482422,47198100
AMZN,2022-10-20,113.83000183105469,118.23999786376953,113.51000213623047,115.25,48795100
AMZN,2022-10-21,114.79000091552734,119.58999633789062,114.5,119.31999969482422,55660500
AMZN,2022-10-24,119.9800033569336,120.38999938964844,116.56999969482422,119.81999969482422,49531500
AMZN,2022-10-25,119.6500015258789,121.31999969482422,118.94999694824219,120.5999984741211,50934600
AMZN,2022-10-26,116.0,119.3499984741211,114.76000213623047,115.66000366210938,68802300
AMZN,2022-10-27,113.91999816894531,114.12000274658203,109.7699966430664,110.95999908447266,129605400
AMZN,2022-10-28,97.91000366210938,103.95999908447266,97.66000366210938,103.41000366210938,223133400
AMZN,2022-10-31,103.55999755859375,104.87000274658203,100.73999786376953,102.44000244140625,99251400
AMZN,2022-11-01,103.98999786376953,104.58000183105469,96.05999755859375,96.79000091552734,153370000
AMZN,2022-11-02,97.31999969482422,97.73999786376953,92.01000213623047,92.12000274658203,135761800
AMZN,2022-11-03,92.47000122070312,93.5,89.0199966430664,89.30000305175781,136683300
AMZN,2022-11-04,91.48999786376953,92.44000244140625,88.04000091552734,90.9800033569336,129101300
AMZN,2022-11-07,91.94999694824219,92.0999984741211,89.04000091552734,90.52999877929688,77495700
AMZN,2022-11-08,90.79000091552734,91.72000122070312,88.2300033569336,89.9800033569336,88703400
AMZN,2022-11-09,89.47000122070312,89.4800033569336,85.87000274658203,86.13999938964844,90796200
AMZN,2022-11-10,92.94000244140625,98.69000244140625,91.6500015258789,96.62999725341797,173414900
AMZN,2022-11-11,97.87999725341797,101.19000244140625,96.66000366210938,100.79000091552734,111590500
AMZN,2022-11-14,98.7699966430664,100.12000274658203,97.29000091552734,98.48999786376953,99533100
AMZN,2022-11-15,103.20999908447266,103.79000091552734,97.33999633789062,98.94000244140625,111336300
AMZN,2022-11-16,96.8499984741211,98.48999786376953,95.54000091552734,97.12000274658203,87958800
AMZN,2022-11-17,95.37000274658203,96.97000122070312,94.02999877929688,94.8499984741211,82617900
AMZN,2022-11-18,95.94999694824219,95.98999786376953,92.4800033569336,94.13999938964844,72428200
AMZN,2022-11-21,93.97000122070312,95.0199966430664,90.58999633789062,92.45999908447266,84330300
AMZN,2022-11-22,92.62000274658203,93.3499984741211,90.87000274658203,93.19999694824219,62192000
AMZN,2022-11-23,93.23999786376953,94.58000183105469,92.83000183105469,94.12999725341797,59414700
AMZN,2022-11-25,93.79000091552734,94.43000030517578,93.06999969482422,93.41000366210938,35088600
AMZN,2022-11-28,93.93000030517578,96.4000015258789,93.43000030517578,93.94999694824219,74943100
AMZN,2022-11-29,94.04000091552734,94.41000366210938,91.44000244140625,92.41999816894531,65567300
AMZN,2022-11-30,92.47000122070312,96.54000091552734,91.52999877929688,96.54000091552734,102805800
AMZN,2022-12-01,96.98999786376953,97.2300033569336,94.91999816894531,95.5,68488000
AMZN,2022-12-02,94.4800033569336,95.36000061035156,93.77999877929688,94.12999725341797,72496400
AMZN,2022-12-05,93.05000305175781,94.05999755859375,90.81999969482422,91.01000213623047,71535500
AMZN,2022-12-06,90.5,91.04000091552734,87.9000015258789,88.25,75503600
AMZN,2022-12-07,88.33999633789062,89.88999938964844,87.4800033569336,88.45999908447266,68086900
AMZN,2022-12-08,89.23999786376953,90.86000061035156,87.87999725341797,90.3499984741211,73305900
AMZN,2022-12-09,88.9000015258789,90.30000305175781,88.62999725341797,89.08999633789062,67398500
AMZN,2022-12-12,89.20999908447266,90.58000183105469,87.87000274658203,90.55000305175781,61999800
AMZN,2022-12-13,95.2300033569336,96.25,90.5199966430664,92.48999786376953,100212000
AMZN,2022-12-14,92.5,93.45999908447266,89.87000274658203,91.58000183105469,70298000
AMZN,2022-12-15,89.88999938964844,89.97000122070312,87.47000122070312,88.44999694824219,84802900
AMZN,2022-12-16,88.2699966430664,89.3499984741211,86.7300033569336,87.86000061035156,146144100
AMZN,2022-12-19,87.51000213623047,87.62999725341797,84.51000213623047,84.91999816894531,83531500
AMZN,2022-12-20,85.33000183105469,86.61000061035156,84.33000183105469,85.19000244140625,74348300
AMZN,2022-12-21,86.18000030517578,87.2300033569336,85.20999908447266,86.7699966430664,59267200
AMZN,2022-12-22,85.5199966430664,85.68000030517578,82.25,83.79000091552734,81431300
AMZN,2022-12-23,83.25,85.77999877929688,82.93000030517578,85.25,57433700
AMZN,2022-12-27,84.97000122070312,85.3499984741211,83.0,83.04000091552734,57284000
AMZN,2022-12-28,82.80000305175781,83.4800033569336,81.69000244140625,81.81999969482422,58228600
AMZN,2022-12-29,82.87000274658203,84.55000305175781,82.55000305175781,84.18000030517578,54995900
AMZN,2022-12-30,83.12000274658203,84.05000305175781,82.47000122070312,84.0,62401200
AMZN,2023-01-03,85.45999908447266,86.95999908447266,84.20999908447266,85.81999969482422,76706000
AMZN,2023-01-04,86.55000305175781,86.9800033569336,83.36000061035156,85.13999938964844,68885100
AMZN,2023-01-05,85.33000183105469,85.41999816894531,83.06999969482422,83.12000274658203,67930800
AMZN,2023-01-06,83.02999877929688,86.4000015258789,81.43000030517578,86.08000183105469,83303400
AMZN,2023-01-09,87.45999908447266,89.4800033569336,87.08000183105469,87.36000061035156,65266100
AMZN,2023-01-10,87.56999969482422,90.19000244140625,87.29000091552734,89.87000274658203,67756600
AMZN,2023-01-11,90.93000030517578,95.26000213623047,90.93000030517578,95.08999633789062,103126200
AMZN,2023-01-12,96.93000030517578,97.19000244140625,93.5,95.2699966430664,85254800
AMZN,2023-01-13,94.18000030517578,98.37000274658203,94.12000274658203,98.12000274658203,85549400
AMZN,2023-01-17,98.68000030517578,98.88999938964844,95.7300033569336,96.05000305175781,72755000
AMZN,2023-01-18,97.25,99.31999969482422,95.37999725341797,95.45999908447266,79570400
AMZN,2023-01-19,94.73999786376953,95.44000244140625,92.86000061035156,93.68000030517578,69002700
AMZN,2023-01-20,93.86000061035156,97.3499984741211,93.19999694824219,97.25,67481500
AMZN,2023-01-23,97.55999755859375,97.77999877929688,95.86000061035156,97.5199966430664,76501100
AMZN,2023-01-24,96.93000030517578,98.08999633789062,96.0,96.31999969482422,66929500
AMZN,2023-01-25,92.55999755859375,97.23999786376953,91.5199966430664,97.18000030517578,94261600
AMZN,2023-01-26,98.23999786376953,99.48999786376953,96.91999816894531,99.22000122070312,68523600
AMZN,2023-01-27,99.52999877929688,103.48999786376953,99.52999877929688,102.23999786376953,87775600
AMZN,2023-01-30,101.08999633789062,101.73999786376953,99.01000213623047,100.55000305175781,70691900
AMZN,2023-01-31,101.16000366210938,103.3499984741211,101.13999938964844,103.12999725341797,66527300
AMZN,2023-02-01,102.52999877929688,106.23999786376953,101.23999786376953,105.1500015258789,80450100
AMZN,2023-02-02,110.25,114.0,108.87999725341797,112.91000366210938,158154200
AMZN,2023-02-03,105.26000213623047,108.77999877929688,102.5199966430664,103.38999938964844,144374800
AMZN,2023-02-06,102.93000030517578,103.94999694824219,100.6500015258789,102.18000030517578,81945200
AMZN,2023-02-07,101.16999816894531,102.41000366210938,98.08000183105469,102.11000061035156,119501300
AMZN,2023-02-08,102.04000091552734,102.66999816894531,98.77999877929688,100.05000305175781,75878300
AMZN,2023-02-09,101.31999969482422,101.77999877929688,97.56999969482422,98.23999786376953,64622500
AMZN,2023-02-10,97.55999755859375,98.81999969482422,96.2300033569336,97.61000061035156,52740100
AMZN,2023-02-13,97.8499984741211,99.68000030517578,96.91000366210938,99.54000091552734,52841500
AMZN,2023-02-14,98.41000366210938,100.91999816894531,97.5199966430664,99.69999694824219,56202900
AMZN,2023-02-15,99.08999633789062,101.16999816894531,98.44999694824219,101.16000366210938,47957600
AMZN,2023-02-16,99.20999908447266,100.62999725341797,98.0999984741211,98.1500015258789,56339200
AMZN,2023-02-17,97.80000305175781,97.94000244140625,95.6500015258789,97.19999694824219,60029400
AMZN,2023-02-21,95.33999633789062,95.61000061035156,94.2699966430664,94.58000183105469,56580400
AMZN,2023-02-22,95.0999984741211,97.01000213623047,94.80000305175781,95.79000091552734,59534100
AMZN,2023-02-23,96.12000274658203,96.43000030517578,93.66999816894531,95.81999969482422,48467000
AMZN,2023-02-24,93.52999877929688,94.13999938964844,92.31999969482422,93.5,57053800
AMZN,2023-02-27,94.27999877929688,94.77999877929688,93.13999938964844,93.76000213623047,47470300
AMZN,2023-02-28,93.13999938964844,94.69000244140625,92.91999816894531,94.2300033569336,43959300
AMZN,2023-03-01,93.87000274658203,94.68000030517578,91.58999633789062,92.16999816894531,52299500
AMZN,2023-03-02,91.41000366210938,92.2300033569336,90.38999938964844,92.12999725341797,55509400
AMZN,2023-03-03,92.73999786376953,94.94000244140625,92.66000366210938,94.9000015258789,55759600
AMZN,2023-03-06,95.19000244140625,96.55000305175781,93.73999786376953,93.75,52112400
AMZN,2023-03-07,94.05999755859375,95.08999633789062,92.77999877929688,93.55000305175781,49100700
AMZN,2023-03-08,93.5999984741211,94.16999816894531,92.18000030517578,93.91999816894531,44899100
AMZN,2023-03-09,93.68000030517578,96.20999908447266,92.18000030517578,92.25,56218700
AMZN,2023-03-10,92.66999816894531,93.56999969482422,90.25,90.7300033569336,69827500
AMZN,2023-03-13,89.97000122070312,94.0199966430664,88.12000274658203,92.43000030517578,72397100
AMZN,2023-03-14,93.83000183105469,95.06999969482422,92.70999908447266,94.87999725341797,60912700
AMZN,2023-03-15,93.22000122070312,96.66999816894531,93.06999969482422,96.19999694824219,70731800
AMZN,2023-03-16,95.75,100.98999786376953,95.61000061035156,100.04000091552734,84446900
AMZN,2023-03-17,99.79000091552734,100.66000366210938,97.45999908447266,98.94999694824219,87300200
AMZN,2023-03-20,98.41000366210938,98.4800033569336,95.69999694824219,97.70999908447266,62388900
AMZN,2023-03-21,98.13999938964844,100.8499984741211,98.0,100.61000061035156,58597300
AMZN,2023-03-22,100.44999694824219,102.0999984741211,98.61000061035156,98.69999694824219,57475400
AMZN,2023-03-23,100.43000030517578,101.05999755859375,97.62000274658203,98.70999908447266,57559300
AMZN,2023-03-24,98.06999969482422,98.30000305175781,96.4000015258789,98.12999725341797,56095400
AMZN,2023-03-27,99.06999969482422,99.33999633789062,97.08000183105469,98.04000091552734,46721300
AMZN,2023-03-28,98.11000061035156,98.44000244140625,96.29000091552734,97.23999786376953,38720100
AMZN,2023-03-29,98.69000244140625,100.41999816894531,98.55999755859375,100.25,49783300
AMZN,2023-03-30,101.55000305175781,103.04000091552734,101.01000213623047,102.0,53633400
AMZN,2023-03-31,102.16000366210938,103.48999786376953,101.94999694824219,103.29000091552734,56750300
AMZN,2023-04-03,102.30000305175781,103.29000091552734,101.43000030517578,102.41000366210938,41135700
AMZN,2023-04-04,102.75,104.19999694824219,102.11000061035156,103.94999694824219,48662500
AMZN,2023-04-05,103.91000366210938,103.91000366210938,100.75,101.0999984741211,45175400
AMZN,2023-04-06,100.75,102.37999725341797,99.80000305175781,102.05999755859375,43808000
AMZN,2023-04-10,100.95999908447266,102.19999694824219,99.56999969482422,102.16999816894531,37261200
AMZN,2023-04-11,100.80000305175781,101.0,99.01000213623047,99.91999816894531,60417800
AMZN,2023-04-12,100.4000015258789,100.51000213623047,97.70999908447266,97.83000183105469,56735000
AMZN,2023-04-13,98.94999694824219,102.56999969482422,98.70999908447266,102.4000015258789,67925100
AMZN,2023-04-14,102.06999969482422,103.19999694824219,101.11000061035156,102.51000213623047,51450500
AMZN,2023-04-17,103.16000366210938,103.7300033569336,101.58999633789062,102.73999786376953,39919500
AMZN,2023-04-18,103.94999694824219,104.19999694824219,101.5199966430664,102.30000305175781,39790500
AMZN,2023-04-19,101.58000183105469,105.12000274658203,101.38999938964844,104.30000305175781,58398900
AMZN,2023-04-20,103.52999877929688,105.25,103.20999908447266,103.80999755859375,57696900
AMZN,2023-04-21,106.0999984741211,108.1500015258789,105.08000183105469,106.95999908447266,86774200
AMZN,2023-04-24,107.66000366210938,109.2300033569336,105.06999969482422,106.20999908447266,69575600
AMZN,2023-04-25,104.91000366210938,105.44999694824219,102.44999694824219,102.56999969482422,65026800
AMZN,2023-04-26,105.04000091552734,106.62000274658203,104.0999984741211,104.9800033569336,73803800
AMZN,2023-04-27,108.16000366210938,110.86000061035156,106.80000305175781,109.81999969482422,149961200
AMZN,2023-04-28,107.7300033569336,109.4800033569336,104.33000183105469,105.44999694824219,130715900
AMZN,2023-05-01,104.94999694824219,105.2300033569336,101.81999969482422,102.05000305175781,74728100
AMZN,2023-05-02,101.47000122070312,103.9000015258789,101.1500015258789,103.62999725341797,73469400
AMZN,2023-05-03,103.73999786376953,105.95999908447266,103.27999877929688,103.6500015258789,65051900
AMZN,2023-05-04,104.04000091552734,105.38999938964844,103.30999755859375,104.0,45345500
AMZN,2023-05-05,104.2699966430664,105.76000213623047,103.55000305175781,105.66000366210938,56951700
AMZN,2023-05-08,105.04000091552734,106.0999984741211,104.69999694824219,105.83000183105469,49430900
AMZN,2023-05-09,105.4800033569336,106.79000091552734,105.16000366210938,106.62000274658203,44089400
AMZN,2023-05-10,108.0999984741211,110.66999816894531,108.05000305175781,110.19000244140625,78627600
AMZN,2023-05-11,111.02999877929688,113.27999877929688,110.48999786376953,112.18000030517578,74924800
AMZN,2023-05-12,112.16000366210938,112.63999938964844,109.31999969482422,110.26000213623047,49852700
AMZN,2023-05-15,111.1500015258789,112.29000091552734,109.25,111.19999694824219,53011100
AMZN,2023-05-16,111.05000305175781,114.79000091552734,111.05000305175781,113.4000015258789,71472900
AMZN,2023-05-17,114.88999938964844,115.83000183105469,114.22000122070312,115.5,65655200
AMZN,2023-05-18,116.69000244140625,118.5999984741211,116.33999633789062,118.1500015258789,73174100
AMZN,2023-05-19,118.16000366210938,118.30999755859375,115.69999694824219,116.25,55056300
AMZN,2023-05-22,116.7699966430664,116.7699966430664,114.25,115.01000213623047,70741100
AMZN,2023-05-23,114.2699966430664,117.13999938964844,113.77999877929688,114.98999786376953,67576300
AMZN,2023-05-24,115.3499984741211,117.33999633789062,115.0199966430664,116.75,63487900
AMZN,2023-05-25,116.62999725341797,116.87000274658203,114.30999755859375,115.0,66496700
AMZN,2023-05-26,116.04000091552734,121.5,116.0199966430664,120.11000061035156,96779900
AMZN,2023-05-30,122.37000274658203,122.91999816894531,119.86000061035156,121.66000366210938,64314800
AMZN,2023-05-31,121.44999694824219,122.04000091552734,119.16999816894531,120.58000183105469,72800800
AMZN,2023-06-01,120.69000244140625,123.48999786376953,119.93000030517578,122.7699966430664,54375100
AMZN,2023-06-02,124.91999816894531,126.38999938964844,124.0199966430664,124.25,61264400
AMZN,2023-06-05,123.36000061035156,125.80000305175781,123.02999877929688,125.30000305175781,47950100
AMZN,2023-06-06,125.06999969482422,127.4000015258789,125.0,126.61000061035156,45695200
AMZN,2023-06-07,127.01000213623047,127.37000274658203,120.62999725341797,121.2300033569336,95663300
AMZN,2023-06-08,123.01000213623047,125.62999725341797,122.26000213623047,124.25,62159300
AMZN,2023-06-09,124.08000183105469,125.80000305175781,123.19000244140625,123.43000030517578,51396000
AMZN,2023-06-12,124.0199966430664,126.77999877929688,123.52999877929688,126.56999969482422,51338000
AMZN,2023-06-13,128.1199951171875,128.41000366210938,125.18000030517578,126.66000366210938,50564800
AMZN,2023-06-14,126.69999694824219,126.94999694824219,124.12000274658203,126.41999816894531,52422500
AMZN,2023-06-15,125.20999908447266,127.69000244140625,124.31999969482422,127.11000061035156,60458500
AMZN,2023-06-16,127.70999908447266,127.9000015258789,125.30000305175781,125.48999786376953,84247100
AMZN,2023-06-20,124.97000122070312,127.25,124.5,125.77999877929688,56930100
AMZN,2023-06-21,125.63999938964844,126.7300033569336,123.8499984741211,124.83000183105469,52137700
AMZN,2023-06-22,125.30999755859375,130.3300018310547,125.13999938964844,130.14999389648438,90354600
AMZN,2023-06-23,129.11000061035156,130.83999633789062,128.27999877929688,129.3300018310547,71927800
AMZN,2023-06-26,129.3300018310547,131.49000549316406,127.0999984741211,127.33000183105469,59989300
AMZN,2023-06-27,128.6300048828125,130.08999633789062,127.55000305175781,129.17999267578125,46801000
AMZN,2023-06-28,128.94000244140625,131.47999572753906,128.44000244140625,129.0399932861328,52149500
AMZN,2023-06-29,128.77000427246094,129.25999450683594,127.26000213623047,127.9000015258789,40761000
AMZN,2023-06-30,129.47000122070312,131.25,128.9499969482422,130.36000061035156,54350700
AMZN,2023-07-03,130.82000732421875,131.85000610351562,130.07000732421875,130.22000122070312,28264800
AMZN,2023-07-05,130.24000549316406,131.39999389648438,129.63999938964844,130.3800048828125,35895400
AMZN,2023-07-06,128.25,128.72999572753906,127.37000274658203,128.36000061035156,40639900
AMZN,2023-07-07,128.58999633789062,130.97000122070312,128.1300048828125,129.77999877929688,41992300
AMZN,2023-07-10,129.07000732421875,129.27999877929688,125.91999816894531,127.12999725341797,61889300
AMZN,2023-07-11,127.75,129.77000427246094,127.3499984741211,128.77999877929688,49951500
AMZN,2023-07-12,130.30999755859375,131.25999450683594,128.8300018310547,130.8000030517578,54022800
AMZN,2023-07-13,134.0399932861328,134.6699981689453,132.7100067138672,134.3000030517578,61170900
AMZN,2023-07-14,134.05999755859375,136.64999389648438,134.05999755859375,134.67999267578125,54487100
AMZN,2023-07-17,134.55999755859375,135.6199951171875,133.2100067138672,133.55999755859375,48450200
AMZN,2023-07-18,132.7100067138672,133.86000061035156,131.35000610351562,132.8300018310547,54882900
AMZN,2023-07-19,133.38999938964844,135.99000549316406,132.52999877929688,135.36000061035156,54531000
AMZN,2023-07-20,134.07000732421875,134.7899932861328,129.3300018310547,129.9600067138672,59820600
AMZN,2023-07-21,131.33999633789062,131.3699951171875,128.4199981689453,130.0,133307300
AMZN,2023-07-24,130.30999755859375,131.66000366210938,128.35000610351562,128.8000030517578,45591100
AMZN,2023-07-25,129.30999755859375,129.5800018310547,128.52999877929688,129.1300048828125,39236700
AMZN,2023-07-26,126.51000213623047,129.0800018310547,126.11000061035156,128.14999389648438,53910100
AMZN,2023-07-27,131.0,132.6300048828125,127.79000091552734,128.25,52610700
AMZN,2023-07-28,129.69000244140625,133.00999450683594,129.3300018310547,132.2100067138672,46317400
AMZN,2023-07-31,133.1999969482422,133.8699951171875,132.3800048828125,133.67999267578125,41901500
AMZN,2023-08-01,133.5500030517578,133.69000244140625,131.6199951171875,131.69000244140625,42098500
AMZN,2023-08-02,130.14999389648438,130.22999572753906,126.81999969482422,128.2100067138672,51027600
AMZN,2023-08-03,127.4800033569336,129.83999633789062,126.41000366210938,128.91000366210938,88585200
AMZN,2023-08-04,141.05999755859375,143.6300048828125,139.32000732421875,139.57000732421875,153128500
AMZN,2023-08-07,140.99000549316406,142.5399932861328,138.9499969482422,142.22000122070312,71213100
AMZN,2023-08-08,140.6199951171875,140.83999633789062,138.4199981689453,139.94000244140625,51710500
AMZN,2023-08-09,139.97000122070312,140.32000732421875,137.10000610351562,137.85000610351562,50017300
AMZN,2023-08-10,139.07000732421875,140.41000366210938,137.49000549316406,138.55999755859375,58928400
AMZN,2023-08-11,137.39999389648438,139.3300018310547,137.0,138.41000366210938,42905800
AMZN,2023-08-14,138.3000030517578,140.58999633789062,137.75,140.57000732421875,47148700
AMZN,2023-08-15,140.0500030517578,141.27999877929688,137.22999572753906,137.6699981689453,42781500
AMZN,2023-08-16,137.19000244140625,137.27000427246094,135.00999450683594,135.07000732421875,41675900
AMZN,2023-08-17,135.4600067138672,136.08999633789062,133.52999877929688,133.97999572753906,48354100
AMZN,2023-08-18,131.6199951171875,134.07000732421875,131.14999389648438,133.22000122070312,48497700
AMZN,2023-08-21,133.74000549316406,135.19000244140625,132.7100067138672,134.67999267578125,41442500
AMZN,2023-08-22,135.0800018310547,135.64999389648438,133.72999572753906,134.25,32905400
AMZN,2023-08-23,134.5,135.9499969482422,133.22000122070312,135.52000427246094,42801000
AMZN,2023-08-24,136.39999389648438,136.77999877929688,131.8300018310547,131.83999633789062,43646300
AMZN,2023-08-25,132.47000122070312,133.8699951171875,130.5800018310547,133.25999450683594,44147500
AMZN,2023-08-28,133.77999877929688,133.9499969482422,131.85000610351562,133.13999938964844,34108400
AMZN,2023-08-29,133.3800048828125,135.13999938964844,133.25,134.91000366210938,38646100
AMZN,2023-08-30,134.92999267578125,135.67999267578125,133.9199981689453,135.07000732421875,36137000
AMZN,2023-08-31,135.05999755859375,138.7899932861328,135.0,138.00999450683594,58781300
AMZN,2023-09-01,139.4600067138672,139.9600067138672,136.8800048828125,138.1199951171875,40991500
AMZN,2023-09-05,137.72999572753906,137.8000030517578,135.82000732421875,137.27000427246094,40636700
AMZN,2023-09-06,136.32000732421875,137.4499969482422,134.61000061035156,135.36000061035156,41785500
AMZN,2023-09-07,133.89999389648438,138.02999877929688,133.16000366210938,137.85000610351562,48498900
AMZN,2023-09-08,136.86000061035156,138.85000610351562,136.75,138.22999572753906,38348200
AMZN,2023-09-11,138.75,143.6199951171875,138.63999938964844,143.10000610351562,56764500
AMZN,2023-09-12,142.32000732421875,143.0,140.61000061035156,141.22999572753906,42668500
AMZN,2023-09-13,140.9499969482422,144.97999572753906,140.8699951171875,144.85000610351562,60465200
AMZN,2023-09-14,145.0800018310547,145.86000061035156,142.9499969482422,144.72000122070312,64033600
AMZN,2023-09-15,142.69000244140625,143.57000732421875,140.08999633789062,140.38999938964844,102909300
AMZN,2023-09-18,140.47999572753906,141.75,139.22000122070312,139.97999572753906,42823500
AMZN,2023-09-19,138.6999969482422,138.83999633789062,135.55999755859375,137.6300048828125,61482500
AMZN,2023-09-20,138.5500030517578,139.3699951171875,135.1999969482422,135.2899932861328,46263700
AMZN,2023-09-21,131.94000244140625,132.24000549316406,129.30999755859375,129.3300018310547,70343300
AMZN,2023-09-22,131.11000061035156,132.02999877929688,128.52000427246094,129.1199951171875,59904300
AMZN,2023-09-25,129.36000061035156,131.77999877929688,128.77000427246094,131.27000427246094,46017800
AMZN,2023-09-26,130.1199951171875,130.38999938964844,125.27999877929688,125.9800033569336,73048200
AMZN,2023-09-27,125.76000213623047,127.4800033569336,124.12999725341797,125.9800033569336,66553400
AMZN,2023-09-28,124.04000091552734,126.58000183105469,123.04000091552734,125.9800033569336,54555000
AMZN,2023-09-29,128.1999969482422,129.14999389648438,126.31999969482422,127.12000274658203,62411700
AMZN,2023-10-02,127.27999877929688,130.47000122070312,126.54000091552734,129.4600067138672,48029700
AMZN,2023-10-03,128.05999755859375,128.52000427246094,124.25,124.72000122070312,51565000
AMZN,2023-10-04,126.05999755859375,127.36000061035156,125.68000030517578,127.0,44203900
AMZN,2023-10-05,126.70999908447266,126.7300033569336,124.33000183105469,125.95999908447266,39660600
AMZN,2023-10-06,124.16000366210938,128.4499969482422,124.12999725341797,127.95999908447266,46836700
AMZN,2023-10-09,126.22000122070312,128.7899932861328,124.76000213623047,128.25999450683594,38773700
AMZN,2023-10-10,128.82000732421875,130.74000549316406,128.0500030517578,129.47999572753906,42178600
AMZN,2023-10-11,129.74000549316406,132.0500030517578,129.61000061035156,131.8300018310547,40741800
AMZN,2023-10-12,132.1699981689453,134.47999572753906,131.22999572753906,132.3300018310547,55528600
AMZN,2023-10-13,132.97999572753906,133.30999755859375,128.9499969482422,129.7899932861328,45786600
AMZN,2023-10-16,130.69000244140625,133.07000732421875,130.42999267578125,132.5500030517578,42832900
AMZN,2023-10-17,130.38999938964844,132.5800018310547,128.7100067138672,131.47000122070312,49344600
AMZN,2023-10-18,129.89999389648438,130.6699981689453,127.51000213623047,128.1300048828125,42699500
AMZN,2023-10-19,130.57000732421875,132.24000549316406,127.47000122070312,128.39999389648438,60961400
AMZN,2023-10-20,128.0500030517578,128.1699981689453,124.97000122070312,125.16999816894531,56406400
AMZN,2023-10-23,124.62999725341797,127.87999725341797,123.9800033569336,126.55999755859375,48260000
AMZN,2023-10-24,127.73999786376953,128.8000030517578,126.33999633789062,128.55999755859375,46477400
AMZN,2023-10-25,126.04000091552734,126.33999633789062,120.79000091552734,121.38999938964844,74577500
AMZN,2023-10-26,120.62999725341797,121.63999938964844,118.3499984741211,119.56999969482422,100419500
AMZN,2023-10-27,126.19999694824219,130.02000427246094,125.5199966430664,127.73999786376953,125309300
AMZN,2023-10-30,129.72000122070312,133.0,128.55999755859375,132.7100067138672,72485500
AMZN,2023-10-31,132.75,133.57000732421875,131.7100067138672,133.08999633789062,51589400
AMZN,2023-11-01,133.9600067138672,137.35000610351562,133.7100067138672,137.0,61529400
AMZN,2023-11-02,138.72999572753906,138.80999755859375,136.47000122070312,138.07000732421875,52236700
AMZN,2023-11-03,138.99000549316406,139.49000549316406,137.4499969482422,138.60000610351562,44059800
AMZN,2023-11-06,138.75999450683594,140.72999572753906,138.36000061035156,139.74000549316406,44970400
AMZN,2023-11-07,140.5500030517578,143.3699951171875,140.5,142.7100067138672,53553500
AMZN,2023-11-08,142.97000122070312,143.1199951171875,141.22000122070312,142.0800018310547,44521700
AMZN,2023-11-09,142.02000427246094,142.64999389648438,139.83999633789062,140.60000610351562,36235400
AMZN,2023-11-10,140.4600067138672,143.64999389648438,139.91000366210938,143.55999755859375,49287800
AMZN,2023-11-13,142.0800018310547,143.22999572753906,140.6699981689453,142.58999633789062,35680600
AMZN,2023-11-14,145.0,147.25999450683594,144.67999267578125,145.8000030517578,56674600
AMZN,2023-11-15,147.05999755859375,147.2899932861328,142.58999633789062,143.1999969482422,63875700
AMZN,2023-11-16,140.91000366210938,143.32000732421875,139.52000427246094,142.8300018310547,49653500
AMZN,2023-11-17,142.66000366210938,145.22999572753906,142.5399932861328,145.17999267578125,49636700
AMZN,2023-11-20,145.1300048828125,146.6300048828125,144.72999572753906,146.1300048828125,41951200
AMZN,2023-11-21,143.91000366210938,144.0500030517578,141.5,143.89999389648438,71226000
AMZN,2023-11-22,144.57000732421875,147.74000549316406,144.57000732421875,146.7100067138672,45669100
AMZN,2023-11-24,146.6999969482422,147.1999969482422,145.32000732421875,146.74000549316406,22378400
AMZN,2023-11-27,147.52999877929688,149.25999450683594,146.8800048828125,147.72999572753906,53762400
AMZN,2023-11-28,146.97999572753906,147.60000610351562,145.52999877929688,147.02999877929688,42711700
AMZN,2023-11-29,147.85000610351562,148.5399932861328,145.97000122070312,146.32000732421875,40610900
AMZN,2023-11-30,144.75999450683594,146.92999267578125,144.3300018310547,146.08999633789062,65814000
AMZN,2023-12-01,146.0,147.25,145.5500030517578,147.02999877929688,39951800
AMZN,2023-12-04,145.25,145.35000610351562,142.80999755859375,144.83999633789062,48294200
AMZN,2023-12-05,143.5500030517578,148.57000732421875,143.1300048828125,146.8800048828125,46822400
AMZN,2023-12-06,147.5800018310547,147.85000610351562,144.27999877929688,144.52000427246094,39679000
AMZN,2023-12-07,146.14999389648438,147.9199981689453,145.33999633789062,146.8800048828125,52352800
AMZN,2023-12-08,145.47999572753906,147.83999633789062,145.39999389648438,147.4199981689453,41906000
AMZN,2023-12-11,145.66000366210938,146.19000244140625,143.63999938964844,145.88999938964844,50907300
AMZN,2023-12-12,145.52000427246094,147.5,145.3000030517578,147.47999572753906,44944300
AMZN,2023-12-13,148.1199951171875,149.4600067138672,146.82000732421875,148.83999633789062,52766200
AMZN,2023-12-14,149.92999267578125,150.5399932861328,145.52000427246094,147.4199981689453,58400800
AMZN,2023-12-15,148.3800048828125,150.57000732421875,147.8800048828125,149.97000122070312,110089300
AMZN,2023-12-18,150.55999755859375,154.85000610351562,150.0500030517578,154.07000732421875,62512800
AMZN,2023-12-19,154.39999389648438,155.1199951171875,152.69000244140625,153.7899932861328,43171300
AMZN,2023-12-20,152.89999389648438,155.6300048828125,151.55999755859375,152.1199951171875,50322100
AMZN,2023-12-21,153.3000030517578,153.97000122070312,152.10000610351562,153.83999633789062,36305700
AMZN,2023-12-22,153.77000427246094,154.35000610351562,152.7100067138672,153.4199981689453,29514100
AMZN,2023-12-26,153.55999755859375,153.97999572753906,153.02999877929688,153.41000366210938,25067200
AMZN,2023-12-27,153.55999755859375,154.77999877929688,153.1199951171875,153.33999633789062,31434700
AMZN,2023-12-28,153.72000122070312,154.0800018310547,152.9499969482422,153.3800048828125,27057000
AMZN,2023-12-29,153.10000610351562,153.88999938964844,151.02999877929688,151.94000244140625,39823200
AMZN,2024-01-02,151.5399932861328,152.3800048828125,148.38999938964844,149.92999267578125,47339400
AMZN,2024-01-03,149.1999969482422,151.0500030517578,148.3300018310547,148.47000122070312,49425500
AMZN,2024-01-04,145.58999633789062,147.3800048828125,144.0500030517578,144.57000732421875,56039800
AMZN,2024-01-05,144.69000244140625,146.58999633789062,144.52999877929688,145.24000549316406,45153100
AMZN,2024-01-08,146.74000549316406,149.39999389648438,146.14999389648438,149.10000610351562,46757100
AMZN,2024-01-09,148.3300018310547,151.7100067138672,148.2100067138672,151.3699951171875,43812600
AMZN,2024-01-10,152.05999755859375,154.4199981689453,151.8800048828125,153.72999572753906,44421800
AMZN,2024-01-11,155.0399932861328,157.1699981689453,153.1199951171875,155.17999267578125,49072700
AMZN,2024-01-12,155.38999938964844,156.1999969482422,154.00999450683594,154.6199951171875,40484200
AMZN,2024-01-16,153.52999877929688,154.99000549316406,152.14999389648438,153.16000366210938,41384600
AMZN,2024-01-17,151.49000549316406,152.14999389648438,149.91000366210938,151.7100067138672,34953400
AMZN,2024-01-18,152.77000427246094,153.77999877929688,151.82000732421875,153.5,37850200
AMZN,2024-01-19,153.8300018310547,155.75999450683594,152.74000549316406,155.33999633789062,51651600
AMZN,2024-01-22,156.88999938964844,157.0500030517578,153.89999389648438,154.77999877929688,43687500
AMZN,2024-01-23,154.85000610351562,156.2100067138672,153.92999267578125,156.02000427246094,37986000
AMZN,2024-01-24,157.8000030517578,158.50999450683594,156.47999572753906,156.8699951171875,48547300
AMZN,2024-01-25,156.9499969482422,158.50999450683594,154.5500030517578,157.75,43638600
AMZN,2024-01-26,158.4199981689453,160.72000122070312,157.91000366210938,159.1199951171875,51047400
AMZN,2024-01-29,159.33999633789062,161.2899932861328,158.89999389648438,161.25999450683594,45270400
AMZN,2024-01-30,160.6999969482422,161.72999572753906,158.49000549316406,159.0,45207400
AMZN,2024-01-31,157.0,159.00999450683594,154.80999755859375,155.1999969482422,50284400
AMZN,2024-02-01,155.8699951171875,159.75999450683594,155.6199951171875,159.27999877929688,76542400
AMZN,2024-02-02,169.19000244140625,172.5,167.3300018310547,171.80999755859375,117218300
AMZN,2024-02-05,170.1999969482422,170.5500030517578,167.6999969482422,170.30999755859375,55081300
AMZN,2024-02-06,169.38999938964844,170.7100067138672,167.64999389648438,169.14999389648438,42505500
AMZN,2024-02-07,169.47999572753906,170.8800048828125,168.94000244140625,170.52999877929688,47174100
AMZN,2024-02-08,169.64999389648438,171.42999267578125,168.8800048828125,169.83999633789062,42316500
AMZN,2024-02-09,170.89999389648438,175.0,170.5800018310547,174.4499969482422,56986000
AMZN,2024-02-12,174.8000030517578,175.38999938964844,171.5399932861328,172.33999633789062,51050400
AMZN,2024-02-13,167.72999572753906,170.9499969482422,165.75,168.63999938964844,56345100
AMZN,2024-02-14,169.2100067138672,171.2100067138672,168.27999877929688,170.97999572753906,42815500
AMZN,2024-02-15,170.5800018310547,171.1699981689453,167.58999633789062,169.8000030517578,49855200
AMZN,2024-02-16,168.74000549316406,170.4199981689453,167.1699981689453,169.50999450683594,48107700
AMZN,2024-02-20,167.8300018310547,168.7100067138672,165.74000549316406,167.0800018310547,41980300
AMZN,2024-02-21,168.94000244140625,170.22999572753906,167.13999938964844,168.58999633789062,44420100
AMZN,2024-02-22,173.10000610351562,174.8000030517578,171.77000427246094,174.5800018310547,55392400
AMZN,2024-02-23,174.27999877929688,175.75,173.6999969482422,174.99000549316406,59715200
AMZN,2024-02-26,175.6999969482422,176.3699951171875,174.25999450683594,174.72999572753906,44368600
AMZN,2024-02-27,174.0800018310547,174.6199951171875,172.86000061035156,173.5399932861328,31141700
AMZN,2024-02-28,172.44000244140625,174.0500030517578,172.27000427246094,173.16000366210938,28180500
AMZN,2024-02-29,173.00999450683594,177.22000122070312,172.85000610351562,176.75999450683594,53805400
AMZN,2024-03-01,176.75,178.72999572753906,176.07000732421875,178.22000122070312,31981200
AMZN,2024-03-04,177.52999877929688,180.13999938964844,177.49000549316406,177.5800018310547,37381500
AMZN,2024-03-05,176.92999267578125,176.92999267578125,173.3000030517578,174.1199951171875,37228300
AMZN,2024-03-06,175.5399932861328,176.4600067138672,173.25999450683594,173.50999450683594,32090900
AMZN,2024-03-07,174.8300018310547,177.99000549316406,173.72000122070312,176.82000732421875,34063300
AMZN,2024-03-08,176.44000244140625,178.7899932861328,174.3300018310547,175.35000610351562,37893200
AMZN,2024-03-11,174.30999755859375,174.47000122070312,171.47000122070312,171.9600067138672,28484800
AMZN,2024-03-12,173.5,176.75999450683594,171.97999572753906,175.38999938964844,36610600
AMZN,2024-03-13,175.89999389648438,177.6199951171875,175.5500030517578,176.55999755859375,30772600
AMZN,2024-03-14,177.69000244140625,179.52999877929688,176.47000122070312,178.75,43705800
AMZN,2024-03-15,176.63999938964844,177.92999267578125,173.89999389648438,174.4199981689453,72147400
AMZN,2024-03-18,175.8000030517578,176.69000244140625,174.27999877929688,174.47999572753906,31250700
AMZN,2024-03-19,174.22000122070312,176.08999633789062,173.52000427246094,175.89999389648438,26880900
AMZN,2024-03-20,176.13999938964844,178.52999877929688,174.63999938964844,178.14999389648438,29947200
AMZN,2024-03-21,179.99000549316406,181.4199981689453,178.14999389648438,178.14999389648438,32824300
AMZN,2024-03-22,177.75,179.25999450683594,176.75,178.8699951171875,27995400
AMZN,2024-03-25,178.00999450683594,180.99000549316406,177.24000549316406,179.7100067138672,29815500
AMZN,2024-03-26,180.14999389648438,180.4499969482422,177.9499969482422,178.3000030517578,29659000
AMZN,2024-03-27,179.8800048828125,180.0,177.30999755859375,179.8300018310547,33272600
AMZN,2024-03-28,180.1699981689453,181.6999969482422,179.25999450683594,180.3800048828125,38051600
GOOG,2022-01-03,144.47549438476562,145.5500030517578,143.50250244140625,145.07449340820312,25214000
GOOG,2022-01-04,145.55050659179688,146.61000061035156,143.81614685058594,144.41650390625,22928000
GOOG,2022-01-05,144.18099975585938,144.29800415039062,137.52349853515625,137.65350341796875,49642000
GOOG,2022-01-06,137.49749755859375,139.68600463867188,136.7635040283203,137.55099487304688,29050000
GOOG,2022-01-07,137.90499877929688,138.25474548339844,135.78900146484375,137.00450134277344,19408000
GOOG,2022-01-10,135.0989990234375,138.63999938964844,133.1405029296875,138.57400512695312,34096000
GOOG,2022-01-11,138.1804962158203,140.32949829101562,136.81350708007812,140.0175018310547,23502000
GOOG,2022-01-12,141.55450439453125,142.8142547607422,141.11199951171875,141.6479949951172,23642000
GOOG,2022-01-13,141.8404998779297,143.1855010986328,138.91400146484375,139.13099670410156,26566000
GOOG,2022-01-14,137.5,141.20050048828125,137.5,139.7864990234375,23826000
GOOG,2022-01-18,136.60000610351562,137.39149475097656,135.61700439453125,136.29049682617188,27382000
GOOG,2022-01-19,136.93850708007812,138.39950561523438,135.5,135.65199279785156,20796000
GOOG,2022-01-20,136.51400756835938,137.91200256347656,133.14450073242188,133.50650024414062,21930000
GOOG,2022-01-21,133.01199340820312,134.760498046875,130.00100708007812,130.0919952392578,41920000
GOOG,2022-01-24,126.02749633789062,130.77850341796875,124.64195251464844,130.3719940185547,55148000
GOOG,2022-01-25,128.4355010986328,129.3385009765625,126.37799835205078,126.7354965209961,36008000
GOOG,2022-01-26,130.59249877929688,132.8074951171875,127.15350341796875,129.24000549316406,39630000
GOOG,2022-01-27,131.36099243164062,132.60995483398438,128.94500732421875,129.12100219726562,30248000
GOOG,2022-01-28,130.0,133.37049865722656,128.6945037841797,133.2895050048828,30518000
GOOG,2022-01-31,134.197998046875,135.843505859375,132.2740020751953,135.69850158691406,34056000
GOOG,2022-02-01,137.8350067138672,138.1999969482422,134.56825256347656,137.8784942626953,51204000
GOOG,2022-02-02,151.86349487304688,152.10000610351562,145.5574951171875,148.0364990234375,89750000
GOOG,2022-02-03,145.2949981689453,149.11770629882812,142.2050018310547,142.65049743652344,56930000
GOOG,2022-02-04,143.01699829101562,144.53524780273438,139.8175048828125,143.01600646972656,49224000
GOOG,2022-02-07,143.70899963378906,143.84649658203125,138.69900512695312,138.93800354003906,44610000
GOOG,2022-02-08,138.9912567138672,139.83709716796875,136.8730010986328,139.21299743652344,34256000
GOOG,2022-02-09,140.84974670410156,142.17550659179688,140.3769989013672,141.4530029296875,28628000
GOOG,2022-02-10,139.5,141.43099975585938,138.0500030517578,138.6024932861328,33018000
GOOG,2022-02-11,138.75,139.2832489013672,133.2884979248047,134.1300048828125,38808000
GOOG,2022-02-14,133.36549377441406,136.16650390625,133.302001953125,135.3000030517578,26792000
GOOG,2022-02-15,137.47149658203125,137.89999389648438,135.5395050048828,136.42550659179688,26578000
GOOG,2022-02-16,136.4304962158203,137.9459991455078,134.8236541748047,137.4875030517578,25610000
GOOG,2022-02-17,136.14999389648438,136.83949279785156,132.20199584960938,132.30850219726562,30968000
GOOG,2022-02-18,133.03750610351562,133.82400512695312,130.3070526123047,130.46749877929688,31858000
GOOG,2022-02-22,129.98500061035156,131.9007568359375,127.74099731445312,129.40249633789062,38906000
GOOG,2022-02-23,131.07850646972656,131.74899291992188,127.50350189208984,127.58499908447266,26432000
GOOG,2022-02-24,125.0,133.03700256347656,124.7645034790039,132.67349243164062,43166000
GOOG,2022-02-25,133.52549743652344,135.38900756835938,131.76499938964844,134.51950073242188,26236000
GOOG,2022-02-28,133.2845001220703,135.6405029296875,132.82525634765625,134.89100646972656,29676000
GOOG,2022-03-01,134.47999572753906,136.11099243164062,133.3784942626953,134.16799926757812,24640000
GOOG,2022-03-02,134.60824584960938,135.61549377441406,133.4324951171875,134.75149536132812,23966000
GOOG,2022-03-03,135.97850036621094,136.71380615234375,133.43099975585938,134.30799865722656,19780000
GOOG,2022-03-04,133.38250732421875,134.19900512695312,130.4084930419922,132.1219940185547,24446000
GOOG,2022-03-07,131.9040069580078,131.9040069580078,126.41000366210938,126.4645004272461,39178000
GOOG,2022-03-08,126.25050354003906,131.2465057373047,125.86074829101562,127.27850341796875,35250000
GOOG,2022-03-09,131.39999389648438,134.19850158691406,130.08799743652344,133.86599731445312,32258000
GOOG,2022-03-10,131.46249389648438,133.5384979248047,131.4010009765625,132.6820068359375,24266000
GOOG,2022-03-11,133.99949645996094,134.1999969482422,130.29649353027344,130.47549438476562,26600000
GOOG,2022-03-14,130.572998046875,131.0260009765625,126.41300201416016,126.74099731445312,30254000
GOOG,2022-03-15,127.74150085449219,130.51724243164062,126.56800079345703,129.66050720214844,30292000
GOOG,2022-03-16,131.0,133.77099609375,129.2010040283203,133.6905059814453,32058000
GOOG,2022-03-17,133.3209991455078,134.739501953125,132.718994140625,134.60049438476562,23994000
GOOG,2022-03-18,133.88400268554688,136.9134979248047,132.9320068359375,136.80149841308594,45900000
GOOG,2022-03-21,136.84750366210938,137.58250427246094,134.6114959716797,136.47850036621094,26632000
GOOG,2022-03-22,136.5,141.5,136.5,140.27749633789062,29776000
GOOG,2022-03-23,139.1385040283203,140.02499389648438,138.16650390625,138.5034942626953,25302000
GOOG,2022-03-24,139.2725067138672,141.39649963378906,138.03939819335938,141.31199645996094,20544000
GOOG,2022-03-25,141.75399780273438,141.95950317382812,139.69949340820312,141.52149963378906,19270000
GOOG,2022-03-28,140.6844940185547,141.97650146484375,139.82815551757812,141.9499969482422,23774000
GOOG,2022-03-29,143.16050720214844,144.16250610351562,142.48399353027344,143.25,28678000
GOOG,2022-03-30,142.8699951171875,143.48049926757812,142.16799926757812,142.64450073242188,21046000
GOOG,2022-03-31,142.44850158691406,142.64450073242188,139.61900329589844,139.64950561523438,29516000
GOOG,2022-04-01,140.00999450683594,140.9499969482422,138.7969970703125,140.6999969482422,23480000
GOOG,2022-04-04,140.82449340820312,144.0437469482422,140.82449340820312,143.6425018310547,19076000
GOOG,2022-04-05,143.39950561523438,143.58999633789062,140.94349670410156,141.06300354003906,19256000
GOOG,2022-04-06,139.1614990234375,139.84849548339844,136.41810607910156,137.17599487304688,23574000
GOOG,2022-04-07,136.6179962158203,137.70150756835938,134.8572540283203,136.46499633789062,19448000
GOOG,2022-04-08,136.25,136.25,133.75250244140625,134.010498046875,16434000
GOOG,2022-04-11,132.89999389648438,132.93919372558594,129.61749267578125,129.79649353027344,24188000
GOOG,2022-04-12,132.42349243164062,132.42349243164062,127.57599639892578,128.37449645996094,23004000
GOOG,2022-04-13,128.62649536132812,130.65574645996094,128.4385986328125,130.28599548339844,19542000
GOOG,2022-04-14,130.64950561523438,130.7102508544922,127.11150360107422,127.25299835205078,23484000
GOOG,2022-04-18,127.41000366210938,128.71200561523438,126.57845306396484,127.96099853515625,14918000
GOOG,2022-04-19,128.07699584960938,130.90374755859375,127.45149993896484,130.531005859375,22720000
GOOG,2022-04-20,131.28399658203125,131.92349243164062,127.89405059814453,128.24549865722656,22610000
GOOG,2022-04-21,129.35000610351562,130.3074951171875,124.6500015258789,124.9375,30158000
GOOG,2022-04-22,125.0,125.4520034790039,119.1405029296875,119.61399841308594,46410000
GOOG,2022-04-25,119.42949676513672,123.27799987792969,118.76924896240234,123.25,34522000
GOOG,2022-04-26,122.75,122.75,119.16184997558594,119.50599670410156,49394000
GOOG,2022-04-27,114.37300109863281,117.5,113.12425231933594,115.02050018310547,62238000
GOOG,2022-04-28,117.11499786376953,120.4384994506836,115.1438980102539,119.4114990234375,36790000
GOOG,2022-04-29,117.5780029296875,118.95999908447266,114.69400024414062,114.96649932861328,33694000
GOOG,2022-05-02,113.90650177001953,117.3395004272461,113.39949798583984,117.15699768066406,30280000
GOOG,2022-05-03,116.76499938964844,119.30000305175781,116.62699890136719,118.12950134277344,21216000
GOOG,2022-05-04,118.00350189208984,123.14299774169922,115.7385025024414,122.57499694824219,33232000
GOOG,2022-05-05,120.22049713134766,121.2332534790039,115.18250274658203,116.74649810791016,43090000
GOOG,2022-05-06,115.51899719238281,117.49849700927734,114.14299774169922,115.66000366210938,35310000
GOOG,2022-05-09,113.30349731445312,115.56289672851562,112.55149841308594,113.08399963378906,34520000
GOOG,2022-05-10,116.04049682617188,116.69100189208984,113.38330078125,114.58450317382812,31158000
GOOG,2022-05-11,113.71050262451172,116.6709976196289,113.6500015258789,113.96099853515625,36502000
GOOG,2022-05-12,111.93800354003906,114.85649871826172,110.1135025024414,113.16100311279297,41464000
GOOG,2022-05-13,114.84549713134766,118.08499908447266,114.0,116.5155029296875,29738000
GOOG,2022-05-16,115.38400268554688,116.60749816894531,114.33499908447266,114.7925033569336,23282000
GOOG,2022-05-17,117.22750091552734,117.22750091552734,115.3375015258789,116.70149993896484,21576000
GOOG,2022-05-18,115.23750305175781,115.69564819335938,112.14199829101562,112.4010009765625,27982000
GOOG,2022-05-19,111.84100341796875,113.5875015258789,110.46800231933594,110.74549865722656,29192000
GOOG,2022-05-20,112.08550262451172,112.55000305175781,106.37300109863281,109.31300354003906,37586000
GOOG,2022-05-23,110.10399627685547,112.00550079345703,109.15425109863281,111.66649627685547,31558000
GOOG,2022-05-24,106.37750244140625,106.3949966430664,102.20800018310547,105.9260025024414,60386000
GOOG,2022-05-25,105.14199829101562,106.5447006225586,104.21125030517578,105.8395004272461,37900000
GOOG,2022-05-26,106.05049896240234,108.95525360107422,105.48799896240234,108.2959976196289,30288000
GOOG,2022-05-27,109.78849792480469,112.86799621582031,109.55000305175781,112.79900360107422,29924000
GOOG,2022-05-31,113.0790023803711,116.43350219726562,112.57250213623047,114.03900146484375,51302000
GOOG,2022-06-01,114.93150329589844,117.39900207519531,113.55049896240234,114.13700103759766,28630000
GOOG,2022-06-02,114.18800354003906,117.89800262451172,113.30799865722656,117.74600219726562,27472000
GOOG,2022-06-03,115.99250030517578,116.364501953125,113.66799926757812,114.56400299072266,25052000
GOOG,2022-06-06,116.74250030517578,119.39849853515625,116.5282974243164,117.010498046875,23786000
GOOG,2022-06-07,115.64800262451172,117.74864959716797,115.12550354003906,117.22949981689453,26414000
GOOG,2022-06-08,116.87650299072266,118.64600372314453,116.69674682617188,117.23799896240234,22544000
GOOG,2022-06-09,116.34149932861328,118.3499984741211,114.86699676513672,114.91799926757812,23142000
GOOG,2022-06-10,112.78125,113.49700164794922,110.86100006103516,111.42749786376953,31324000
GOOG,2022-06-13,107.44599914550781,109.21849822998047,106.58805084228516,106.87650299072266,36756000
GOOG,2022-06-14,106.88999938964844,108.4574966430664,106.35199737548828,107.19400024414062,25480000
GOOG,2022-06-15,108.89949798583984,112.06300354003906,108.1187515258789,110.3905029296875,33192000
GOOG,2022-06-16,108.14949798583984,109.29049682617188,105.7925033569336,106.63600158691406,35314000
GOOG,2022-06-17,106.53500366210938,109.24949645996094,105.62854766845703,107.8655014038086,43516000
GOOG,2022-06-21,109.7020034790039,112.6729965209961,109.29350280761719,112.01499938964844,39010000
GOOG,2022-06-22,111.16300201416016,113.76950073242188,110.72429656982422,112.03399658203125,23922000
GOOG,2022-06-23,112.94999694824219,113.19650268554688,111.02899932861328,112.68450164794922,24710000
GOOG,2022-06-24,113.60299682617188,118.63749694824219,113.60299682617188,118.53800201416016,39122000
GOOG,2022-06-27,118.93499755859375,119.25,116.00074768066406,116.62249755859375,32840000
GOOG,2022-06-28,116.35099792480469,117.85649871826172,112.44400024414062,112.57150268554688,28232000
GOOG,2022-06-29,112.14849853515625,113.66449737548828,111.55400085449219,112.25650024414062,18628000
GOOG,2022-06-30,110.49949645996094,111.32980346679688,107.30999755859375,109.37249755859375,38046000
GOOG,2022-07-01,108.33699798583984,109.80635070800781,107.1050033569336,109.08100128173828,31028000
GOOG,2022-07-05,107.5145034790039,114.05259704589844,106.24949645996094,113.88700103759766,36398000
GOOG,2022-07-06,114.09200286865234,116.35199737548828,112.25050354003906,115.2135009765625,28852000
GOOG,2022-07-07,116.00800323486328,119.86199951171875,115.53399658203125,119.30599975585938,32184000
GOOG,2022-07-08,117.55000305175781,120.43499755859375,117.51399993896484,120.16850280761719,29082000
GOOG,2022-07-11,118.6500015258789,118.79450225830078,116.2344970703125,116.52249908447266,26718000
GOOG,2022-07-12,116.8385009765625,117.84950256347656,114.61499786376953,114.84950256347656,24970000
GOOG,2022-07-13,112.63899993896484,115.15699768066406,111.822998046875,112.18699645996094,38958000
GOOG,2022-07-14,110.82599639892578,111.98750305175781,109.32550048828125,111.44000244140625,32366000
GOOG,2022-07-15,112.96299743652344,114.00050354003906,111.82250213623047,112.76699829101562,34330000
GOOG,2022-07-18,113.44000244140625,114.80000305175781,109.30000305175781,109.91000366210938,33354000
GOOG,2022-07-19,111.7300033569336,114.80999755859375,110.5,114.62000274658203,30992300
GOOG,2022-07-20,114.05999755859375,116.33000183105469,113.26000213623047,114.69999694824219,26780100
GOOG,2022-07-21,115.08999633789062,115.20999908447266,111.91000366210938,115.04000091552734,27267800
GOOG,2022-07-22,111.80999755859375,113.18000030517578,107.5999984741211,108.36000061035156,44455300
GOOG,2022-07-25,108.87999725341797,110.58000183105469,107.01000213623047,108.20999908447266,28289900
GOOG,2022-07-26,107.43000030517578,107.73999786376953,104.76000213623047,105.44000244140625,36626600
GOOG,2022-07-27,109.5999984741211,114.4000015258789,108.41999816894531,113.5999984741211,41474600
GOOG,2022-07-28,112.80000305175781,114.69999694824219,111.85099792480469,114.58999633789062,23303800
GOOG,2022-07-29,113.4000015258789,116.9000015258789,113.2300033569336,116.63999938964844,31336200
GOOG,2022-08-01,115.52999877929688,117.12000274658203,114.69000244140625,115.4800033569336,22856200
GOOG,2022-08-02,114.43000030517578,117.08000183105469,114.26000213623047,115.9000015258789,17911000
GOOG,2022-08-03,116.33999633789062,119.41999816894531,116.1500015258789,118.77999877929688,25302800
GOOG,2022-08-04,118.30000305175781,119.5,117.70999908447266,118.87000274658203,15757700
GOOG,2022-08-05,116.93000030517578,118.86000061035156,116.70999908447266,118.22000122070312,15615700
GOOG,2022-08-08,119.12000274658203,120.86000061035156,117.83000183105469,118.13999938964844,17061100
GOOG,2022-08-09,117.98999786376953,118.19999694824219,116.55999755859375,117.5,15424300
GOOG,2022-08-10,119.58999633789062,121.77999877929688,119.36000061035156,120.6500015258789,20497000
GOOG,2022-08-11,122.08000183105469,122.33999633789062,119.55000305175781,119.81999969482422,16671600
GOOG,2022-08-12,121.16000366210938,122.6500015258789,120.4000015258789,122.6500015258789,16121100
GOOG,2022-08-15,122.20999908447266,123.26000213623047,121.56999969482422,122.87999725341797,15525000
GOOG,2022-08-16,122.31999969482422,123.22799682617188,121.53500366210938,122.51000213623047,15626200
GOOG,2022-08-17,120.93000030517578,122.1500015258789,120.19999694824219,120.31999969482422,17589200
GOOG,2022-08-18,120.2300033569336,121.69000244140625,119.55000305175781,120.86000061035156,15652000
GOOG,2022-08-19,119.87000274658203,120.0,117.66999816894531,118.12000274658203,20187000
GOOG,2022-08-22,116.0999984741211,116.5,114.66999816894531,115.06999969482422,19316000
GOOG,2022-08-23,114.31999969482422,115.93000030517578,114.30000305175781,114.7699966430664,14390700
GOOG,2022-08-24,114.44999694824219,115.71700286865234,113.77999877929688,114.69999694824219,16051200
GOOG,2022-08-25,115.1500015258789,117.77999877929688,115.05000305175781,117.69999694824219,14874700
GOOG,2022-08-26,115.80999755859375,116.5999984741211,111.22000122070312,111.30000305175781,31698700
GOOG,2022-08-29,110.77999877929688,111.95999908447266,109.80999755859375,110.33999633789062,20386100
GOOG,2022-08-30,111.02999877929688,111.37000274658203,108.80000305175781,109.91000366210938,20548200
GOOG,2022-08-31,111.62999725341797,111.7699966430664,109.05000305175781,109.1500015258789,25898000
GOOG,2022-09-01,109.19999694824219,111.22000122070312,108.19000244140625,110.55000305175781,22784400
GOOG,2022-09-02,111.33999633789062,111.67500305175781,108.12999725341797,108.68000030517578,20618100
GOOG,2022-09-06,108.13500213623047,108.87999725341797,106.51000213623047,107.4800033569336,20565100
GOOG,2022-09-07,107.76000213623047,110.98999786376953,107.61499786376953,110.4800033569336,22987200
GOOG,2022-09-08,109.18000030517578,110.58000183105469,108.05999755859375,109.41999816894531,21660700
GOOG,2022-09-09,110.05000305175781,112.0,110.0,111.77999877929688,21732900
GOOG,2022-09-12,111.98999786376953,112.63999938964844,110.93000030517578,111.87000274658203,19732900
GOOG,2022-09-13,108.88999938964844,109.37000274658203,105.0,105.30999755859375,33015000
GOOG,2022-09-14,105.44000244140625,106.0999984741211,104.5,105.87000274658203,22115800
GOOG,2022-09-15,105.01000213623047,106.20999908447266,103.30999755859375,103.9000015258789,26494900
GOOG,2022-09-16,102.97000122070312,104.02999877929688,101.8550033569336,103.62999725341797,64540100
GOOG,2022-09-19,102.54000091552734,104.0199966430664,102.37000274658203,103.8499984741211,19738600
GOOG,2022-09-20,102.87999725341797,103.16999816894531,101.12000274658203,101.83000183105469,24001700
GOOG,2022-09-21,102.23999786376953,103.48999786376953,99.98999786376953,100.01000213623047,26596800
GOOG,2022-09-22,99.44999694824219,101.68000030517578,99.41000366210938,100.56999969482422,21272700
GOOG,2022-09-23,100.05999755859375,100.11000061035156,98.01000213623047,99.16999816894531,25657000
GOOG,2022-09-26,98.61000061035156,100.44000244140625,98.37999725341797,98.80999755859375,22437900
GOOG,2022-09-27,99.91000366210938,100.45999908447266,97.33999633789062,98.08999633789062,24225000
GOOG,2022-09-28,98.0199966430664,101.4000015258789,97.80000305175781,100.73999786376953,24617000
GOOG,2022-09-29,99.30000305175781,99.30000305175781,96.5199966430664,98.08999633789062,21921500
GOOG,2022-09-30,97.7300033569336,99.49400329589844,96.02999877929688,96.1500015258789,26277800
GOOG,2022-10-03,97.22000122070312,99.97000122070312,97.0199966430664,99.30000305175781,24840000
GOOG,2022-10-04,101.04000091552734,102.72000122070312,101.04000091552734,102.41000366210938,22580900
GOOG,2022-10-05,100.69000244140625,102.73999786376953,99.73999786376953,102.22000122070312,18475500
GOOG,2022-10-06,101.5,103.7300033569336,101.5,102.23999786376953,17156200
GOOG,2022-10-07,100.6500015258789,101.41999816894531,99.20999908447266,99.56999969482422,24249900
GOOG,2022-10-10,99.8499984741211,99.98999786376953,97.87000274658203,98.70999908447266,16529900
GOOG,2022-10-11,98.25,100.12000274658203,97.25,98.05000305175781,21617700
GOOG,2022-10-12,98.2699966430664,99.64800262451172,97.66999816894531,98.30000305175781,17343400
GOOG,2022-10-13,95.93000030517578,100.52999877929688,95.2699966430664,99.70999908447266,32812200
GOOG,2022-10-14,100.625,101.29000091552734,97.02999877929688,97.18000030517578,22624800
GOOG,2022-10-17,99.5199966430664,101.7699966430664,99.51000213623047,100.77999877929688,23311600
GOOG,2022-10-18,103.94000244140625,104.22000122070312,100.6500015258789,101.38999938964844,21610500
GOOG,2022-10-19,100.69999694824219,101.65899658203125,99.63500213623047,100.29000091552734,21573700
GOOG,2022-10-20,100.81999969482422,103.0,99.97000122070312,100.52999877929688,25125100
GOOG,2022-10-21,98.45999908447266,101.62000274658203,98.2300033569336,101.4800033569336,28988700
GOOG,2022-10-24,102.08999633789062,103.0999984741211,100.30000305175781,102.97000122070312,24680800
GOOG,2022-10-25,103.30000305175781,105.0999984741211,103.0199966430664,104.93000030517578,29910200
GOOG,2022-10-26,96.76000213623047,98.54000091552734,94.56999969482422,94.81999969482422,71504300
GOOG,2022-10-27,94.30999755859375,95.16999816894531,91.9000015258789,92.5999984741211,54036500
GOOG,2022-10-28,92.52999877929688,96.86000061035156,92.322998046875,96.58000183105469,35696900
GOOG,2022-10-31,95.77999877929688,96.3499984741211,94.37999725341797,94.66000366210938,29868700
GOOG,2022-11-01,95.58999633789062,96.16500091552734,90.43000030517578,90.5,43220600
GOOG,2022-11-02,90.91000366210938,91.30000305175781,87.01000213623047,87.06999969482422,43553600
GOOG,2022-11-03,86.34500122070312,86.55000305175781,83.44999694824219,83.48999786376953,48510400
GOOG,2022-11-04,85.51000213623047,86.7300033569336,83.87999725341797,86.69999694824219,40173300
GOOG,2022-11-07,87.33999633789062,88.94000244140625,86.95999908447266,88.6500015258789,26899900
GOOG,2022-11-08,89.16000366210938,90.40499877929688,87.6500015258789,88.91000366210938,30172000
GOOG,2022-11-09,88.54499816894531,89.48999786376953,87.36000061035156,87.4000015258789,26743900
GOOG,2022-11-10,92.33999633789062,94.55000305175781,91.6500015258789,94.16999816894531,42371200
GOOG,2022-11-11,94.70999908447266,97.36000061035156,94.16000366210938,96.7300033569336,30569100
GOOG,2022-11-14,95.5,97.18000030517578,95.11299896240234,96.02999877929688,24170100
GOOG,2022-11-15,98.66999816894531,100.41999816894531,97.0199966430664,98.72000122070312,31831000
GOOG,2022-11-16,98.0199966430664,99.8499984741211,97.9020004272461,98.98999786376953,24660200
GOOG,2022-11-17,97.18000030517578,99.4800033569336,97.0999984741211,98.5,21818700
GOOG,2022-11-18,99.01000213623047,99.16000366210938,96.73999786376953,97.80000305175781,24969900
GOOG,2022-11-21,97.55999755859375,98.72000122070312,95.66999816894531,95.83000183105469,18696900
GOOG,2022-11-22,96.16000366210938,97.5479965209961,94.41000366210938,97.33000183105469,18868900
GOOG,2022-11-23,97.33999633789062,99.06900024414062,97.33999633789062,98.81999969482422,17568900
GOOG,2022-11-25,98.46499633789062,98.94000244140625,97.52999877929688,97.5999984741211,8567800
GOOG,2022-11-28,97.19999694824219,97.83000183105469,95.88999938964844,96.25,19974500
GOOG,2022-11-29,96.0,96.38999938964844,94.38999938964844,95.44000244140625,20220000
GOOG,2022-11-30,95.12000274658203,101.44999694824219,94.66999816894531,101.44999694824219,39888100
GOOG,2022-12-01,101.4000015258789,102.58999633789062,100.66999816894531,101.27999877929688,21771500
GOOG,2022-12-02,99.37000274658203,101.1500015258789,99.16999816894531,100.83000183105469,18821500
GOOG,2022-12-05,99.81500244140625,101.75,99.3550033569336,99.87000274658203,19955500
GOOG,2022-12-06,99.66999816894531,100.20999908447266,96.76000213623047,97.30999755859375,20877600
GOOG,2022-12-07,96.7699966430664,97.30999755859375,95.0250015258789,95.1500015258789,26647900
GOOG,2022-12-08,95.69000244140625,95.87000274658203,93.80000305175781,93.94999694824219,25593200
GOOG,2022-12-09,93.9000015258789,94.48999786376953,93.0199966430664,93.06999969482422,21885300
GOOG,2022-12-12,93.08999633789062,93.875,91.9000015258789,93.55999755859375,27380900
GOOG,2022-12-13,98.06999969482422,99.80000305175781,95.37999725341797,95.8499984741211,34788500
GOOG,2022-12-14,95.54000091552734,97.22000122070312,93.94000244140625,95.30999755859375,26452900
GOOG,2022-12-15,93.54000091552734,94.02999877929688,90.43000030517578,91.19999694824219,28298800
GOOG,2022-12-16,91.19999694824219,91.75,90.01000213623047,90.86000061035156,48485500
GOOG,2022-12-19,90.87999725341797,91.19999694824219,88.92500305175781,89.1500015258789,23020500
GOOG,2022-12-20,88.7300033569336,89.77999877929688,88.04000091552734,89.62999725341797,21976800
GOOG,2022-12-21,89.7300033569336,90.91500091552734,88.91000366210938,90.25,20336400
GOOG,2022-12-22,88.93000030517578,89.18000030517578,86.94000244140625,88.26000213623047,23656100
GOOG,2022-12-23,87.62000274658203,90.0999984741211,87.62000274658203,89.80999755859375,17815000
GOOG,2022-12-27,89.30999755859375,89.5,87.53500366210938,87.93000030517578,15470900
GOOG,2022-12-28,87.5,88.5199966430664,86.37000274658203,86.45999908447266,17879600
GOOG,2022-12-29,87.02999877929688,89.36499786376953,86.98999786376953,88.94999694824219,18280700
GOOG,2022-12-30,87.36499786376953,88.83000183105469,87.02999877929688,88.7300033569336,19190300
GOOG,2023-01-03,89.83000183105469,91.55000305175781,89.0199966430664,89.69999694824219,20738500
GOOG,2023-01-04,91.01000213623047,91.23999786376953,87.80000305175781,88.70999908447266,27046500
GOOG,2023-01-05,88.06999969482422,88.20999908447266,86.55999755859375,86.7699966430664,23136100
GOOG,2023-01-06,87.36000061035156,88.47000122070312,85.56999969482422,88.16000366210938,26612600
GOOG,2023-01-09,89.19499969482422,90.83000183105469,88.58000183105469,88.80000305175781,22996700
GOOG,2023-01-10,86.72000122070312,89.4749984741211,86.69999694824219,89.23999786376953,22855600
GOOG,2023-01-11,90.05999755859375,92.44999694824219,89.73999786376953,92.26000213623047,25998800
GOOG,2023-01-12,92.4000015258789,92.62000274658203,90.56999969482422,91.91000366210938,22754200
GOOG,2023-01-13,91.52799987792969,92.9800033569336,90.93000030517578,92.80000305175781,18630700
GOOG,2023-01-17,92.77999877929688,92.97000122070312,90.83999633789062,92.16000366210938,22935800
GOOG,2023-01-18,92.94000244140625,93.58799743652344,91.4000015258789,91.77999877929688,19641600
GOOG,2023-01-19,91.38999938964844,94.4000015258789,91.37999725341797,93.91000366210938,28707700
GOOG,2023-01-20,95.94999694824219,99.41999816894531,95.91000366210938,99.27999877929688,53704800
GOOG,2023-01-23,99.12999725341797,101.4000015258789,98.75,101.20999908447266,31791800
GOOG,2023-01-24,99.55000305175781,101.08999633789062,98.69999694824219,99.20999908447266,27391400
GOOG,2023-01-25,97.19999694824219,97.72000122070312,95.26200103759766,96.7300033569336,31000900
GOOG,2023-01-26,98.27999877929688,99.20999908447266,96.81999969482422,99.16000366210938,24542100
GOOG,2023-01-27,99.05000305175781,101.58000183105469,98.97000122070312,100.70999908447266,29020400
GOOG,2023-01-30,98.74500274658203,99.40899658203125,97.5199966430664,97.94999694824219,24365100
GOOG,2023-01-31,97.86000061035156,99.91000366210938,97.79000091552734,99.87000274658203,22306800
GOOG,2023-02-01,99.73999786376953,102.19000244140625,98.41999816894531,101.43000030517578,26392600
GOOG,2023-02-02,106.79000091552734,108.81999969482422,106.54000091552734,108.80000305175781,46622600
GOOG,2023-02-03,103.51000213623047,108.0199966430664,103.30000305175781,105.22000122070312,36823400
GOOG,2023-02-06,102.68499755859375,104.69999694824219,102.20999908447266,103.47000122070312,25573000
GOOG,2023-02-07,103.62999725341797,108.66999816894531,103.5479965209961,108.04000091552734,33738800
GOOG,2023-02-08,102.69000244140625,103.58000183105469,98.45500183105469,100.0,73546000
GOOG,2023-02-09,100.54000091552734,100.61000061035156,93.86000061035156,95.45999908447266,97798600
GOOG,2023-02-10,95.73999786376953,97.0199966430664,94.52999877929688,94.86000061035156,49325300
GOOG,2023-02-13,95.01000213623047,95.3499984741211,94.05000305175781,95.0,43116600
GOOG,2023-02-14,94.66000366210938,95.17500305175781,92.6500015258789,94.94999694824219,42513100
GOOG,2023-02-15,94.73999786376953,97.33999633789062,94.36000061035156,97.0999984741211,36964500
GOOG,2023-02-16,95.54000091552734,97.87999725341797,94.97000122070312,95.77999877929688,35642100
GOOG,2023-02-17,95.06999969482422,95.75,93.44999694824219,94.58999633789062,31095100
GOOG,2023-02-21,93.23999786376953,93.41500091552734,92.0,92.05000305175781,28367200
GOOG,2023-02-22,91.93399810791016,92.36000061035156,90.87000274658203,91.80000305175781,29891100
GOOG,2023-02-23,92.12999725341797,92.12999725341797,90.01000213623047,91.06999969482422,32423700
GOOG,2023-02-24,89.62999725341797,90.12999725341797,88.86000061035156,89.3499984741211,31295600
GOOG,2023-02-27,90.08999633789062,90.44999694824219,89.61000061035156,90.0999984741211,22724300
GOOG,2023-02-28,89.54000091552734,91.44999694824219,89.5199966430664,90.30000305175781,30546900
GOOG,2023-03-01,90.16000366210938,91.19999694824219,89.8499984741211,90.51000213623047,26323900
GOOG,2023-03-02,89.86000061035156,92.4800033569336,89.7699966430664,92.30999755859375,23328600
GOOG,2023-03-03,92.73999786376953,94.11000061035156,92.66000366210938,94.0199966430664,30242500
GOOG,2023-03-06,94.36000061035156,96.30000305175781,94.30000305175781,95.58000183105469,28288200
GOOG,2023-03-07,95.41999816894531,96.08999633789062,93.84400177001953,94.16999816894531,24101500
GOOG,2023-03-08,94.40499877929688,96.23999786376953,94.40499877929688,94.6500015258789,25395200
GOOG,2023-03-09,94.48999786376953,95.91999816894531,92.3550033569336,92.66000366210938,24438900
GOOG,2023-03-10,92.5,93.18000030517578,90.80000305175781,91.01000213623047,32850100
GOOG,2023-03-13,90.56500244140625,93.08000183105469,89.94000244140625,91.66000366210938,31508600
GOOG,2023-03-14,93.06999969482422,94.83000183105469,92.77999877929688,94.25,32303900
GOOG,2023-03-15,93.54000091552734,97.25,93.04000091552734,96.55000305175781,38367300
GOOG,2023-03-16,96.56999969482422,101.97000122070312,95.87000274658203,101.06999969482422,54499500
GOOG,2023-03-17,100.83999633789062,103.48999786376953,100.75,102.45999908447266,76140300
GOOG,2023-03-20,101.05999755859375,102.58000183105469,100.79000091552734,101.93000030517578,26033900
GOOG,2023-03-21,101.9800033569336,105.95999908447266,101.86000061035156,105.83999633789062,33122800
GOOG,2023-03-22,105.13999938964844,107.51000213623047,104.20999908447266,104.22000122070312,32336900
GOOG,2023-03-23,105.88999938964844,107.10099792480469,105.41000366210938,106.26000213623047,31385800
GOOG,2023-03-24,105.73999786376953,106.16000366210938,104.73999786376953,106.05999755859375,25236200
GOOG,2023-03-27,105.31999969482422,105.4000015258789,102.62999725341797,103.05999755859375,25393400
GOOG,2023-03-28,103.0,103.0,100.27999877929688,101.36000061035156,24913500
GOOG,2023-03-29,102.72000122070312,102.81999969482422,101.02999877929688,101.9000015258789,26148300
GOOG,2023-03-30,101.44000244140625,101.61000061035156,100.29000091552734,101.31999969482422,25009800
GOOG,2023-03-31,101.70999908447266,104.19000244140625,101.44000244140625,104.0,28108000
GOOG,2023-04-03,102.66999816894531,104.94999694824219,102.37999725341797,104.91000366210938,20719900
GOOG,2023-04-04,104.83999633789062,106.0999984741211,104.5999984741211,105.12000274658203,20377200
GOOG,2023-04-05,106.12000274658203,106.54000091552734,104.10199737548828,104.94999694824219,21864200
GOOG,2023-04-06,105.7699966430664,109.62999725341797,104.81500244140625,108.9000015258789,34684200
GOOG,2023-04-10,107.38999938964844,107.97000122070312,105.5999984741211,106.94999694824219,19741500
GOOG,2023-04-11,106.91999816894531,107.22000122070312,105.27999877929688,106.12000274658203,18721300
GOOG,2023-04-12,107.38999938964844,107.58699798583984,104.97000122070312,105.22000122070312,22761600
GOOG,2023-04-13,106.47000122070312,108.26499938964844,106.44000244140625,108.19000244140625,21650700
GOOG,2023-04-14,107.69000244140625,109.58000183105469,107.58999633789062,109.45999908447266,20758700
GOOG,2023-04-17,105.43000030517578,106.70999908447266,105.31999969482422,106.41999816894531,29043400
GOOG,2023-04-18,107.0,107.05000305175781,104.77999877929688,105.12000274658203,17641400
GOOG,2023-04-19,104.21499633789062,105.7249984741211,103.80000305175781,105.0199966430664,16732000
GOOG,2023-04-20,104.6500015258789,106.88800048828125,104.63999938964844,105.9000015258789,22515300
GOOG,2023-04-21,106.08999633789062,106.63999938964844,105.48500061035156,105.91000366210938,22379000
GOOG,2023-04-24,106.05000305175781,107.31999969482422,105.36000061035156,106.77999877929688,21410900
GOOG,2023-04-25,106.61000061035156,107.44000244140625,104.55999755859375,104.61000061035156,31408100
GOOG,2023-04-26,105.55999755859375,107.0199966430664,103.2699966430664,104.44999694824219,37068200
GOOG,2023-04-27,105.2300033569336,109.1500015258789,104.41999816894531,108.37000274658203,38235200
GOOG,2023-04-28,107.80000305175781,108.29000091552734,106.04000091552734,108.22000122070312,23957900
GOOG,2023-05-01,107.72000122070312,108.68000030517578,107.5,107.70999908447266,20926300
GOOG,2023-05-02,107.66000366210938,107.7300033569336,104.5,105.9800033569336,20343100
GOOG,2023-05-03,106.22000122070312,108.12999725341797,105.62000274658203,106.12000274658203,17116300
GOOG,2023-05-04,106.16000366210938,106.30000305175781,104.69999694824219,105.20999908447266,19780600
GOOG,2023-05-05,105.31999969482422,106.44000244140625,104.73899841308594,106.21499633789062,20710600
GOOG,2023-05-08,105.79499816894531,108.41999816894531,105.79000091552734,108.23999786376953,17266000
GOOG,2023-05-09,108.77999877929688,110.59500122070312,107.7249984741211,107.94000244140625,24782400
GOOG,2023-05-10,108.55000305175781,113.51000213623047,108.4800033569336,112.27999877929688,47533500
GOOG,2023-05-11,115.86000061035156,118.44000244140625,114.93000030517578,116.9000015258789,57115100
GOOG,2023-05-12,117.0,118.26000213623047,116.55000305175781,117.91999816894531,31293800
GOOG,2023-05-15,116.48999786376953,118.79499816894531,116.4800033569336,116.95999908447266,22107900
GOOG,2023-05-16,116.83000183105469,121.19999694824219,116.83000183105469,120.08999633789062,32370100
GOOG,2023-05-17,120.18000030517578,122.27999877929688,119.45999908447266,121.4800033569336,26659600
GOOG,2023-05-18,121.55999755859375,123.9000015258789,121.48999786376953,123.5199966430664,27014500
GOOG,2023-05-19,124.19999694824219,126.47899627685547,122.72000122070312,123.25,30268900
GOOG,2023-05-22,123.51000213623047,127.05000305175781,123.44999694824219,125.87000274658203,29760200
GOOG,2023-05-23,124.93000030517578,125.41999816894531,123.05000305175781,123.29000091552734,24477900
GOOG,2023-05-24,121.87999725341797,122.75,120.75,121.63999938964844,23087900
GOOG,2023-05-25,125.20999908447266,125.9800033569336,122.9000015258789,124.3499984741211,33812700
GOOG,2023-05-26,124.06500244140625,126.0,123.29000091552734,125.43000030517578,25154700
GOOG,2023-05-30,126.29000091552734,126.37999725341797,122.88999938964844,124.63999938964844,27230700
GOOG,2023-05-31,123.69999694824219,124.9000015258789,123.0999984741211,123.37000274658203,41548800
GOOG,2023-06-01,123.5,125.04000091552734,123.30000305175781,124.37000274658203,25017700
GOOG,2023-06-02,124.48999786376953,126.74500274658203,124.3499984741211,125.2300033569336,19367500
GOOG,2023-06-05,124.61000061035156,127.98999786376953,124.37999725341797,126.62999725341797,22672500
GOOG,2023-06-06,126.5999984741211,128.8800048828125,125.97000122070312,127.91000366210938,19450100
GOOG,2023-06-07,127.57499694824219,129.5500030517578,122.62999725341797,122.94000244140625,34179300
GOOG,2023-06-08,122.58499908447266,123.7300033569336,122.01000213623047,122.66999816894531,24815000
GOOG,2023-06-09,122.55999755859375,124.28500366210938,122.41999816894531,122.87000274658203,20304500
GOOG,2023-06-12,123.3949966430664,124.75,122.3499984741211,124.3499984741211,22255700
GOOG,2023-06-13,125.6500015258789,125.86000061035156,123.84500122070312,124.43000030517578,19287700
GOOG,2023-06-14,123.80000305175781,124.79000091552734,122.16000366210938,124.37999725341797,24659600
GOOG,2023-06-15,123.87999725341797,126.16000366210938,123.13999938964844,125.79000091552734,24517100
GOOG,2023-06-16,126.69999694824219,126.69999694824219,123.79000091552734,124.05999755859375,56699200
GOOG,2023-06-20,123.53500366210938,125.17500305175781,122.83000183105469,123.8499984741211,22698000
GOOG,2023-06-21,123.23500061035156,123.41000366210938,120.86000061035156,121.26000213623047,22612000
GOOG,2023-06-22,120.66000366210938,123.93499755859375,119.5999984741211,123.87000274658203,20781900
GOOG,2023-06-23,122.04000091552734,123.44000244140625,121.86000061035156,123.0199966430664,29573100
GOOG,2023-06-26,121.46600341796875,122.72000122070312,118.98999786376953,119.08999633789062,23185000
GOOG,2023-06-27,117.83999633789062,119.8949966430664,116.91000366210938,119.01000213623047,27221700
GOOG,2023-06-28,117.95999908447266,121.2699966430664,117.5999984741211,121.08000183105469,19753100
GOOG,2023-06-29,120.08999633789062,120.91000366210938,119.20999908447266,120.01000213623047,18517500
GOOG,2023-06-30,121.0999984741211,122.02999877929688,120.87999725341797,120.97000122070312,23871800
GOOG,2023-07-03,120.31999969482422,121.0199966430664,119.70500183105469,120.55999755859375,13888300
GOOG,2023-07-05,120.05999755859375,123.37000274658203,120.05999755859375,122.62999725341797,17830300
GOOG,2023-07-06,120.63999938964844,121.1500015258789,119.25,120.93000030517578,17732500
GOOG,2023-07-07,120.88999938964844,121.75,120.08999633789062,120.13999938964844,20997700
GOOG,2023-07-10,119.06999969482422,119.06999969482422,116.63999938964844,116.87000274658203,32960100
GOOG,2023-07-11,116.76000213623047,118.2249984741211,115.83000183105469,117.70999908447266,18286600
GOOG,2023-07-12,119.30000305175781,120.95999908447266,119.0,119.62000274658203,22059600
GOOG,2023-07-13,121.54000091552734,125.33499908447266,121.05999755859375,124.83000183105469,31535900
GOOG,2023-07-14,125.12999725341797,127.08999633789062,124.9000015258789,125.69999694824219,20499800
GOOG,2023-07-17,126.05999755859375,127.27999877929688,124.5,125.05999755859375,20675300
GOOG,2023-07-18,124.90499877929688,124.98999786376953,123.30000305175781,124.08000183105469,21045800
GOOG,2023-07-19,124.79000091552734,125.47000122070312,122.47000122070312,122.77999877929688,22313800
GOOG,2023-07-20,122.12000274658203,124.69999694824219,118.68499755859375,119.52999877929688,27541700
GOOG,2023-07-21,120.87000274658203,121.30000305175781,119.06999969482422,120.30999755859375,56514600
GOOG,2023-07-24,121.9260025024414,123.3499984741211,121.37999725341797,121.87999725341797,22276100
GOOG,2023-07-25,121.87999725341797,123.69000244140625,121.52999877929688,122.79000091552734,31820800
GOOG,2023-07-26,130.36000061035156,131.3699951171875,128.7100067138672,129.66000366210938,46216900
GOOG,2023-07-27,131.8000030517578,133.60000610351562,129.17999267578125,129.8699951171875,35931600
GOOG,2023-07-28,130.97000122070312,134.07000732421875,130.9199981689453,133.00999450683594,26971000
GOOG,2023-07-31,133.00999450683594,133.8300018310547,132.1300048828125,133.11000061035156,18381900
GOOG,2023-08-01,130.85499572753906,132.9199981689453,130.75,131.88999938964844,22154300
GOOG,2023-08-02,129.83999633789062,130.4199981689453,127.8499984741211,128.63999938964844,22705800
GOOG,2023-08-03,128.3699951171875,129.77000427246094,127.7750015258789,128.77000427246094,15018100
GOOG,2023-08-04,129.60000610351562,131.92999267578125,128.31500244140625,128.5399932861328,20521900
GOOG,2023-08-07,129.50999450683594,132.05999755859375,129.42999267578125,131.94000244140625,17621000
GOOG,2023-08-08,130.97999572753906,131.94000244140625,130.1300048828125,131.83999633789062,16836000
GOOG,2023-08-09,132.19000244140625,132.47000122070312,129.5050048828125,130.14999389648438,17745200
GOOG,2023-08-10,131.97000122070312,132.64700317382812,130.03500366210938,130.2100067138672,17855700
GOOG,2023-08-11,129.20199584960938,130.44000244140625,128.75,130.1699981689453,15205500
GOOG,2023-08-14,129.85000610351562,131.91000366210938,129.58999633789062,131.8300018310547,17526200
GOOG,2023-08-15,131.58999633789062,131.99000549316406,129.81900024414062,130.27000427246094,14769200
GOOG,2023-08-16,129.27999877929688,130.8979949951172,128.4600067138672,129.11000061035156,17548400
GOOG,2023-08-17,130.4499969482422,132.49099731445312,129.85000610351562,130.4600067138672,23665600
GOOG,2023-08-18,129.05999755859375,129.8300018310547,127.0,128.11000061035156,23627200
GOOG,2023-08-21,127.8499984741211,129.25999450683594,127.16000366210938,128.92999267578125,21851100
GOOG,2023-08-22,129.1300048828125,130.9499969482422,128.9250030517578,129.69000244140625,15557900
GOOG,2023-08-23,130.85000610351562,134.07000732421875,130.50999450683594,133.2100067138672,26497000
GOOG,2023-08-24,134.7270050048828,134.97000122070312,130.3000030517578,130.4199981689453,18680400
GOOG,2023-08-25,130.13999938964844,131.39999389648438,128.0399932861328,130.69000244140625,20678100
GOOG,2023-08-28,132.0800018310547,133.24000549316406,130.85000610351562,131.7899932861328,16715500
GOOG,2023-08-29,132.9980010986328,137.2949981689453,132.97999572753906,135.49000549316406,30803300
GOOG,2023-08-30,135.57000732421875,137.25,135.02099609375,136.92999267578125,21773400
GOOG,2023-08-31,137.0500030517578,138.39999389648438,136.82000732421875,137.35000610351562,28147900
GOOG,2023-09-01,138.42999267578125,138.5800018310547,135.94000244140625,136.8000030517578,16671600
GOOG,2023-09-05,136.44000244140625,137.3699951171875,135.55999755859375,136.7100067138672,17730200
GOOG,2023-09-06,137.01499938964844,137.47999572753906,134.69000244140625,135.3699951171875,15814300
GOOG,2023-09-07,134.60000610351562,136.5800018310547,133.9600067138672,136.1999969482422,16976000
GOOG,2023-09-08,135.8699951171875,137.51499938964844,135.8699951171875,137.1999969482422,17810700
GOOG,2023-09-11,137.3800048828125,138.26400756835938,136.5500030517578,137.74000549316406,17180800
GOOG,2023-09-12,137.1300048828125,137.63999938964844,135.92999267578125,136.07000732421875,15212900
GOOG,2023-09-13,135.89999389648438,137.6999969482422,134.92999267578125,137.5,16394900
GOOG,2023-09-14,138.38999938964844,139.5500030517578,137.05999755859375,138.99000549316406,19064600
GOOG,2023-09-15,138.8000030517578,139.36000061035156,137.17999267578125,138.3000030517578,48958800
GOOG,2023-09-18,137.6300048828125,139.92999267578125,137.6300048828125,138.9600067138672,16233600
GOOG,2023-09-19,138.25,139.1750030517578,137.5,138.8300018310547,15479100
GOOG,2023-09-20,138.8300018310547,138.83999633789062,134.52000427246094,134.58999633789062,21473500
GOOG,2023-09-21,132.38999938964844,133.19000244140625,131.08999633789062,131.36000061035156,22058400
GOOG,2023-09-22,131.67999267578125,133.00999450683594,130.50999450683594,131.25,17348700
GOOG,2023-09-25,130.77000427246094,132.22000122070312,130.02999877929688,132.1699981689453,14650000
GOOG,2023-09-26,130.91400146484375,131.40499877929688,128.19000244140625,129.4499969482422,20378800
GOOG,2023-09-27,129.44000244140625,131.72000122070312,129.3800048828125,131.4600067138672,18764200
GOOG,2023-09-28,130.69000244140625,134.17999267578125,130.69000244140625,133.1300048828125,18201400
GOOG,2023-09-29,134.0800018310547,134.88999938964844,131.32000732421875,131.85000610351562,23237300
GOOG,2023-10-02,132.15499877929688,135.36000061035156,132.06500244140625,135.1699981689453,19210400
GOOG,2023-10-03,134.92999267578125,135.24000549316406,132.81500244140625,133.3000030517578,19628700
GOOG,2023-10-04,133.66000366210938,136.57000732421875,133.42999267578125,136.27000427246094,22848000
GOOG,2023-10-05,136.1300048828125,136.5,134.4550018310547,135.99000549316406,15922900
GOOG,2023-10-06,134.94000244140625,139.18600463867188,134.94000244140625,138.72999572753906,20826700
GOOG,2023-10-09,137.99000549316406,139.97000122070312,136.6999969482422,139.5,16599100
GOOG,2023-10-10,139.50999450683594,140.74000549316406,138.42999267578125,139.1999969482422,19554900
GOOG,2023-10-11,139.85000610351562,142.22000122070312,139.83999633789062,141.6999969482422,20146300
GOOG,2023-10-12,142.16000366210938,142.3800048828125,139.4499969482422,140.2899932861328,18173100
GOOG,2023-10-13,140.64999389648438,141.33999633789062,137.97000122070312,138.5800018310547,19438700
GOOG,2023-10-16,139.72999572753906,140.90499877929688,139.32000732421875,140.49000549316406,17345600
GOOG,2023-10-17,140.02999877929688,141.25,138.5290069580078,140.99000549316406,17424000
GOOG,2023-10-18,140.75,141.99000549316406,138.7050018310547,139.27999877929688,18304900
GOOG,2023-10-19,139.8000030517578,141.0050048828125,138.60000610351562,138.97999572753906,21831200
GOOG,2023-10-20,138.58999633789062,139.0399932861328,136.2449951171875,136.74000549316406,24970300
GOOG,2023-10-23,136.22999572753906,139.02000427246094,135.11000061035156,137.89999389648438,20780700
GOOG,2023-10-24,139.16000366210938,140.7100067138672,138.75,140.1199951171875,26535200
GOOG,2023-10-25,129.77000427246094,130.10000610351562,126.08999633789062,126.66999816894531,58796100
GOOG,2023-10-26,124.47000122070312,125.45999908447266,122.31999969482422,123.44000244140625,33907400
GOOG,2023-10-27,124.02999877929688,124.44000244140625,121.45999908447266,123.4000015258789,37367700
GOOG,2023-10-30,124.45999908447266,126.55000305175781,123.87999725341797,125.75,24165600
GOOG,2023-10-31,126.2699966430664,126.55999755859375,123.92500305175781,125.30000305175781,21123400
GOOG,2023-11-01,125.33999633789062,127.73999786376953,124.92500305175781,127.56999969482422,26536600
GOOG,2023-11-02,129.55999755859375,130.08999633789062,128.11000061035156,128.5800018310547,24091700
GOOG,2023-11-03,129.08999633789062,130.72999572753906,129.00999450683594,130.3699951171875,19529400
GOOG,2023-11-06,130.22000122070312,131.55999755859375,129.92999267578125,131.4499969482422,15360400
GOOG,2023-11-07,131.97999572753906,133.27999877929688,131.13999938964844,132.39999389648438,19223800
GOOG,2023-11-08,132.36000061035156,133.5399932861328,132.16000366210938,133.25999450683594,15093600
GOOG,2023-11-09,133.36000061035156,133.9600067138672,131.50999450683594,131.69000244140625,17976500
GOOG,2023-11-10,131.52999877929688,134.27000427246094,130.8699951171875,134.05999755859375,20872900
GOOG,2023-11-13,133.36000061035156,134.11000061035156,132.77000427246094,133.63999938964844,16409900
GOOG,2023-11-14,135.64999389648438,137.24000549316406,135.10000610351562,135.42999267578125,22317300
GOOG,2023-11-15,136.63999938964844,136.83999633789062,135.3300018310547,136.3800048828125,15840900
GOOG,2023-11-16,136.9600067138672,138.8800048828125,136.0800018310547,138.6999969482422,17615100
GOOG,2023-11-17,137.82000732421875,138.0,135.47999572753906,136.94000244140625,25565300
GOOG,2023-11-20,135.5,138.4250030517578,135.49000549316406,137.9199981689453,19569400
GOOG,2023-11-21,137.94000244140625,138.96499633789062,137.7050018310547,138.6199951171875,17648100
GOOG,2023-11-22,139.10000610351562,141.10000610351562,139.0,140.02000427246094,17306400
GOOG,2023-11-24,139.5399932861328,139.677001953125,137.47000122070312,138.22000122070312,8828600
GOOG,2023-11-27,137.57000732421875,139.6300048828125,137.5399932861328,138.0500030517578,17886400
GOOG,2023-11-28,137.6300048828125,138.66000366210938,137.0399932861328,138.6199951171875,17046900
GOOG,2023-11-29,138.98500061035156,139.6699981689453,136.2949981689453,136.39999389648438,21014700
GOOG,2023-11-30,136.39999389648438,136.9600067138672,132.7899932861328,133.9199981689453,29913500
GOOG,2023-12-01,133.32000732421875,133.5,132.15199279785156,133.32000732421875,24268000
GOOG,2023-12-04,131.29400634765625,131.4499969482422,129.39999389648438,130.6300048828125,24117100
GOOG,2023-12-05,130.3699951171875,133.5399932861328,129.72999572753906,132.38999938964844,19235100
GOOG,2023-12-06,132.89999389648438,133.30999755859375,131.30999755859375,131.42999267578125,16360600
GOOG,2023-12-07,136.60000610351562,140.0,136.22999572753906,138.4499969482422,38419400
GOOG,2023-12-08,135.66000366210938,137.99000549316406,135.57000732421875,136.63999938964844,23016100
GOOG,2023-12-11,133.82000732421875,134.7899932861328,132.88999938964844,134.6999969482422,24502900
GOOG,2023-12-12,133.27000427246094,134.5399932861328,132.8300018310547,133.63999938964844,26584000
GOOG,2023-12-13,134.5449981689453,134.77999877929688,132.9499969482422,133.97000122070312,25414500
GOOG,2023-12-14,134.77000427246094,135.03500366210938,131.05999755859375,133.1999969482422,29619100
GOOG,2023-12-15,132.9199981689453,134.8300018310547,132.6300048828125,133.83999633789062,58594000
GOOG,2023-12-18,133.86000061035156,138.3800048828125,133.77000427246094,137.19000244140625,25699800
GOOG,2023-12-19,138.0,138.77000427246094,137.4499969482422,138.10000610351562,20661000
GOOG,2023-12-20,140.3300018310547,143.0780029296875,139.41000366210938,139.66000366210938,33507300
GOOG,2023-12-21,140.77000427246094,142.02999877929688,140.47300720214844,141.8000030517578,18101500
GOOG,2023-12-22,142.1300048828125,143.25,142.05499267578125,142.72000122070312,18513500
GOOG,2023-12-26,142.97999572753906,143.94500732421875,142.5,142.82000732421875,11170100
GOOG,2023-12-27,142.8300018310547,143.32000732421875,141.05099487304688,141.44000244140625,17288400
GOOG,2023-12-28,141.85000610351562,142.27000427246094,140.8280029296875,141.27999877929688,12192500
GOOG,2023-12-29,140.67999267578125,141.43499755859375,139.89999389648438,140.92999267578125,14881000
GOOG,2024-01-02,139.60000610351562,140.61500549316406,137.74000549316406,139.55999755859375,20071900
GOOG,2024-01-03,138.60000610351562,141.08999633789062,138.42999267578125,140.36000061035156,18974300
GOOG,2024-01-04,139.85000610351562,140.63499450683594,138.00999450683594,138.0399932861328,18253300
GOOG,2024-01-05,138.3520050048828,138.80999755859375,136.85000610351562,137.38999938964844,15439500
GOOG,2024-01-08,138.0,140.63999938964844,137.8800048828125,140.52999877929688,17645300
GOOG,2024-01-09,140.05999755859375,142.8000030517578,139.7899932861328,142.55999755859375,19579700
GOOG,2024-01-10,142.52000427246094,144.52499389648438,142.4600067138672,143.8000030517578,16641900
GOOG,2024-01-11,144.89500427246094,146.66000366210938,142.21499633789062,143.6699981689453,17471100
GOOG,2024-01-12,144.33999633789062,144.74000549316406,143.36000061035156,144.24000549316406,13998700
GOOG,2024-01-16,143.42999267578125,145.83999633789062,143.05599975585938,144.0800018310547,19198900
GOOG,2024-01-17,142.91000366210938,143.41000366210938,140.50999450683594,142.88999938964844,17884500
GOOG,2024-01-18,143.44000244140625,145.5850067138672,143.35000610351562,144.99000549316406,18876800
GOOG,2024-01-19,146.30499267578125,148.0399932861328,145.8000030517578,147.97000122070312,27181000
GOOG,2024-01-22,148.7100067138672,150.01499938964844,147.5800018310547,147.7100067138672,21829200
GOOG,2024-01-23,147.72000122070312,148.86000061035156,147.19000244140625,148.67999267578125,14113600
GOOG,2024-01-24,150.2899932861328,151.57000732421875,149.83999633789062,150.35000610351562,19245000
GOOG,2024-01-25,151.74000549316406,154.75999450683594,151.22000122070312,153.63999938964844,21495100
GOOG,2024-01-26,152.8699951171875,154.11000061035156,152.8000030517578,153.7899932861328,19494500
GOOG,2024-01-29,153.63999938964844,155.1999969482422,152.9199981689453,154.83999633789062,20909300
GOOG,2024-01-30,154.00999450683594,155.0399932861328,152.77499389648438,153.0500030517578,26578900
GOOG,2024-01-31,145.38999938964844,145.58999633789062,141.5500030517578,141.8000030517578,43908600
GOOG,2024-02-01,143.69000244140625,144.6199951171875,142.25999450683594,142.7100067138672,25526900
GOOG,2024-02-02,140.88999938964844,143.8800048828125,138.1699981689453,143.5399932861328,42136100
GOOG,2024-02-05,144.0399932861328,146.6699981689453,143.91000366210938,144.92999267578125,29254400
GOOG,2024-02-06,145.9600067138672,146.74000549316406,144.52000427246094,145.41000366210938,21517700
GOOG,2024-02-07,146.1199951171875,147.0,145.2100067138672,146.67999267578125,21436100
GOOG,2024-02-08,146.97000122070312,147.61000061035156,146.4199981689453,147.22000122070312,18241300
GOOG,2024-02-09,147.9499969482422,150.69500732421875,147.42999267578125,150.22000122070312,21877700
GOOG,2024-02-12,149.5399932861328,150.58999633789062,148.55999755859375,148.72999572753906,17236100
GOOG,2024-02-13,146.07000732421875,148.0399932861328,145.11000061035156,146.3699951171875,18138500
GOOG,2024-02-14,147.3699951171875,147.8300018310547,145.55499267578125,147.13999938964844,16651800
GOOG,2024-02-15,144.4600067138672,144.75999450683594,141.8800048828125,143.94000244140625,26724300
GOOG,2024-02-16,144.2100067138672,144.47999572753906,141.52000427246094,141.75999450683594,21865100
GOOG,2024-02-20,140.94000244140625,143.32899475097656,140.8000030517578,142.1999969482422,18625600
GOOG,2024-02-21,142.63999938964844,143.97999572753906,141.91000366210938,143.83999633789062,16440800
GOOG,2024-02-22,146.1199951171875,146.1999969482422,144.00999450683594,145.32000732421875,23024700
GOOG,2024-02-23,144.97000122070312,145.9550018310547,144.7899932861328,145.2899932861328,14519400
GOOG,2024-02-26,143.4499969482422,143.83999633789062,138.74000549316406,138.75,33513000
GOOG,2024-02-27,139.41000366210938,140.49000549316406,138.5,140.10000610351562,22364000
GOOG,2024-02-28,139.10000610351562,139.27999877929688,136.63999938964844,137.42999267578125,30628700
GOOG,2024-02-29,138.35000610351562,139.9499969482422,137.57000732421875,139.77999877929688,35485000
GOOG,2024-03-01,139.61000061035156,140.0,137.97500610351562,138.0800018310547,28551500
GOOG,2024-03-04,136.5399932861328,136.6300048828125,132.86000061035156,134.1999969482422,43571500
GOOG,2024-03-05,132.74000549316406,134.02000427246094,131.5500030517578,133.77999877929688,28447600
GOOG,2024-03-06,134.24000549316406,134.74000549316406,131.9499969482422,132.55999755859375,23175200
GOOG,2024-03-07,133.88999938964844,135.82000732421875,132.66000366210938,135.24000549316406,24107300
GOOG,2024-03-08,135.03500366210938,138.98500061035156,134.8000030517578,136.2899932861328,26495200
GOOG,2024-03-11,137.07000732421875,139.97999572753906,137.07000732421875,138.94000244140625,22536400
GOOG,2024-03-12,138.25,140.27999877929688,138.2100067138672,139.6199951171875,19019700
GOOG,2024-03-13,140.05999755859375,142.19000244140625,140.00999450683594,140.77000427246094,19637000
GOOG,2024-03-14,142.3000030517578,144.72999572753906,141.48500061035156,144.33999633789062,36117900
GOOG,2024-03-15,143.41000366210938,144.33999633789062,141.1300048828125,142.1699981689453,41039500
GOOG,2024-03-18,149.3699951171875,152.92999267578125,148.13999938964844,148.47999572753906,47676700
GOOG,2024-03-19,148.97999572753906,149.6199951171875,147.00999450683594,147.9199981689453,17748400
GOOG,2024-03-20,148.7899932861328,149.75999450683594,147.6649932861328,149.67999267578125,17730000
GOOG,2024-03-21,150.32000732421875,151.30499267578125,148.00999450683594,148.74000549316406,19843900
GOOG,2024-03-22,150.24000549316406,152.55999755859375,150.08999633789062,151.77000427246094,19252900
GOOG,2024-03-25,150.9499969482422,151.45599365234375,148.8000030517578,151.14999389648438,15114700
GOOG,2024-03-26,151.24000549316406,153.1999969482422,151.02999877929688,151.6999969482422,19312700
GOOG,2024-03-27,152.14500427246094,152.69000244140625,150.1300048828125,151.94000244140625,16622000
GOOG,2024-03-28,152.0,152.6699981689453,151.3300018310547,152.25999450683594,21105600
META,2022-01-03,338.29998779296875,341.0799865722656,337.19000244140625,338.5400085449219,14537900
META,2022-01-04,339.95001220703125,343.0899963378906,331.8699951171875,336.5299987792969,15998000
META,2022-01-05,333.0199890136719,335.760009765625,323.8399963378906,324.1700134277344,20564500
META,2022-01-06,322.82000732421875,339.1700134277344,322.7200012207031,332.4599914550781,27962800
META,2022-01-07,332.739990234375,337.0,328.8800048828125,331.7900085449219,14722000
META,2022-01-10,325.30999755859375,328.3399963378906,315.42999267578125,328.07000732421875,24942400
META,2022-01-11,326.7799987792969,334.6300048828125,325.2799987792969,334.3699951171875,16226800
META,2022-01-12,335.17999267578125,336.3699951171875,330.0299987792969,333.260009765625,14104900
META,2022-01-13,334.9800109863281,335.6300048828125,325.760009765625,326.4800109863281,14797100
META,2022-01-14,321.7900085449219,332.7300109863281,321.2099914550781,331.8999938964844,16868500
META,2022-01-18,323.2900085449219,324.2099914550781,317.6400146484375,318.1499938964844,22645600
META,2022-01-19,319.5799865722656,327.1000061035156,319.3299865722656,319.5899963378906,20814700
META,2022-01-20,323.8999938964844,327.82000732421875,315.9800109863281,316.55999755859375,16925000
META,2022-01-21,314.80999755859375,318.30999755859375,303.0400085449219,303.1700134277344,28710700
META,2022-01-24,297.8399963378906,309.5299987792969,289.010009765625,308.7099914550781,38878100
META,2022-01-25,299.95001220703125,306.2300109863281,297.5799865722656,300.1499938964844,25108500
META,2022-01-26,307.010009765625,307.510009765625,290.8500061035156,294.6300048828125,28348800
META,2022-01-27,297.75,301.7099914550781,294.260009765625,294.6400146484375,21629900
META,2022-01-28,295.6199951171875,301.8999938964844,293.0299987792969,301.7099914550781,21871600
META,2022-01-31,300.67999267578125,313.7900085449219,299.32000732421875,313.260009765625,21579500
META,2022-02-01,314.55999755859375,319.6600036621094,312.1199951171875,319.0,18023800
META,2022-02-02,327.82000732421875,328.0,316.8699951171875,323.0,58458300
META,2022-02-03,244.64999389648438,248.0,235.75,237.75999450683594,188119900
META,2022-02-04,234.97000122070312,242.61000061035156,230.11000061035156,237.08999633789062,89342200
META,2022-02-07,237.6999969482422,238.3000030517578,224.00999450683594,224.91000366210938,88613800
META,2022-02-08,220.85000610351562,225.77000427246094,216.14999389648438,220.17999267578125,94729700
META,2022-02-09,224.1999969482422,233.3699951171875,222.2100067138672,232.0,86563300
META,2022-02-10,228.27000427246094,235.0,226.6999969482422,228.07000732421875,49310400
META,2022-02-11,228.4600067138672,230.4199981689453,218.77000427246094,219.5500030517578,46156900
META,2022-02-14,219.30999755859375,221.0,214.77999877929688,217.6999969482422,38184000
META,2022-02-15,220.47000122070312,221.14999389648438,215.05999755859375,221.0,42685500
META,2022-02-16,212.41000366210938,217.4600067138672,212.36000061035156,216.5399932861328,45817500
META,2022-02-17,214.02000427246094,217.5,207.16000366210938,207.7100067138672,38747500
META,2022-02-18,209.38999938964844,210.75,205.17999267578125,206.16000366210938,37128400
META,2022-02-22,202.33999633789062,207.47999572753906,200.05999755859375,202.0800018310547,39852400
META,2022-02-23,204.16000366210938,206.94000244140625,198.0500030517578,198.4499969482422,44481400
META,2022-02-24,191.05999755859375,208.35000610351562,190.22000122070312,207.60000610351562,49957200
META,2022-02-25,204.94000244140625,211.32000732421875,203.17999267578125,210.47999572753906,37627600
META,2022-02-28,207.67999267578125,213.14999389648438,206.8300018310547,211.02999877929688,34239800
META,2022-03-01,209.8699951171875,211.75,202.22000122070312,203.49000549316406,27094900
META,2022-03-02,204.77999877929688,209.14999389648438,202.02000427246094,208.11000061035156,29452100
META,2022-03-03,209.02000427246094,209.0800018310547,201.4199981689453,202.97000122070312,27263500
META,2022-03-04,202.3699951171875,205.88999938964844,198.7899932861328,200.05999755859375,32130900
META,2022-03-07,200.7899932861328,200.88999938964844,187.27999877929688,187.47000122070312,38560600
META,2022-03-08,187.85000610351562,196.6999969482422,186.11000061035156,190.2899932861328,37508100
META,2022-03-09,195.74000549316406,199.10000610351562,193.9199981689453,198.5,31894700
META,2022-03-10,194.83999633789062,196.27999877929688,191.07000732421875,195.2100067138672,24853000
META,2022-03-11,192.63999938964844,193.55999755859375,186.6699981689453,187.61000061035156,34694500
META,2022-03-14,187.02999877929688,192.2899932861328,185.82000732421875,186.6300048828125,31010500
META,2022-03-15,190.8000030517578,192.27999877929688,185.91000366210938,192.02999877929688,31721700
META,2022-03-16,194.6999969482422,203.72999572753906,194.52000427246094,203.6300048828125,40640300
META,2022-03-17,201.6999969482422,208.0399932861328,201.11000061035156,207.83999633789062,29499700
META,2022-03-18,206.6999969482422,216.8000030517578,206.0,216.49000549316406,52128000
META,2022-03-21,214.5,214.7100067138672,207.6300048828125,211.49000549316406,30142300
META,2022-03-22,211.3699951171875,219.4600067138672,210.17999267578125,216.64999389648438,31998800
META,2022-03-23,213.3300018310547,216.8000030517578,212.16000366210938,213.4600067138672,23717300
META,2022-03-24,215.0,220.6699981689453,214.7899932861328,219.57000732421875,31502300
META,2022-03-25,220.50999450683594,225.5,218.88999938964844,221.82000732421875,40039000
META,2022-03-28,222.1300048828125,224.0399932861328,219.5399932861328,223.58999633789062,26224100
META,2022-03-29,226.07000732421875,230.88999938964844,225.2899932861328,229.86000061035156,31417900
META,2022-03-30,228.91000366210938,231.14999389648438,226.7100067138672,227.85000610351562,25588000
META,2022-03-31,228.4499969482422,228.49000549316406,222.25999450683594,222.36000061035156,24192300
META,2022-04-01,224.5500030517578,227.27999877929688,222.6999969482422,224.85000610351562,19544800
META,2022-04-04,225.97999572753906,234.35000610351562,225.86000061035156,233.88999938964844,28054800
META,2022-04-05,234.0800018310547,236.86000061035156,231.02000427246094,231.83999633789062,29727200
META,2022-04-06,226.91000366210938,228.99000549316406,221.41000366210938,223.3000030517578,28995100
META,2022-04-07,223.92999267578125,225.52000427246094,218.55999755859375,222.9499969482422,21037200
META,2022-04-08,222.3800048828125,225.1300048828125,220.02999877929688,222.3300018310547,18375700
META,2022-04-11,218.4199981689453,220.61000061035156,215.22000122070312,216.4600067138672,20516600
META,2022-04-12,220.24000549316406,222.02999877929688,213.1300048828125,214.13999938964844,20128800
META,2022-04-13,211.82000732421875,216.61000061035156,211.3300018310547,214.99000549316406,19231800
META,2022-04-14,214.88999938964844,214.99000549316406,210.0,210.17999267578125,18379500
META,2022-04-18,210.0,213.3800048828125,208.3000030517578,210.77000427246094,16580800
META,2022-04-19,210.52000427246094,218.42999267578125,209.0,217.30999755859375,20089900
META,2022-04-20,213.61000061035156,214.16000366210938,198.9199981689453,200.4199981689453,43036500
META,2022-04-21,201.60000610351562,202.97000122070312,185.5800018310547,188.07000732421875,49954100
META,2022-04-22,190.3699951171875,192.72000122070312,183.27000427246094,184.11000061035156,36426800
META,2022-04-25,182.72999572753906,187.17999267578125,181.66000366210938,186.99000549316406,29281100
META,2022-04-26,186.6300048828125,187.19000244140625,179.5,180.9499969482422,31747400
META,2022-04-27,174.42999267578125,181.2100067138672,169.0,174.9499969482422,71062900
META,2022-04-28,202.9199981689453,208.52999877929688,192.89999389648438,205.72999572753906,100890600
META,2022-04-29,204.4600067138672,212.47999572753906,199.89999389648438,200.47000122070312,49193400
META,2022-05-02,201.1699981689453,211.8800048828125,200.99000549316406,211.1300048828125,49915300
META,2022-05-03,210.4499969482422,214.89999389648438,208.08999633789062,212.02999877929688,41556300
META,2022-05-04,210.64999389648438,224.3000030517578,206.9600067138672,223.41000366210938,41375900
META,2022-05-05,218.74000549316406,220.1699981689453,206.16000366210938,208.27999877929688,41129200
META,2022-05-06,207.33999633789062,209.3800048828125,201.02000427246094,203.77000427246094,34747200
META,2022-05-09,199.83999633789062,202.57000732421875,195.5800018310547,196.2100067138672,36303200
META,2022-05-10,199.50999450683594,202.9600067138672,194.19000244140625,197.64999389648438,34452500
META,2022-05-11,196.3300018310547,200.6699981689453,188.27000427246094,188.74000549316406,31153400
META,2022-05-12,187.05999755859375,198.0500030517578,184.77999877929688,191.24000549316406,38262200
META,2022-05-13,192.5800018310547,199.88999938964844,191.27999877929688,198.6199951171875,24549800
META,2022-05-16,197.0500030517578,205.3699951171875,195.92999267578125,200.0399932861328,27112600
META,2022-05-17,202.1199951171875,205.4600067138672,198.36000061035156,202.6199951171875,24872700
META,2022-05-18,200.0,201.0,191.6300048828125,192.24000549316406,23960000
META,2022-05-19,191.1999969482422,195.2899932861328,189.60000610351562,191.2899932861328,24446900
META,2022-05-20,194.97000122070312,197.91000366210938,187.8699951171875,193.5399932861328,31465600
META,2022-05-23,195.19000244140625,196.99000549316406,191.24000549316406,196.22999572753906,25059200
META,2022-05-24,180.5500030517578,183.67999267578125,176.11000061035156,181.27999877929688,50406300
META,2022-05-25,180.39999389648438,185.4499969482422,179.32000732421875,183.8300018310547,28030200
META,2022-05-26,182.8800048828125,192.8300018310547,182.25999450683594,191.6300048828125,23056500
META,2022-05-27,191.36000061035156,195.3300018310547,189.8000030517578,195.1300048828125,22562700
META,2022-05-31,194.88999938964844,197.60000610351562,192.00999450683594,193.63999938964844,26131100
META,2022-06-01,196.50999450683594,199.52999877929688,185.0,188.63999938964844,36623500
META,2022-06-02,188.4499969482422,200.94000244140625,187.72999572753906,198.86000061035156,31951600
META,2022-06-03,195.97999572753906,196.61000061035156,189.77999877929688,190.77999877929688,19465000
META,2022-06-06,193.99000549316406,196.9199981689453,188.39999389648438,194.25,30574200
META,2022-06-07,191.92999267578125,196.52999877929688,191.49000549316406,195.64999389648438,18828700
META,2022-06-08,194.6699981689453,202.02999877929688,194.41000366210938,196.63999938964844,22267200
META,2022-06-09,194.27999877929688,199.4499969482422,183.67999267578125,184.0,23501600
META,2022-06-10,183.0399932861328,183.10000610351562,175.02000427246094,175.57000732421875,27450800
META,2022-06-13,170.58999633789062,172.5800018310547,164.02999877929688,164.25999450683594,31749300
META,2022-06-14,166.02999877929688,166.75,161.36000061035156,163.72999572753906,27244300
META,2022-06-15,167.1999969482422,172.16000366210938,163.97999572753906,169.35000610351562,30008300
META,2022-06-16,163.72000122070312,165.0800018310547,159.61000061035156,160.8699951171875,26944100
META,2022-06-17,161.67999267578125,165.89999389648438,159.89999389648438,163.74000549316406,31374200
META,2022-06-21,165.92999267578125,167.75999450683594,155.97000122070312,157.0500030517578,50724900
META,2022-06-22,158.3800048828125,160.7899932861328,155.44000244140625,155.85000610351562,47267800
META,2022-06-23,156.27000427246094,159.75,154.25,158.75,40499200
META,2022-06-24,161.72999572753906,170.25,161.3000030517578,170.16000366210938,68736000
META,2022-06-27,171.32000732421875,171.75,168.00999450683594,169.49000549316406,29174600
META,2022-06-28,169.89999389648438,171.3000030517578,160.61000061035156,160.67999267578125,27744500
META,2022-06-29,163.57000732421875,166.3300018310547,160.32000732421875,163.94000244140625,28595200
META,2022-06-30,162.14999389648438,165.22999572753906,158.49000549316406,161.25,35250600
META,2022-07-01,160.30999755859375,160.6199951171875,155.0,160.02999877929688,31423900
META,2022-07-05,158.13999938964844,168.25,157.02000427246094,168.19000244140625,28618600
META,2022-07-06,168.1999969482422,171.58999633789062,165.4600067138672,169.77000427246094,23085900
META,2022-07-07,169.4499969482422,172.72000122070312,167.77999877929688,172.19000244140625,24083400
META,2022-07-08,169.97999572753906,172.39999389648438,168.14999389648438,170.8800048828125,19249200
META,2022-07-11,167.07000732421875,167.49000549316406,161.91000366210938,162.8800048828125,21885600
META,2022-07-12,164.8000030517578,165.91000366210938,162.10000610351562,163.27000427246094,16639700
META,2022-07-13,160.16000366210938,164.97999572753906,159.61000061035156,163.49000549316406,16555100
META,2022-07-14,161.22000122070312,162.58999633789062,157.27999877929688,158.0500030517578,23765200
META,2022-07-15,160.5399932861328,164.97999572753906,159.82000732421875,164.6999969482422,23342800
META,2022-07-18,166.75,171.69000244140625,165.63999938964844,167.22999572753906,23574300
META,2022-07-19,170.3699951171875,176.49000549316406,169.50999450683594,175.77999877929688,25933700
META,2022-07-20,177.49000549316406,183.60000610351562,176.6999969482422,183.08999633789062,24784300
META,2022-07-21,180.6300048828125,183.85000610351562,178.8699951171875,183.1699981689453,27195800
META,2022-07-22,173.07000732421875,175.60000610351562,168.41000366210938,169.27000427246094,42583900
META,2022-07-25,169.0,170.57000732421875,164.80999755859375,166.64999389648438,26166300
META,2022-07-26,165.94000244140625,166.0,157.9499969482422,159.14999389648438,28468400
META,2022-07-27,162.58999633789062,170.8699951171875,162.02000427246094,169.5800018310547,43846600
META,2022-07-28,161.05999755859375,161.50999450683594,154.85000610351562,160.72000122070312,73214300
META,2022-07-29,157.69000244140625,160.13999938964844,155.1699981689453,159.10000610351562,42065400
META,2022-08-01,157.25,165.19000244140625,155.22999572753906,159.92999267578125,40596700
META,2022-08-02,158.30999755859375,162.24000549316406,158.00999450683594,160.19000244140625,27374500
META,2022-08-03,162.69000244140625,169.5399932861328,161.57000732421875,168.8000030517578,31721900
META,2022-08-04,168.3000030517578,172.14999389648438,166.8000030517578,170.57000732421875,23938200
META,2022-08-05,166.99000549316406,171.61000061035156,165.8000030517578,167.11000061035156,25832700
META,2022-08-08,168.0,177.50999450683594,167.1300048828125,170.25,27299100
META,2022-08-09,168.9499969482422,169.52999877929688,166.60000610351562,168.52999877929688,18655100
META,2022-08-10,175.99000549316406,180.47999572753906,173.9499969482422,178.33999633789062,30262100
META,2022-08-11,179.7100067138672,183.10000610351562,176.3699951171875,177.49000549316406,24079100
META,2022-08-12,180.80999755859375,181.4600067138672,178.91000366210938,180.5,21274000
META,2022-08-15,178.9600067138672,181.44000244140625,178.1999969482422,180.88999938964844,15878700
META,2022-08-16,179.44000244140625,180.99000549316406,177.0399932861328,179.47000122070312,21156700
META,2022-08-17,176.75999450683594,178.13999938964844,174.1699981689453,174.85000610351562,20118100
META,2022-08-18,174.33999633789062,175.75999450683594,171.86000061035156,174.66000366210938,18844500
META,2022-08-19,170.1999969482422,172.32000732421875,167.0500030517578,167.9600067138672,26240800
META,2022-08-22,165.49000549316406,165.49000549316406,162.25999450683594,163.0500030517578,19499700
META,2022-08-23,162.47999572753906,165.0500030517578,160.6999969482422,161.11000061035156,18111800
META,2022-08-24,160.60000610351562,165.4600067138672,159.77000427246094,163.25999450683594,20891500
META,2022-08-25,165.17999267578125,168.8800048828125,164.02000427246094,168.77999877929688,15550500
META,2022-08-26,168.47999572753906,170.9199981689453,161.6699981689453,161.77999877929688,24023600
META,2022-08-29,160.66000366210938,163.0500030517578,159.00999450683594,159.1699981689453,20052700
META,2022-08-30,160.35000610351562,161.66000366210938,155.91000366210938,157.16000366210938,19567900
META,2022-08-31,167.07000732421875,167.83999633789062,162.13999938964844,162.92999267578125,40953000
META,2022-09-01,163.5800018310547,167.36000061035156,160.35000610351562,165.36000061035156,30145700
META,2022-09-02,167.4499969482422,167.92999267578125,159.22000122070312,160.32000732421875,22634200
META,2022-09-06,160.10000610351562,161.69000244140625,157.69000244140625,158.5399932861328,19339800
META,2022-09-07,157.75999450683594,160.9600067138672,156.80999755859375,160.38999938964844,16831200
META,2022-09-08,158.7100067138672,162.22999572753906,157.74000549316406,162.05999755859375,22530800
META,2022-09-09,163.25,169.5399932861328,163.02000427246094,169.14999389648438,22086800
META,2022-09-12,167.38999938964844,171.38999938964844,167.27999877929688,168.9600067138672,23220400
META,2022-09-13,161.5399932861328,161.6300048828125,152.6699981689453,153.1300048828125,44444100
META,2022-09-14,153.3300018310547,153.5399932861328,149.0500030517578,151.47000122070312,43064200
META,2022-09-15,149.8000030517578,154.1999969482422,148.6999969482422,149.5500030517578,34606300
META,2022-09-16,148.0500030517578,148.5800018310547,144.2899932861328,146.2899932861328,40122800
META,2022-09-19,145.24000549316406,148.5800018310547,145.10000610351562,148.02000427246094,22169500
META,2022-09-20,145.77999877929688,148.83999633789062,145.22000122070312,146.08999633789062,23217400
META,2022-09-21,146.38999938964844,149.60000610351562,142.0,142.1199951171875,38338600
META,2022-09-22,141.5500030517578,144.5800018310547,140.8699951171875,142.82000732421875,34418500
META,2022-09-23,141.4199981689453,142.6199951171875,138.88999938964844,140.41000366210938,31710700
META,2022-09-26,140.1199951171875,142.24000549316406,136.19000244140625,136.3699951171875,30497000
META,2022-09-27,137.9199981689453,139.4199981689453,134.1199951171875,134.39999389648438,30826500
META,2022-09-28,134.6199951171875,142.02999877929688,134.27000427246094,141.61000061035156,32658500
META,2022-09-29,139.36000061035156,139.83999633789062,135.1999969482422,136.41000366210938,38985400
META,2022-09-30,136.0500030517578,140.99000549316406,135.5,135.67999267578125,33166400
META,2022-10-03,137.13999938964844,139.6199951171875,136.10000610351562,138.61000061035156,27723100
META,2022-10-04,140.49000549316406,142.38999938964844,139.33999633789062,140.27999877929688,34670700
META,2022-10-05,138.24000549316406,140.2100067138672,134.77999877929688,138.97999572753906,27979300
META,2022-10-06,137.72000122070312,141.4499969482422,136.60000610351562,139.07000732421875,36231100
META,2022-10-07,136.75999450683594,138.2899932861328,132.44000244140625,133.4499969482422,33214800
META,2022-10-10,133.5500030517578,136.11000061035156,131.8699951171875,133.7899932861328,24024000
META,2022-10-11,131.6199951171875,132.66000366210938,126.98999786376953,128.5399932861328,38481400
META,2022-10-12,128.32000732421875,129.6699981689453,126.25,127.5,34605200
META,2022-10-13,123.52999877929688,131.13999938964844,122.52999877929688,130.2899932861328,34325700
META,2022-10-14,131.0,131.7899932861328,126.5199966430664,126.76000213623047,23559400
META,2022-10-17,130.3000030517578,134.7899932861328,130.17999267578125,134.0399932861328,29612200
META,2022-10-18,137.08999633789062,137.83999633789062,131.39999389648438,132.8000030517578,25445000
META,2022-10-19,132.88999938964844,137.0,132.22000122070312,133.22999572753906,30691000
META,2022-10-20,132.92999267578125,136.77000427246094,131.30999755859375,131.52999877929688,26356300
META,2022-10-21,126.30999755859375,130.1199951171875,125.44000244140625,130.00999450683594,46348600
META,2022-10-24,127.25,133.47999572753906,124.56999969482422,129.72000122070312,63563400
META,2022-10-25,130.8800048828125,138.35000610351562,130.58999633789062,137.50999450683594,38433200
META,2022-10-26,131.67999267578125,135.5500030517578,128.52999877929688,129.82000732421875,82791500
META,2022-10-27,97.9800033569336,102.5,96.37999725341797,97.94000244140625,232316600
META,2022-10-28,99.58000183105469,100.8499984741211,97.51000213623047,99.19999694824219,95928300
META,2022-10-31,98.22000122070312,99.31999969482422,92.5999984741211,93.16000366210938,121361400
META,2022-11-01,94.33000183105469,97.48999786376953,93.55000305175781,95.19999694824219,110189600
META,2022-11-02,94.20999908447266,95.19999694824219,90.4800033569336,90.54000091552734,71821100
META,2022-11-03,90.08000183105469,90.45999908447266,88.41000366210938,88.91000366210938,60664000
META,2022-11-04,90.3499984741211,91.38999938964844,88.08999633789062,90.79000091552734,55638100
META,2022-11-07,94.77999877929688,96.87999725341797,93.0999984741211,96.72000122070312,81987300
META,2022-11-08,95.91999816894531,97.80000305175781,94.79000091552734,96.47000122070312,52088300
META,2022-11-09,101.72000122070312,104.9000015258789,100.73999786376953,101.47000122070312,107677300
META,2022-11-10,107.12000274658203,112.75,104.61000061035156,111.87000274658203,80671000
META,2022-11-11,109.2300033569336,114.9000015258789,108.80999755859375,113.0199966430664,59961700
META,2022-11-14,110.98999786376953,116.2699966430664,110.80000305175781,114.22000122070312,53395000
META,2022-11-15,116.06999969482422,118.73999786376953,114.41000366210938,117.08000183105469,50670500
META,2022-11-16,114.5,116.08000183105469,112.66000366210938,113.2300033569336,33287800
META,2022-11-17,110.41000366210938,112.33000183105469,109.80000305175781,111.44999694824219,35093800
META,2022-11-18,113.80000305175781,114.31999969482422,110.62000274658203,112.05000305175781,33357700
META,2022-11-21,111.5199966430664,112.37000274658203,109.19000244140625,109.86000061035156,24351100
META,2022-11-22,109.86000061035156,111.62000274658203,108.31999969482422,111.44000244140625,29029000
META,2022-11-23,111.72000122070312,112.66999816894531,110.7300033569336,112.23999786376953,21343100
META,2022-11-25,111.30000305175781,112.7300033569336,111.0199966430664,111.41000366210938,12007600
META,2022-11-28,110.77999877929688,112.04000091552734,108.37999725341797,108.77999877929688,23309400
META,2022-11-29,109.54000091552734,110.94000244140625,108.54000091552734,109.45999908447266,23899200
META,2022-11-30,109.51000213623047,118.16000366210938,109.37999725341797,118.0999984741211,43348600
META,2022-12-01,119.19999694824219,121.19999694824219,118.4000015258789,120.44000244140625,36551400
META,2022-12-02,117.83000183105469,124.04000091552734,117.61000061035156,123.48999786376953,39950500
META,2022-12-05,121.75,124.66999816894531,121.3499984741211,122.43000030517578,35474900
META,2022-12-06,119.91000366210938,120.55000305175781,113.73999786376953,114.12000274658203,43689200
META,2022-12-07,113.76000213623047,115.87999725341797,112.87999725341797,113.93000030517578,29461100
META,2022-12-08,116.38999938964844,117.33999633789062,114.58999633789062,115.33000183105469,30619400
META,2022-12-09,115.30000305175781,117.54000091552734,113.87000274658203,115.9000015258789,26033400
META,2022-12-12,115.18000030517578,115.72000122070312,113.13999938964844,114.70999908447266,24747100
META,2022-12-13,122.12999725341797,123.30000305175781,118.63999938964844,120.1500015258789,44701100
META,2022-12-14,119.38999938964844,124.13999938964844,119.38999938964844,121.58999633789062,36922000
META,2022-12-15,118.33000183105469,118.62999725341797,114.01000213623047,116.1500015258789,34531000
META,2022-12-16,120.2300033569336,123.30999755859375,118.81999969482422,119.43000030517578,67064000
META,2022-12-19,116.83000183105469,117.80000305175781,114.33000183105469,114.4800033569336,29769900
META,2022-12-20,113.26000213623047,117.33000183105469,112.45999908447266,117.08999633789062,28742500
META,2022-12-21,116.69999694824219,120.33999633789062,115.62000274658203,119.76000213623047,20392800
META,2022-12-22,117.19999694824219,118.62000274658203,114.37999725341797,117.12000274658203,23618100
META,2022-12-23,116.02999877929688,118.18000030517578,115.54000091552734,118.04000091552734,17796600
META,2022-12-27,117.93000030517578,118.5999984741211,116.05000305175781,116.87999725341797,21392300
META,2022-12-28,116.25,118.1500015258789,115.51000213623047,115.62000274658203,19612500
META,2022-12-29,116.4000015258789,121.02999877929688,115.7699966430664,120.26000213623047,22366200
META,2022-12-30,118.16000366210938,120.41999816894531,117.73999786376953,120.33999633789062,19583800
META,2023-01-03,122.81999969482422,126.37000274658203,122.27999877929688,124.73999786376953,35528500
META,2023-01-04,127.37999725341797,129.0500030517578,125.8499984741211,127.37000274658203,32397100
META,2023-01-05,126.12999725341797,128.52000427246094,124.54000091552734,126.94000244140625,25447100
META,2023-01-06,128.97000122070312,130.3300018310547,126.04000091552734,130.02000427246094,27584500
META,2023-01-09,131.16000366210938,132.9499969482422,129.27999877929688,129.47000122070312,26649100
META,2023-01-10,127.2699966430664,133.44000244140625,127.1500015258789,132.99000549316406,28684400
META,2023-01-11,130.9600067138672,133.85000610351562,130.33999633789062,132.88999938964844,25423000
META,2023-01-12,133.44000244140625,137.67999267578125,131.75999450683594,136.7100067138672,30757700
META,2023-01-13,134.97000122070312,137.38999938964844,134.83999633789062,136.97999572753906,22423800
META,2023-01-17,136.17999267578125,136.75,134.25,135.36000061035156,21147600
META,2023-01-18,135.80999755859375,137.25,132.8000030517578,133.02000427246094,20215500
META,2023-01-19,132.49000549316406,137.4499969482422,132.13999938964844,136.14999389648438,28625200
META,2023-01-20,135.88999938964844,139.94000244140625,134.61000061035156,139.3699951171875,28688600
META,2023-01-23,139.2899932861328,143.75999450683594,138.66000366210938,143.27000427246094,27470100
META,2023-01-24,141.69000244140625,145.0,141.36000061035156,143.13999938964844,21970200
META,2023-01-25,141.22000122070312,143.1699981689453,140.30999755859375,141.5,26622000
META,2023-01-26,144.39999389648438,147.50999450683594,143.3000030517578,147.3000030517578,25482100
META,2023-01-27,148.24000549316406,153.19000244140625,147.38999938964844,151.74000549316406,35771900
META,2023-01-30,149.41000366210938,151.1199951171875,146.9499969482422,147.05999755859375,28040100
META,2023-01-31,147.9499969482422,149.8800048828125,147.52000427246094,148.97000122070312,29842100
META,2023-02-01,148.02999877929688,153.5800018310547,147.05999755859375,153.1199951171875,55661000
META,2023-02-02,183.3800048828125,197.16000366210938,180.16000366210938,188.77000427246094,150475700
META,2023-02-03,183.47000122070312,196.77000427246094,182.88999938964844,186.52999877929688,76809700
META,2023-02-06,186.52999877929688,190.6999969482422,185.52000427246094,186.05999755859375,42483800
META,2023-02-07,185.5800018310547,193.77999877929688,184.39999389648438,191.6199951171875,47080700
META,2023-02-08,190.0,190.8300018310547,182.9199981689453,183.42999267578125,36139100
META,2023-02-09,186.1300048828125,186.64999389648438,177.27000427246094,177.9199981689453,37118800
META,2023-02-10,176.35000610351562,178.88999938964844,173.35000610351562,174.14999389648438,33433600
META,2023-02-13,178.22000122070312,181.0,175.82000732421875,179.42999267578125,31463200
META,2023-02-14,177.16000366210938,181.50999450683594,175.8800048828125,179.47999572753906,24034600
META,2023-02-15,176.4199981689453,178.19000244140625,175.3300018310547,177.16000366210938,25308900
META,2023-02-16,172.75,175.85000610351562,171.7899932861328,172.44000244140625,25827500
META,2023-02-17,170.22000122070312,173.17999267578125,169.6999969482422,172.8800048828125,24171300
META,2023-02-21,174.30999755859375,178.1699981689453,171.8800048828125,172.0800018310547,34592600
META,2023-02-22,171.07000732421875,172.75999450683594,169.69000244140625,171.1199951171875,22433200
META,2023-02-23,172.0,173.69000244140625,169.3800048828125,172.0399932861328,20017800
META,2023-02-24,168.63999938964844,170.72000122070312,167.66000366210938,170.38999938964844,19791300
META,2023-02-27,171.8800048828125,173.1199951171875,169.05999755859375,169.5399932861328,19277000
META,2023-02-28,171.89999389648438,177.5500030517578,171.8699951171875,174.94000244140625,46051100
META,2023-03-01,174.58999633789062,177.85000610351562,173.0500030517578,173.4199981689453,30998400
META,2023-03-02,172.3800048828125,175.00999450683594,171.42999267578125,174.52999877929688,17352000
META,2023-03-03,178.9199981689453,186.6199951171875,177.0500030517578,185.25,45877700
META,2023-03-06,188.0,189.66000366210938,184.63999938964844,184.89999389648438,33209400
META,2023-03-07,189.0,190.36000061035156,184.00999450683594,184.50999450683594,36701500
META,2023-03-08,182.8699951171875,185.25999450683594,181.33999633789062,184.97000122070312,19432400
META,2023-03-09,186.35000610351562,188.92999267578125,180.3000030517578,181.69000244140625,26582800
META,2023-03-10,181.00999450683594,184.77000427246094,178.8000030517578,179.50999450683594,25665000
META,2023-03-13,177.9600067138672,183.77999877929688,174.82000732421875,180.89999389648438,24728000
META,2023-03-14,187.5800018310547,194.32000732421875,186.55999755859375,194.02000427246094,41642600
META,2023-03-15,192.9499969482422,197.77999877929688,190.83999633789062,197.75,42123600
META,2023-03-16,198.25999450683594,205.75999450683594,196.08999633789062,204.92999267578125,50447100
META,2023-03-17,200.55999755859375,201.89999389648438,195.42999267578125,195.61000061035156,50141100
META,2023-03-20,198.47999572753906,199.36000061035156,193.63999938964844,197.80999755859375,25186300
META,2023-03-21,203.1999969482422,203.5500030517578,197.9499969482422,202.16000366210938,31827000
META,2023-03-22,202.5,207.3699951171875,199.6699981689453,199.80999755859375,28477800
META,2023-03-23,202.83999633789062,207.8800048828125,202.14999389648438,204.27999877929688,27389700
META,2023-03-24,205.17999267578125,207.5800018310547,203.5500030517578,206.00999450683594,27716400
META,2023-03-27,204.80999755859375,205.86000061035156,201.36000061035156,202.83999633789062,18527200
META,2023-03-28,200.14999389648438,201.02999877929688,197.89999389648438,200.67999267578125,19127300
META,2023-03-29,203.55999755859375,205.72000122070312,202.5399932861328,205.35000610351562,18851100
META,2023-03-30,203.3800048828125,208.08999633789062,202.82000732421875,207.83999633789062,22608300
META,2023-03-31,207.24000549316406,212.1699981689453,206.77000427246094,211.94000244140625,25440300
META,2023-04-03,208.83999633789062,213.49000549316406,208.1999969482422,213.07000732421875,17924600
META,2023-04-04,213.38999938964844,216.24000549316406,212.5399932861328,214.72000122070312,21026400
META,2023-04-05,214.14999389648438,215.19000244140625,209.94000244140625,211.47999572753906,19396600
META,2023-04-06,209.25,216.94000244140625,208.64999389648438,216.10000610351562,26104400
META,2023-04-10,214.7100067138672,215.66000366210938,210.66000366210938,214.75,16106100
META,2023-04-11,215.47999572753906,216.02000427246094,213.41000366210938,213.85000610351562,16710100
META,2023-04-12,214.83999633789062,216.83999633789062,212.5800018310547,214.0,18972200
META,2023-04-13,215.72999572753906,221.14999389648438,215.69000244140625,220.35000610351562,23310400
META,2023-04-14,217.8800048828125,222.11000061035156,217.5500030517578,221.49000549316406,21591200
META,2023-04-17,219.7899932861328,220.97999572753906,217.1300048828125,218.86000061035156,15481900
META,2023-04-18,219.91000366210938,220.44000244140625,216.2100067138672,217.88999938964844,12281000
META,2023-04-19,213.47000122070312,217.3300018310547,212.92999267578125,215.6999969482422,15898100
META,2023-04-20,213.47999572753906,216.75,212.77000427246094,213.07000732421875,16475400
META,2023-04-21,210.2100067138672,213.41000366210938,209.5800018310547,212.88999938964844,17717200
META,2023-04-24,213.67999267578125,213.9199981689453,210.7100067138672,212.7899932861328,15750900
META,2023-04-25,210.82000732421875,211.25999450683594,207.1300048828125,207.5500030517578,19198200
META,2023-04-26,212.5,214.11000061035156,208.8800048828125,209.39999389648438,41992700
META,2023-04-27,239.88999938964844,241.69000244140625,236.77000427246094,238.55999755859375,71196500
META,2023-04-28,239.00999450683594,240.42999267578125,235.75,240.32000732421875,39554000
META,2023-05-01,238.6199951171875,244.0,236.4600067138672,243.17999267578125,29143900
META,2023-05-02,243.17999267578125,244.9199981689453,238.99000549316406,239.24000549316406,24350100
META,2023-05-03,239.47000122070312,241.75,232.75,237.02999877929688,34463900
META,2023-05-04,236.05999755859375,238.1999969482422,232.92999267578125,233.52000427246094,17889400
META,2023-05-05,232.24000549316406,234.67999267578125,229.85000610351562,232.77999877929688,27000500
META,2023-05-08,231.4199981689453,235.6199951171875,230.27000427246094,233.27000427246094,16400500
META,2023-05-09,231.4600067138672,235.8800048828125,231.0800018310547,233.3699951171875,16865600
META,2023-05-10,236.1699981689453,236.75,230.72000122070312,233.0800018310547,19119000
META,2023-05-11,233.0500030517578,238.2100067138672,232.3000030517578,235.7899932861328,20449000
META,2023-05-12,236.74000549316406,236.9600067138672,231.4499969482422,233.80999755859375,16161400
META,2023-05-15,236.9199981689453,240.25999450683594,235.3300018310547,238.86000061035156,20653200
META,2023-05-16,235.7899932861328,239.63999938964844,235.52000427246094,238.82000732421875,18163800
META,2023-05-17,238.4499969482422,243.83999633789062,238.13999938964844,242.49000549316406,21193100
META,2023-05-18,241.3000030517578,247.08999633789062,241.19000244140625,246.85000610351562,22943300
META,2023-05-19,247.47000122070312,248.69000244140625,243.41000366210938,245.63999938964844,21733600
META,2023-05-22,245.41000366210938,253.57000732421875,245.1199951171875,248.32000732421875,27738500
META,2023-05-23,246.80999755859375,251.61000061035156,246.64999389648438,246.74000549316406,17748100
META,2023-05-24,245.27999877929688,249.58999633789062,244.9499969482422,249.2100067138672,17724300
META,2023-05-25,253.39999389648438,255.6199951171875,249.1699981689453,252.69000244140625,22371400
META,2023-05-26,252.92999267578125,262.30999755859375,252.7100067138672,262.0400085449219,25727200
META,2023-05-30,265.25,268.6499938964844,261.2900085449219,262.5199890136719,23816500
META,2023-05-31,260.0,265.0,258.45001220703125,264.7200012207031,25473700
META,2023-06-01,265.8999938964844,274.0,265.8900146484375,272.6099853515625,25609500
META,2023-06-02,272.6600036621094,275.3500061035156,271.1199951171875,272.6099853515625,19416900
META,2023-06-05,270.29998779296875,275.57000732421875,269.55999755859375,271.3900146484375,20742900
META,2023-06-06,270.1400146484375,276.57000732421875,269.69000244140625,271.1199951171875,19419000
META,2023-06-07,271.6700134277344,274.25,262.79998779296875,263.6000061035156,26163600
META,2023-06-08,260.6199951171875,267.6499938964844,258.8800048828125,264.5799865722656,20899400
META,2023-06-09,262.4800109863281,267.95001220703125,261.70001220703125,264.95001220703125,16949800
META,2023-06-12,267.1700134277344,271.75,265.3299865722656,271.04998779296875,15442500
META,2023-06-13,274.8800048828125,275.7200012207031,269.0899963378906,271.32000732421875,16164000
META,2023-06-14,271.8900146484375,274.989990234375,268.32000732421875,273.3500061035156,19175100
META,2023-06-15,272.29998779296875,283.989990234375,271.4200134277344,281.8299865722656,25973500
META,2023-06-16,284.75,287.8500061035156,280.1300048828125,281.0,43127700
META,2023-06-20,278.7300109863281,284.79998779296875,276.2200012207031,284.3299865722656,20701600
META,2023-06-21,283.5299987792969,284.0,278.3599853515625,281.6400146484375,20556200
META,2023-06-22,279.0799865722656,285.260009765625,277.7900085449219,284.8800048828125,17563100
META,2023-06-23,281.510009765625,289.6700134277344,278.95001220703125,288.7300109863281,51092000
META,2023-06-26,288.70001220703125,289.7900085449219,277.6000061035156,278.4700012207031,24232700
META,2023-06-27,282.010009765625,289.3500061035156,280.6499938964844,287.04998779296875,26108300
META,2023-06-28,284.82000732421875,289.54998779296875,284.05999755859375,285.2900085449219,16722100
META,2023-06-29,284.5,286.57000732421875,280.69000244140625,281.5299987792969,15395700
META,2023-06-30,284.760009765625,289.04998779296875,284.4200134277344,286.9800109863281,19694900
META,2023-07-03,286.70001220703125,289.3999938964844,284.8500061035156,286.0199890136719,8629300
META,2023-07-05,287.6499938964844,298.1199951171875,286.3599853515625,294.3699951171875,33865500
META,2023-07-06,295.8900146484375,298.1199951171875,291.30999755859375,291.989990234375,47600500
META,2023-07-07,292.17999267578125,296.20001220703125,288.6600036621094,290.5299987792969,25586000
META,2023-07-10,295.54998779296875,298.1300048828125,287.04998779296875,294.1000061035156,37058300
META,2023-07-11,293.8999938964844,300.17999267578125,291.8999938964844,298.2900085449219,27585900
META,2023-07-12,301.75,309.45001220703125,300.1000061035156,309.3399963378906,36677100
META,2023-07-13,313.6199951171875,316.239990234375,310.2900085449219,313.4100036621094,30281000
META,2023-07-14,311.7900085449219,314.8800048828125,307.3599853515625,308.8699951171875,23054100
META,2023-07-17,307.5400085449219,311.7099914550781,304.7099914550781,310.6199951171875,25323100
META,2023-07-18,310.8800048828125,314.20001220703125,307.6199951171875,312.04998779296875,20731900
META,2023-07-19,313.0299987792969,318.67999267578125,310.5199890136719,316.010009765625,21763700
META,2023-07-20,313.5,315.5400085449219,302.2200012207031,302.5199890136719,23836900
META,2023-07-21,304.57000732421875,305.4599914550781,291.20001220703125,294.260009765625,42139300
META,2023-07-24,295.7799987792969,297.5199890136719,288.29998779296875,291.6099853515625,24915700
META,2023-07-25,295.19000244140625,298.29998779296875,291.8599853515625,294.4700012207031,19585600
META,2023-07-26,301.19000244140625,301.7699890136719,291.8999938964844,298.57000732421875,47256900
META,2023-07-27,325.1199951171875,325.3500061035156,309.8399963378906,311.7099914550781,64229200
META,2023-07-28,316.8800048828125,326.20001220703125,314.25,325.4800109863281,39220300
META,2023-07-31,323.69000244140625,325.6600036621094,317.5899963378906,318.6000061035156,25799600
META,2023-08-01,317.5400085449219,324.1400146484375,314.6600036621094,322.7099914550781,22817900
META,2023-08-02,318.0,318.3900146484375,310.6499938964844,314.30999755859375,20461100
META,2023-08-03,309.92999267578125,315.95001220703125,309.92999267578125,313.19000244140625,15180200
META,2023-08-04,314.9599914550781,318.4100036621094,310.20001220703125,310.7300109863281,17612800
META,2023-08-07,313.2300109863281,317.07000732421875,310.4599914550781,316.55999755859375,16236500
META,2023-08-08,314.3999938964844,317.8900146484375,310.1099853515625,312.6400146484375,15183500
META,2023-08-09,312.8800048828125,313.6300048828125,302.8500061035156,305.2099914550781,19955800
META,2023-08-10,307.94000244140625,312.3399963378906,303.8699951171875,305.739990234375,14358900
META,2023-08-11,302.57000732421875,304.7200012207031,300.3599853515625,301.6400146484375,14046300
META,2023-08-14,300.9800109863281,306.2099914550781,298.25,306.19000244140625,15641900
META,2023-08-15,306.1400146484375,307.2300109863281,300.0299987792969,301.95001220703125,11623600
META,2023-08-16,300.20001220703125,301.0799865722656,294.2799987792969,294.2900085449219,18547700
META,2023-08-17,293.04998779296875,296.04998779296875,284.95001220703125,285.0899963378906,23950100
META,2023-08-18,279.0299987792969,285.69000244140625,274.3800048828125,283.25,35347900
META,2023-08-21,283.45001220703125,290.5,281.8500061035156,289.8999938964844,20181500
META,2023-08-22,292.54998779296875,292.8999938964844,286.75,287.6000061035156,12980200
META,2023-08-23,288.5,297.3999938964844,287.6700134277344,294.239990234375,18287000
META,2023-08-24,298.5,299.4599914550781,286.6400146484375,286.75,18360900
META,2023-08-25,286.1300048828125,288.3900146484375,276.0299987792969,285.5,23701400
META,2023-08-28,288.0,291.45001220703125,285.79998779296875,290.260009765625,14239300
META,2023-08-29,288.5799865722656,299.1499938964844,288.17999267578125,297.989990234375,20844500
META,2023-08-30,297.1700134277344,298.2900085449219,293.42999267578125,295.1000061035156,17717000
META,2023-08-31,295.79998779296875,301.1000061035156,295.6600036621094,295.8900146484375,17229900
META,2023-09-01,299.3699951171875,301.739990234375,294.4700012207031,296.3800048828125,12842300
META,2023-09-05,297.0199890136719,301.3900146484375,295.510009765625,300.1499938964844,14956000
META,2023-09-06,301.7099914550781,303.29998779296875,295.6600036621094,299.1700134277344,15418100
META,2023-09-07,298.0,307.04998779296875,292.2200012207031,298.6700134277344,33748700
META,2023-09-08,299.2200012207031,305.25,296.7799987792969,297.8900146484375,17548000
META,2023-09-11,301.4100036621094,309.0400085449219,301.2799987792969,307.55999755859375,19489300
META,2023-09-12,306.3299865722656,308.6600036621094,300.2300109863281,301.6600036621094,13480400
META,2023-09-13,302.3599853515625,307.17999267578125,301.32000732421875,305.05999755859375,13210900
META,2023-09-14,306.739990234375,312.8699951171875,305.0299987792969,311.7200012207031,19343100
META,2023-09-15,311.6099853515625,312.0,298.75,300.30999755859375,28131100
META,2023-09-18,298.19000244140625,303.6000061035156,297.79998779296875,302.54998779296875,14234200
META,2023-09-19,302.4800109863281,306.1700134277344,299.80999755859375,305.07000732421875,15924400
META,2023-09-20,305.04998779296875,308.05999755859375,299.42999267578125,299.6700134277344,19379500
META,2023-09-21,295.70001220703125,300.260009765625,293.2699890136719,295.7300109863281,21319600
META,2023-09-22,299.29998779296875,305.3800048828125,298.2699890136719,299.0799865722656,25369600
META,2023-09-25,295.6400146484375,300.95001220703125,293.70001220703125,300.8299865722656,18987000
META,2023-09-26,297.6600036621094,300.29998779296875,296.010009765625,298.9599914550781,19417200
META,2023-09-27,300.45001220703125,301.29998779296875,286.7900085449219,297.739990234375,36429800
META,2023-09-28,298.94000244140625,306.3299865722656,296.70001220703125,303.9599914550781,22167100
META,2023-09-29,307.3800048828125,310.6400146484375,299.3599853515625,300.2099914550781,25373700
META,2023-10-02,302.739990234375,307.17999267578125,301.6300048828125,306.82000732421875,16265600
META,2023-10-03,304.260009765625,306.7699890136719,299.6400146484375,300.94000244140625,17362300
META,2023-10-04,298.7300109863281,306.8999938964844,298.5,305.5799865722656,16880500
META,2023-10-05,304.6300048828125,306.2099914550781,299.5,304.7900085449219,19130000
META,2023-10-06,301.44000244140625,316.30999755859375,300.9100036621094,315.42999267578125,21803900
META,2023-10-09,312.5,320.3299865722656,311.82000732421875,318.3599853515625,22503700
META,2023-10-10,319.1199951171875,324.6600036621094,318.1600036621094,321.8399963378906,19038000
META,2023-10-11,323.010009765625,328.8399963378906,322.95001220703125,327.82000732421875,22036300
META,2023-10-12,328.0,330.5400085449219,322.69000244140625,324.1600036621094,20530500
META,2023-10-13,323.5299987792969,325.04998779296875,312.3699951171875,314.69000244140625,21341000
META,2023-10-16,318.6400146484375,321.82000732421875,315.5199890136719,321.1499938964844,16536100
META,2023-10-17,318.17999267578125,324.3999938964844,317.29998779296875,324.0,16387800
META,2023-10-18,321.3900146484375,325.94000244140625,315.55999755859375,316.9700012207031,16851000
META,2023-10-19,319.8800048828125,321.8900146484375,311.75,312.80999755859375,18709200
META,2023-10-20,314.1400146484375,315.29998779296875,306.4700012207031,308.6499938964844,22312300
META,2023-10-23,309.5,317.3599853515625,307.260009765625,314.010009765625,17796800
META,2023-10-24,316.7799987792969,318.3500061035156,310.6300048828125,312.54998779296875,19525500
META,2023-10-25,310.0,310.8800048828125,298.8399963378906,299.5299987792969,42192500
META,2023-10-26,295.0,295.0,279.3999938964844,288.3500061035156,66684100
META,2023-10-27,294.4800109863281,299.30999755859375,292.9700012207031,296.7300109863281,29596300
META,2023-10-30,299.0899963378906,309.3999938964844,299.04998779296875,302.6600036621094,28435100
META,2023-10-31,303.30999755859375,303.67999267578125,296.8599853515625,301.2699890136719,19434200
META,2023-11-01,301.8500061035156,312.739990234375,301.8500061035156,311.8500061035156,20434600
META,2023-11-02,317.29998779296875,318.82000732421875,308.3299865722656,310.8699951171875,21631800
META,2023-11-03,312.54998779296875,315.54998779296875,311.0199890136719,314.6000061035156,16764300
META,2023-11-06,315.9800109863281,318.3299865722656,314.45001220703125,315.79998779296875,12887700
META,2023-11-07,317.05999755859375,321.0,315.1199951171875,318.82000732421875,14055600
META,2023-11-08,318.1400146484375,321.3299865722656,314.8800048828125,319.7799987792969,13609700
META,2023-11-09,319.4200134277344,324.17999267578125,318.79998779296875,320.54998779296875,16103100
META,2023-11-10,319.94000244140625,329.1000061035156,319.4599914550781,328.7699890136719,19096200
META,2023-11-13,326.20001220703125,332.3299865722656,325.70001220703125,329.19000244140625,16908900
META,2023-11-14,334.5400085449219,338.1000061035156,333.3299865722656,336.30999755859375,17179400
META,2023-11-15,337.92999267578125,338.3999938964844,330.0199890136719,332.7099914550781,14531200
META,2023-11-16,329.3699951171875,334.5799865722656,326.3800048828125,334.19000244140625,18932600
META,2023-11-17,330.260009765625,335.5,329.3500061035156,335.0400085449219,14494400
META,2023-11-20,334.8900146484375,341.8699951171875,334.19000244140625,339.9700012207031,16960500
META,2023-11-21,338.3299865722656,339.8999938964844,335.8999938964844,336.9800109863281,12027900
META,2023-11-22,339.2099914550781,342.9200134277344,338.5799865722656,341.489990234375,10702700
META,2023-11-24,340.1300048828125,341.8599853515625,336.7699890136719,338.2300109863281,5467500
META,2023-11-27,336.17999267578125,339.8999938964844,334.20001220703125,334.70001220703125,15684500
META,2023-11-28,333.3999938964844,339.3800048828125,333.3999938964844,338.989990234375,12637200
META,2023-11-29,339.69000244140625,339.8999938964844,330.7799987792969,332.20001220703125,16024500
META,2023-11-30,331.8900146484375,333.5,322.3999938964844,327.1499938964844,23146400
META,2023-12-01,325.4800109863281,326.8599853515625,320.760009765625,324.82000732421875,15276400
META,2023-12-04,317.2900085449219,320.8599853515625,313.6600036621094,320.0199890136719,19037100
META,2023-12-05,318.9800109863281,321.8800048828125,315.3900146484375,318.2900085449219,16952100
META,2023-12-06,321.92999267578125,322.25,317.0400085449219,317.45001220703125,11294300
META,2023-12-07,317.7699890136719,328.239990234375,317.7699890136719,326.5899963378906,15905100
META,2023-12-08,323.0899963378906,333.1700134277344,323.0,332.75,14087400
META,2023-12-11,329.3999938964844,329.8900146484375,320.0,325.2799987792969,25802500
META,2023-12-12,324.6000061035156,334.4700012207031,324.55999755859375,334.2200012207031,18485500
META,2023-12-13,333.92999267578125,338.3699951171875,332.6400146484375,334.739990234375,16353300
META,2023-12-14,333.8500061035156,334.70001220703125,328.6400146484375,333.1700134277344,19607300
META,2023-12-15,331.989990234375,338.6600036621094,331.2200012207031,334.9200134277344,31776900
META,2023-12-18,337.4800109863281,347.55999755859375,337.0199890136719,344.6199951171875,18993900
META,2023-12-19,345.5799865722656,353.6000061035156,345.1199951171875,350.3599853515625,17729400
META,2023-12-20,348.6499938964844,354.9599914550781,347.7900085449219,349.2799987792969,16369900
META,2023-12-21,352.9800109863281,356.4100036621094,349.2099914550781,354.0899963378906,15289600
META,2023-12-22,355.5799865722656,357.20001220703125,351.2200012207031,353.3900146484375,11772800
META,2023-12-26,354.989990234375,356.9800109863281,353.45001220703125,354.8299865722656,9898600
META,2023-12-27,356.07000732421875,359.0,355.30999755859375,357.8299865722656,13207900
META,2023-12-28,359.70001220703125,361.8999938964844,357.80999755859375,358.32000732421875,11798800
META,2023-12-29,358.989990234375,360.0,351.82000732421875,353.9599914550781,14987100
META,2024-01-02,351.32000732421875,353.1600036621094,340.010009765625,346.2900085449219,19042200
META,2024-01-03,344.9800109863281,347.95001220703125,343.17999267578125,344.4700012207031,15451100
META,2024-01-04,344.5,348.1499938964844,343.3999938964844,347.1199951171875,12099900
META,2024-01-05,346.989990234375,353.5,346.260009765625,351.95001220703125,13920700
META,2024-01-08,354.70001220703125,358.9800109863281,352.04998779296875,358.6600036621094,13890200
META,2024-01-09,356.3999938964844,360.6400146484375,355.3599853515625,357.42999267578125,13463900
META,2024-01-10,360.1700134277344,372.94000244140625,359.0799865722656,370.4700012207031,22117200
META,2024-01-11,372.1300048828125,372.7799987792969,362.92999267578125,369.6700134277344,17205400
META,2024-01-12,370.1600036621094,377.05999755859375,369.5400085449219,374.489990234375,19310000
META,2024-01-16,373.6499938964844,375.6099853515625,367.2300109863281,367.4599914550781,15306900
META,2024-01-17,366.29998779296875,368.5400085449219,358.6099853515625,368.3699951171875,12724800
META,2024-01-18,371.489990234375,376.8500061035156,370.95001220703125,376.1300048828125,16354300
META,2024-01-19,379.0,384.3599853515625,377.9700012207031,383.45001220703125,21670800
META,2024-01-22,387.95001220703125,390.3500061035156,381.1600036621094,381.7799987792969,17680500
META,2024-01-23,384.6199951171875,388.3800048828125,382.0799865722656,385.20001220703125,15506100
META,2024-01-24,390.0,396.1499938964844,387.80999755859375,390.70001220703125,15698500
META,2024-01-25,390.1700134277344,395.489990234375,385.6600036621094,393.17999267578125,15091100
META,2024-01-26,394.3500061035156,396.7900085449219,391.5899963378906,394.1400146484375,13163700
META,2024-01-29,394.989990234375,402.92999267578125,393.1000061035156,401.0199890136719,18742400
META,2024-01-30,403.5899963378906,406.3599853515625,399.57000732421875,400.05999755859375,18614700
META,2024-01-31,389.0,398.0,387.1000061035156,390.1400146484375,20180800
META,2024-02-01,393.94000244140625,400.5,393.04998779296875,394.7799987792969,29727100
META,2024-02-02,459.6000061035156,485.9599914550781,453.010009765625,474.989990234375,84707600
META,2024-02-05,469.8800048828125,471.8999938964844,459.2200012207031,459.4100036621094,40832400
META,2024-02-06,464.0,467.1199951171875,453.0,454.7200012207031,21655200
META,2024-02-07,458.0,471.5199890136719,456.17999267578125,469.5899963378906,23066000
META,2024-02-08,468.32000732421875,470.5899963378906,465.0299987792969,470.0,18815100
META,2024-02-09,472.95001220703125,473.5899963378906,467.4700012207031,468.1099853515625,18413100
META,2024-02-12,468.19000244140625,479.1499938964844,466.5799865722656,468.8999938964844,19382000
META,2024-02-13,456.8699951171875,467.8900146484375,455.0899963378906,460.1199951171875,20916600
META,2024-02-14,467.92999267578125,474.1099853515625,466.0899963378906,473.2799987792969,16858400
META,2024-02-15,475.2799987792969,488.6199951171875,472.2200012207031,484.0299987792969,24212300
META,2024-02-16,478.1099853515625,478.9599914550781,469.2099914550781,473.32000732421875,23324600
META,2024-02-20,469.7200012207031,476.17999267578125,466.55999755859375,471.75,18015500
META,2024-02-21,466.5,469.0,461.7900085449219,468.0299987792969,12921800
META,2024-02-22,480.239990234375,489.989990234375,476.05999755859375,486.1300048828125,21625800
META,2024-02-23,488.04998779296875,494.3599853515625,482.3500061035156,484.0299987792969,18374300
META,2024-02-26,483.4700012207031,486.1400146484375,480.6000061035156,481.739990234375,12101400
META,2024-02-27,479.9800109863281,487.2699890136719,479.9200134277344,487.04998779296875,10809600
META,2024-02-28,485.0,491.04998779296875,482.75,484.0199890136719,12715500
META,2024-02-29,488.44000244140625,491.70001220703125,482.6099853515625,490.1300048828125,17732000
META,2024-03-01,492.1099853515625,504.25,491.8500061035156,502.29998779296875,16273600
META,2024-03-04,503.0,504.4200134277344,496.4200134277344,498.19000244140625,12324100
META,2024-03-05,495.0,495.5799865722656,487.8900146484375,490.2200012207031,15325300
META,2024-03-06,497.6300048828125,502.9700012207031,494.2900085449219,496.0899963378906,11757900
META,2024-03-07,503.2799987792969,519.8499755859375,501.3800048828125,512.1900024414062,18586400
META,2024-03-08,514.1900024414062,523.5700073242188,499.3500061035156,505.95001220703125,18597100
META,2024-03-11,497.010009765625,497.32000732421875,476.0,483.5899963378906,20428300
META,2024-03-12,493.260009765625,502.30999755859375,484.7300109863281,499.75,15448200
META,2024-03-13,495.3900146484375,500.9800109863281,491.0299987792969,495.57000732421875,12090700
META,2024-03-14,500.260009765625,501.3500061035156,488.1600036621094,491.8299865722656,12620000
META,2024-03-15,489.010009765625,491.8299865722656,481.29998779296875,484.1000061035156,29153600
META,2024-03-18,491.9100036621094,497.4200134277344,486.80999755859375,496.9800109863281,11755300
META,2024-03-19,488.1700134277344,496.6300048828125,481.2799987792969,496.239990234375,10903100
META,2024-03-20,499.5,508.20001220703125,495.1700134277344,505.5199890136719,11711100
META,2024-03-21,514.7100219726562,515.0399780273438,506.010009765625,507.760009765625,9712500
META,2024-03-22,507.0,509.9700012207031,504.3399963378906,509.5799865722656,8120600
META,2024-03-25,505.7900085449219,507.2200012207031,500.239990234375,503.0199890136719,8380600
META,2024-03-26,505.1300048828125,510.0,495.2099914550781,495.8900146484375,11205400
META,2024-03-27,499.29998779296875,499.8900146484375,488.07000732421875,493.8599853515625,9989700
META,2024-03-28,492.8399963378906,492.8900146484375,485.1499938964844,485.5799865722656,15212800
NVDA,2022-01-03,29.815000534057617,30.711000442504883,29.78499984741211,30.121000289916992,391547000
NVDA,2022-01-04,30.277000427246094,30.468000411987305,28.349000930786133,29.290000915527344,527154000
NVDA,2022-01-05,28.948999404907227,29.416000366210938,27.533000946044922,27.604000091552734,498064000
NVDA,2022-01-06,27.639999389648438,28.437999725341797,27.065000534057617,28.17799949645996,454186000
NVDA,2022-01-07,28.141000747680664,28.422000885009766,27.05699920654297,27.246999740600586,409939000
NVDA,2022-01-10,26.58099937438965,27.4689998626709,25.643999099731445,27.399999618530273,594681000
NVDA,2022-01-11,27.322999954223633,28.065000534057617,26.839000701904297,27.816999435424805,404089000
NVDA,2022-01-12,28.066999435424805,28.594999313354492,27.607999801635742,27.999000549316406,383413000
NVDA,2022-01-13,28.378999710083008,28.479999542236328,26.49799919128418,26.575000762939453,540171000
NVDA,2022-01-14,26.299999237060547,27.19700050354004,26.209999084472656,26.941999435424805,395832000
NVDA,2022-01-18,26.260000228881836,26.63800048828125,25.770000457763672,25.902999877929688,424270000
NVDA,2022-01-19,26.07900047302246,26.542999267578125,25.052000045776367,25.066999435424805,488315000
NVDA,2022-01-20,25.304000854492188,25.57900047302246,24.077999114990234,24.149999618530273,435181000
NVDA,2022-01-21,23.506999969482422,24.822999954223633,23.26300048828125,23.374000549316406,718958000
NVDA,2022-01-24,22.329999923706055,23.3799991607666,20.88800048828125,23.371999740600586,913982000
NVDA,2022-01-25,22.54599952697754,22.94300079345703,22.0,22.323999404907227,664616000
NVDA,2022-01-26,23.239999771118164,24.05699920654297,22.299999237060547,22.77199935913086,755959000
NVDA,2022-01-27,23.56800079345703,23.9950008392334,21.674999237060547,21.944000244140625,573353000
NVDA,2022-01-28,22.011999130249023,22.857999801635742,21.29599952697754,22.84000015258789,543774000
NVDA,2022-01-31,23.18199920654297,24.509000778198242,23.052000045776367,24.486000061035156,564680000
NVDA,2022-02-01,25.104000091552734,25.145000457763672,23.889999389648438,24.63800048828125,518925000
NVDA,2022-02-02,25.79400062561035,25.816999435424805,24.55299949645996,25.242000579833984,543419000
NVDA,2022-02-03,24.45800018310547,25.07699966430664,23.780000686645508,23.947999954223633,410178000
NVDA,2022-02-04,23.972000122070312,24.635000228881836,23.631999969482422,24.319000244140625,354829000
NVDA,2022-02-07,24.371999740600586,25.18199920654297,24.20199966430664,24.72800064086914,376868000
NVDA,2022-02-08,24.358999252319336,25.229999542236328,23.979999542236328,25.107999801635742,410359000
NVDA,2022-02-09,25.621999740600586,26.725000381469727,25.35300064086914,26.704999923706055,524282000
NVDA,2022-02-10,25.9950008392334,26.924999237060547,25.600000381469727,25.823999404907227,513200000
NVDA,2022-02-11,25.916000366210938,26.152000427246094,23.773000717163086,23.948999404907227,605472000
NVDA,2022-02-14,23.93400001525879,24.875,23.7549991607666,24.267000198364258,440424000
NVDA,2022-02-15,24.948999404907227,26.545000076293945,24.784000396728516,26.4950008392334,699869000
NVDA,2022-02-16,26.259000778198242,26.582000732421875,25.552000045776367,26.51099967956543,732676000
NVDA,2022-02-17,25.6299991607666,25.78499984741211,24.165000915527344,24.506999969482422,810595000
NVDA,2022-02-18,24.667999267578125,24.986000061035156,23.100000381469727,23.642000198364258,761255000
NVDA,2022-02-22,23.03499984741211,24.06399917602539,23.0,23.389999389648438,633422000
NVDA,2022-02-23,23.802000045776367,24.155000686645508,22.301000595092773,22.386999130249023,566511000
NVDA,2022-02-24,21.014999389648438,23.799999237060547,20.889999389648438,23.74799919128418,735801000
NVDA,2022-02-25,23.72100067138672,24.216999053955078,23.381000518798828,24.156999588012695,528866000
NVDA,2022-02-28,23.992000579833984,24.665000915527344,23.707000732421875,24.385000228881836,477319000
NVDA,2022-03-01,24.291000366210938,24.37700080871582,23.131999969482422,23.476999282836914,412056000
NVDA,2022-03-02,23.756000518798828,24.409000396728516,23.415000915527344,24.219999313354492,389642000
NVDA,2022-03-03,24.261999130249023,24.326000213623047,23.4689998626709,23.714000701904297,365095000
NVDA,2022-03-04,23.384000778198242,23.68000030517578,22.48200035095215,22.93600082397461,431415000
NVDA,2022-03-07,22.816999435424805,23.033000946044922,21.329999923706055,21.351999282836914,450821000
NVDA,2022-03-08,21.30900001525879,22.37299919128418,20.649999618530273,21.513999938964844,557467000
NVDA,2022-03-09,22.386999130249023,23.219999313354492,22.246999740600586,23.013999938964844,492742000
NVDA,2022-03-10,22.5310001373291,22.788000106811523,21.881999969482422,22.658000946044922,428066000
NVDA,2022-03-11,23.02199935913086,23.145000457763672,22.04599952697754,22.100000381469727,367209000
NVDA,2022-03-14,21.868999481201172,22.261999130249023,21.159000396728516,21.329999923706055,385354000
NVDA,2022-03-15,21.51799964904785,23.038000106811523,21.32200050354004,22.972999572753906,491996000
NVDA,2022-03-16,23.5,24.597000122070312,23.172000885009766,24.496000289916992,671422000
NVDA,2022-03-17,24.1200008392334,24.841999053955078,23.9060001373291,24.766000747680664,471941000
NVDA,2022-03-18,24.798999786376953,26.569000244140625,24.624000549316406,26.452999114990234,730719000
NVDA,2022-03-21,26.506999969482422,27.152000427246094,25.966999053955078,26.733999252319336,591727000
NVDA,2022-03-22,26.726999282836914,27.238000869750977,26.07200050354004,26.52400016784668,547007000
NVDA,2022-03-23,26.125999450683594,26.61199951171875,25.575000762939453,25.634000778198242,502120000
NVDA,2022-03-24,26.166000366210938,28.31999969482422,25.906999588012695,28.149999618530273,877379000
NVDA,2022-03-25,27.88599967956543,28.357999801635742,27.270999908447266,27.691999435424805,579016000
NVDA,2022-03-28,27.756000518798828,28.25,27.20599937438965,28.2189998626709,425494000
NVDA,2022-03-29,28.69499969482422,28.945999145507812,27.979999542236328,28.6560001373291,488984000
NVDA,2022-03-30,28.304000854492188,28.496000289916992,27.503000259399414,27.690000534057617,463487000
NVDA,2022-03-31,27.781999588012695,28.24799919128418,27.270000457763672,27.285999298095703,523440000
NVDA,2022-04-01,27.375,27.496000289916992,26.267000198364258,26.711999893188477,517235000
NVDA,2022-04-04,26.72800064086914,27.558000564575195,26.613000869750977,27.360000610351562,397120000
NVDA,2022-04-05,27.253999710083008,27.319000244140625,25.81999969482422,25.930999755859375,436615000
NVDA,2022-04-06,24.93400001525879,25.299999237060547,24.003000259399414,24.406999588012695,703833000
NVDA,2022-04-07,24.44099998474121,24.722000122070312,23.47800064086914,24.20800018310547,557992000
NVDA,2022-04-08,23.91699981689453,23.92300033569336,23.062000274658203,23.118999481201172,524781000
NVDA,2022-04-11,22.214000701904297,22.31999969482422,21.65999984741211,21.91699981689453,575207000
NVDA,2022-04-12,22.53700065612793,22.725000381469727,21.281999588012695,21.503999710083008,662258000
NVDA,2022-04-13,21.72800064086914,22.5,21.454999923706055,22.202999114990234,516943000
NVDA,2022-04-14,22.5049991607666,22.777000427246094,21.163000106811523,21.257999420166016,569097000
NVDA,2022-04-18,21.200000762939453,22.08799934387207,21.07900047302246,21.783000946044922,525701000
NVDA,2022-04-19,21.719999313354492,22.37299919128418,21.31399917602539,22.197999954223633,512781000
NVDA,2022-04-20,22.517000198364258,22.670000076293945,21.200000762939453,21.48200035095215,468974000
NVDA,2022-04-21,21.708999633789062,22.392000198364258,20.0,20.183000564575195,656209000
NVDA,2022-04-22,20.30299949645996,20.486000061035156,19.5,19.514999389648438,624713000
NVDA,2022-04-25,19.20199966430664,19.94499969482422,19.09600067138672,19.902000427246094,641566000
NVDA,2022-04-26,19.718000411987305,19.788000106811523,18.670000076293945,18.788000106811523,653143000
NVDA,2022-04-27,18.597999572753906,19.16699981689453,18.290000915527344,18.415000915527344,499460000
NVDA,2022-04-28,18.966999053955078,20.03700065612793,18.489999771118164,19.781999588012695,570327000
NVDA,2022-04-29,19.402000427246094,20.128000259399414,18.517000198364258,18.547000885009766,500435000
NVDA,2022-05-02,18.541000366210938,19.573999404907227,18.391000747680664,19.533000946044922,572049000
NVDA,2022-05-03,19.399999618530273,19.825000762939453,19.132999420166016,19.601999282836914,475751000
NVDA,2022-05-04,19.92300033569336,20.399999618530273,18.750999450683594,20.333999633789062,648855000
NVDA,2022-05-05,19.867000579833984,19.924999237060547,18.5,18.8439998626709,626331000
NVDA,2022-05-06,18.736000061035156,19.511999130249023,17.989999771118164,18.674999237060547,633297000
NVDA,2022-05-09,18.034000396728516,18.2549991607666,16.82699966430664,16.950000762939453,644455000
NVDA,2022-05-10,17.68899917602539,18.197999954223633,17.024999618530273,17.594999313354492,761474000
NVDA,2022-05-11,17.347000122070312,17.753000259399414,16.56800079345703,16.6299991607666,670167000
NVDA,2022-05-12,16.2189998626709,16.788000106811523,15.567000389099121,16.174999237060547,708728000
NVDA,2022-05-13,16.788000106811523,17.92799949645996,16.593000411987305,17.70599937438965,670437000
NVDA,2022-05-16,17.509000778198242,17.788000106811523,17.106000900268555,17.263999938964844,521446000
NVDA,2022-05-17,18.073999404907227,18.371000289916992,17.634000778198242,18.177000045776367,585830000
NVDA,2022-05-18,17.704999923706055,18.118000030517578,16.86400032043457,16.937999725341797,545161000
NVDA,2022-05-19,16.937000274658203,17.687000274658203,16.733999252319336,17.124000549316406,621310000
NVDA,2022-05-20,17.332000732421875,17.40999984741211,15.755000114440918,16.694000244140625,739105000
NVDA,2022-05-23,16.27400016784668,16.915000915527344,16.179000854492188,16.898000717163086,639889000
NVDA,2022-05-24,16.510000228881836,16.597000122070312,15.779999732971191,16.15399932861328,588550000
NVDA,2022-05-25,16.020000457763672,17.111000061035156,16.0,16.975000381469727,781132000
NVDA,2022-05-26,16.035999298095703,18.091999053955078,16.02199935913086,17.85099983215332,996575000
NVDA,2022-05-27,18.18600082397461,18.881000518798828,18.100000381469727,18.81100082397461,738379000
NVDA,2022-05-31,18.979999542236328,19.200000762939453,18.350000381469727,18.672000885009766,664100000
NVDA,2022-06-01,18.724000930786133,19.05299949645996,18.121999740600586,18.31999969482422,544514000
NVDA,2022-06-02,18.29199981689453,19.618999481201172,18.197999954223633,19.591999053955078,648656000
NVDA,2022-06-03,19.082000732421875,19.332000732421875,18.52199935913086,18.719999313354492,598779000
NVDA,2022-06-06,19.138999938964844,19.336999893188477,18.56399917602539,18.785999298095703,422406000
NVDA,2022-06-07,18.472000122070312,19.0,18.187999725341797,18.926000595092773,388914000
NVDA,2022-06-08,18.798999786376953,19.18000030517578,18.53499984741211,18.648000717163086,363252000
NVDA,2022-06-09,18.481000900268555,18.933000564575195,18.041000366210938,18.04800033569336,395574000
NVDA,2022-06-10,17.600000381469727,17.69700050354004,16.868999481201172,16.974000930786133,465248000
NVDA,2022-06-13,16.0,16.312000274658203,15.605999946594238,15.647000312805176,604153000
NVDA,2022-06-14,15.730999946594238,16.06599998474121,15.411999702453613,15.836000442504883,469680000
NVDA,2022-06-15,16.094999313354492,16.868000030517578,15.925999641418457,16.527000427246094,563936000
NVDA,2022-06-16,15.859999656677246,15.942000389099121,15.401000022888184,15.60099983215332,545749000
NVDA,2022-06-17,15.64799976348877,15.994999885559082,15.32800006866455,15.880000114440918,630334000
NVDA,2022-06-21,16.475000381469727,17.007999420166016,16.406999588012695,16.56599998474121,483089000
NVDA,2022-06-22,16.22599983215332,16.66200065612793,16.18000030517578,16.360000610351562,437135000
NVDA,2022-06-23,16.518999099731445,16.584999084472656,15.852999687194824,16.225000381469727,463680000
NVDA,2022-06-24,16.5,17.139999389648438,16.309999465942383,17.125999450683594,472153000
NVDA,2022-06-27,17.312000274658203,17.329999923706055,16.625999450683594,16.868999481201172,427968000
NVDA,2022-06-28,16.899999618530273,17.20199966430664,15.944999694824219,15.982000350952148,461149000
NVDA,2022-06-29,15.814000129699707,15.819999694824219,15.170000076293945,15.541999816894531,482352000
NVDA,2022-06-30,15.361000061035156,15.567000389099121,14.862000465393066,15.159000396728516,686070000
NVDA,2022-07-01,14.89900016784668,15.062999725341797,14.392000198364258,14.52299976348877,577610000
NVDA,2022-07-05,14.175000190734863,14.970999717712402,14.055000305175781,14.96399974822998,651397000
NVDA,2022-07-06,15.010000228881836,15.319000244140625,14.788999557495117,15.130000114440918,529066000
NVDA,2022-07-07,15.456000328063965,15.944999694824219,15.388999938964844,15.857999801635742,492903000
NVDA,2022-07-08,15.430000305175781,16.03700065612793,15.388999938964844,15.838000297546387,467972000
NVDA,2022-07-11,15.526000022888184,15.527000427246094,15.038000106811523,15.152000427246094,437321000
NVDA,2022-07-12,15.267999649047852,15.430999755859375,14.876999855041504,15.081999778747559,458483000
NVDA,2022-07-13,14.59000015258789,15.375,14.46500015258789,15.163999557495117,521918000
NVDA,2022-07-14,15.107999801635742,15.472999572753906,14.727999687194824,15.371999740600586,456235000
NVDA,2022-07-15,15.659000396728516,15.781999588012695,15.444999694824219,15.76200008392334,385935000
NVDA,2022-07-18,16.302000045776367,16.89699935913086,16.00200080871582,16.10099983215332,670517000
NVDA,2022-07-19,16.486000061035156,17.110000610351562,16.172000885009766,16.992000579833984,702366000
NVDA,2022-07-20,16.94700050354004,17.933000564575195,16.801000595092773,17.80699920654297,760538000
NVDA,2022-07-21,17.885000228881836,18.143999099731445,17.545000076293945,18.049999237060547,557049000
NVDA,2022-07-22,17.89299964904785,17.966999053955078,17.136999130249023,17.319000244140625,536671000
NVDA,2022-07-25,17.018999099731445,17.124000549316406,16.64900016784668,17.02400016784668,480748000
NVDA,2022-07-26,16.888999938964844,16.91900062561035,16.47800064086914,16.533000946044922,397865000
NVDA,2022-07-27,17.031999588012695,17.93600082397461,16.913000106811523,17.790000915527344,569776000
NVDA,2022-07-28,17.975000381469727,18.139999389648438,17.440000534057617,17.983999252319336,474646000
NVDA,2022-07-29,17.812999725341797,18.243999481201172,17.691999435424805,18.163000106811523,435460000
NVDA,2022-08-01,18.18199920654297,18.84600067138672,17.989999771118164,18.44099998474121,476469000
NVDA,2022-08-02,18.121999740600586,18.937999725341797,18.091999053955078,18.525999069213867,489527000
NVDA,2022-08-03,18.18400001525879,18.968000411987305,18.136999130249023,18.89299964904785,418146000
NVDA,2022-08-04,18.849000930786133,19.27400016784668,18.760000228881836,19.21500015258789,409652000
NVDA,2022-08-05,18.809999465942383,19.229000091552734,18.666000366210938,18.98900032043457,386068000
NVDA,2022-08-08,17.50200080871582,18.23900032043457,17.242000579833984,17.792999267578125,981859000
NVDA,2022-08-09,17.25200080871582,17.44700050354004,16.724000930786133,17.086000442504883,668263000
NVDA,2022-08-10,17.697999954223633,18.118000030517578,17.316999435424805,18.097000122070312,597422000
NVDA,2022-08-11,18.131000518798828,18.707000732421875,17.875999450683594,17.941999435424805,509327000
NVDA,2022-08-12,18.15999984741211,18.718000411987305,17.952999114990234,18.708999633789062,478094000
NVDA,2022-08-15,18.701000213623047,19.163999557495117,18.613000869750977,19.031999588012695,457666000
NVDA,2022-08-16,18.920000076293945,19.142000198364258,18.500999450683594,18.878999710083008,451240000
NVDA,2022-08-17,18.523000717163086,18.687999725341797,18.145000457763672,18.334999084472656,446799000
NVDA,2022-08-18,18.301000595092773,18.864999771118164,18.183000564575195,18.773000717163086,415447000
NVDA,2022-08-19,18.4060001373291,18.520000457763672,17.770000457763672,17.849000930786133,441588000
NVDA,2022-08-22,17.489999771118164,17.558000564575195,16.965999603271484,17.034000396728516,409593000
NVDA,2022-08-23,16.98900032043457,17.46500015258789,16.969999313354492,17.180999755859375,369986000
NVDA,2022-08-24,17.011999130249023,17.4060001373291,16.895000457763672,17.222000122070312,522661000
NVDA,2022-08-25,16.8439998626709,17.94700050354004,16.83300018310547,17.913000106811523,770691000
NVDA,2022-08-26,17.85700035095215,17.923999786376953,16.23699951171875,16.260000228881836,769127000
NVDA,2022-08-29,16.020000457763672,16.33799934387207,15.767000198364258,15.800999641418457,496132000
NVDA,2022-08-30,15.960000038146973,16.038999557495117,15.182000160217285,15.468000411987305,530181000
NVDA,2022-08-31,15.383999824523926,15.539999961853027,14.958999633789062,15.093999862670898,573710000
NVDA,2022-09-01,14.208999633789062,14.380000114440918,13.270000457763672,13.937000274658203,1178865000
NVDA,2022-09-02,14.100000381469727,14.170999526977539,13.590999603271484,13.647000312805176,743157000
NVDA,2022-09-06,13.730999946594238,13.779000282287598,13.35099983215332,13.46500015258789,535751000
NVDA,2022-09-07,13.562999725341797,13.838000297546387,13.345999717712402,13.71399974822998,512657000
NVDA,2022-09-08,13.458999633789062,14.008000373840332,13.369000434875488,13.989999771118164,624873000
NVDA,2022-09-09,14.156999588012695,14.473999977111816,14.12600040435791,14.38700008392334,486612000
NVDA,2022-09-12,14.369000434875488,14.54699993133545,14.197999954223633,14.505000114440918,484159000
NVDA,2022-09-13,13.802000045776367,13.92199993133545,13.098999977111816,13.130999565124512,714956000
NVDA,2022-09-14,13.253999710083008,13.289999961853027,12.913000106811523,13.128000259399414,588507000
NVDA,2022-09-15,13.015000343322754,13.232999801635742,12.789999961853027,12.928999900817871,523625000
NVDA,2022-09-16,12.741999626159668,13.211999893188477,12.616999626159668,13.197999954223633,670751000
NVDA,2022-09-19,13.01200008392334,13.463000297546387,13.010000228881836,13.381999969482422,569685000
NVDA,2022-09-20,13.21500015258789,13.482999801635742,13.057000160217285,13.175999641418457,524818000
NVDA,2022-09-21,13.213000297546387,14.031000137329102,13.109999656677246,13.26099967956543,807679000
NVDA,2022-09-22,13.069999694824219,13.14900016784668,12.428000450134277,12.560999870300293,759162000
NVDA,2022-09-23,12.420000076293945,12.611000061035156,12.256999969482422,12.515999794006348,663309000
NVDA,2022-09-26,12.491000175476074,12.659000396728516,12.21399974822998,12.227999687194824,547343000
NVDA,2022-09-27,12.506999969482422,12.736000061035156,12.258000373840332,12.413000106811523,553854000
NVDA,2022-09-28,12.40999984741211,12.822999954223633,12.354000091552734,12.736000061035156,542414000
NVDA,2022-09-29,12.447999954223633,12.5,11.946000099182129,12.220000267028809,532763000
NVDA,2022-09-30,12.086999893188477,12.633000373840332,12.074999809265137,12.138999938964844,565638000
NVDA,2022-10-03,12.347000122070312,12.678000450134277,12.104999542236328,12.51200008392334,547478000
NVDA,2022-10-04,12.878999710083008,13.220000267028809,12.878999710083008,13.166999816894531,584182000
NVDA,2022-10-05,12.91100025177002,13.321000099182129,12.621000289916992,13.208999633789062,507131000
NVDA,2022-10-06,13.220000267028809,13.656000137329102,13.102999687194824,13.130000114440918,644157000
NVDA,2022-10-07,12.505000114440918,12.670000076293945,12.022000312805176,12.076000213623047,672478000
NVDA,2022-10-10,12.036999702453613,12.12399959564209,11.407999992370605,11.670000076293945,698699000
NVDA,2022-10-11,11.560999870300293,11.845999717712402,11.282999992370605,11.586000442504883,667482000
NVDA,2022-10-12,11.579000473022461,11.734999656677246,11.345000267028809,11.5,492590000
NVDA,2022-10-13,10.970999717712402,12.07800006866455,10.812999725341797,11.960000038146973,850103000
NVDA,2022-10-14,12.057000160217285,12.111000061035156,11.204000473022461,11.22700023651123,713432000
NVDA,2022-10-17,11.517999649047852,11.947999954223633,11.517000198364258,11.887999534606934,580774000
NVDA,2022-10-18,12.343999862670898,12.491999626159668,11.618000030517578,11.967000007629395,659362000
NVDA,2022-10-19,11.878999710083008,12.350000381469727,11.833999633789062,12.050999641418457,523131000
NVDA,2022-10-20,12.11299991607666,12.769000053405762,12.104999542236328,12.194000244140625,652398000
NVDA,2022-10-21,12.097999572753906,12.498000144958496,11.88700008392334,12.465999603271484,609494000
NVDA,2022-10-24,12.508000373840332,12.710000038146973,12.064000129699707,12.598999977111816,517457000
NVDA,2022-10-25,12.694000244140625,13.300000190734863,12.663999557495117,13.26099967956543,505482000
NVDA,2022-10-26,12.869000434875488,13.387999534606934,12.708000183105469,12.895999908447266,532953000
NVDA,2022-10-27,13.630000114440918,13.838000297546387,13.121999740600586,13.175999641418457,583113000
NVDA,2022-10-28,13.104000091552734,13.850000381469727,13.060999870300293,13.833999633789062,521040000
NVDA,2022-10-31,13.777999877929688,13.838000297546387,13.29699993133545,13.496999740600586,486341000
NVDA,2022-11-01,13.810999870300293,13.925000190734863,13.519000053405762,13.543000221252441,432817000
NVDA,2022-11-02,13.850000381469727,14.210000038146973,13.211000442504883,13.218999862670898,672628000
NVDA,2022-11-03,13.043000221252441,13.781000137329102,12.956000328063965,13.420999526977539,500065000
NVDA,2022-11-04,13.986000061035156,14.229000091552734,13.696999549865723,14.156000137329102,612576000
NVDA,2022-11-07,14.227999687194824,14.411999702453613,13.954000473022461,14.300999641418457,410061000
NVDA,2022-11-08,14.800999641418457,14.890999794006348,14.215999603271484,14.60200023651123,595292000
NVDA,2022-11-09,14.161999702453613,14.211000442504883,13.758999824523926,13.776000022888184,454414000
NVDA,2022-11-10,14.800000190734863,15.77299976348877,14.54699993133545,15.75,700819000
NVDA,2022-11-11,15.807000160217285,16.388999938964844,15.482000350952148,16.32699966430664,655487000
NVDA,2022-11-14,16.218000411987305,16.540000915527344,15.92199993133545,16.295000076293945,527852000
NVDA,2022-11-15,16.722000122070312,16.99799919128418,16.381999969482422,16.666000366210938,545876000
NVDA,2022-11-16,16.16200065612793,16.36199951171875,15.873000144958496,15.90999984741211,649547000
NVDA,2022-11-17,15.71500015258789,16.266000747680664,15.53499984741211,15.677000045776367,710894000
NVDA,2022-11-18,15.965999603271484,16.00200080871582,15.119999885559082,15.409000396728516,492072000
NVDA,2022-11-21,15.147000312805176,15.47700023651123,15.079999923706055,15.317000389099121,404739000
NVDA,2022-11-22,15.32800006866455,16.058000564575195,15.121999740600586,16.038000106811523,472866000
NVDA,2022-11-23,16.097999572753906,16.527000427246094,16.04800033569336,16.518999099731445,427241000
NVDA,2022-11-25,16.31800079345703,16.48699951171875,16.172000885009766,16.270000457763672,167934000
NVDA,2022-11-28,16.025999069213867,16.35700035095215,15.725000381469727,15.82699966430664,303741000
NVDA,2022-11-29,15.82699966430664,15.932000160217285,15.520000457763672,15.638999938964844,298384000
NVDA,2022-11-30,15.696999549865723,16.93000030517578,15.597000122070312,16.92300033569336,565298000
NVDA,2022-12-01,16.999000549316406,17.264999389648438,16.635000228881836,17.135000228881836,470977000
NVDA,2022-12-02,16.659000396728516,16.933000564575195,16.44499969482422,16.875999450683594,371389000
NVDA,2022-12-05,16.679000854492188,16.9950008392334,16.472000122070312,16.610000610351562,352255000
NVDA,2022-12-06,16.530000686645508,16.572999954223633,15.819000244140625,15.987000465393066,352694000
NVDA,2022-12-07,15.772000312805176,16.18600082397461,15.666999816894531,16.1200008392334,372388000
NVDA,2022-12-08,16.273000717163086,17.179000854492188,15.958999633789062,17.16900062561035,515456000
NVDA,2022-12-09,17.15999984741211,17.58300018310547,16.975000381469727,17.000999450683594,465338000
NVDA,2022-12-12,17.03700065612793,17.538000106811523,16.797000885009766,17.53499984741211,457328000
NVDA,2022-12-13,18.5310001373291,18.790000915527344,17.711000442504883,18.07200050354004,656589000
NVDA,2022-12-14,17.98699951171875,18.25200080871582,17.420000076293945,17.673999786376953,496888000
NVDA,2022-12-15,17.145999908447266,17.31999969482422,16.700000762939453,16.95199966430664,478542000
NVDA,2022-12-16,16.86400032043457,17.041000366210938,16.40999984741211,16.570999145507812,478232000
NVDA,2022-12-19,16.57200050354004,16.608999252319336,16.145000457763672,16.253999710083008,354039000
NVDA,2022-12-20,16.06399917602539,16.309999465942383,15.85200023651123,16.084999084472656,403260000
NVDA,2022-12-21,16.11400032043457,16.62700080871582,16.101999282836914,16.500999450683594,325025000
NVDA,2022-12-22,16.0939998626709,16.13800048828125,14.881999969482422,15.33899974822998,565045000
NVDA,2022-12-23,15.196000099182129,15.33899974822998,14.883000373840332,15.206000328063965,349326000
NVDA,2022-12-27,15.074000358581543,15.100000381469727,14.055999755859375,14.121000289916992,464902000
NVDA,2022-12-28,13.927000045776367,14.26200008392334,13.883999824523926,14.03600025177002,351066000
NVDA,2022-12-29,14.402000427246094,14.682999610900879,14.22700023651123,14.602999687194824,354923000
NVDA,2022-12-30,14.333999633789062,14.628999710083008,14.232999801635742,14.61400032043457,310490000
NVDA,2023-01-03,14.85099983215332,14.996000289916992,14.095999717712402,14.3149995803833,401277000
NVDA,2023-01-04,14.567000389099121,14.852999687194824,14.241000175476074,14.74899959564209,431324000
NVDA,2023-01-05,14.491000175476074,14.564000129699707,14.14799976348877,14.265000343322754,389168000
NVDA,2023-01-06,14.473999977111816,15.010000228881836,14.034000396728516,14.859000205993652,405044000
NVDA,2023-01-09,15.284000396728516,16.055999755859375,15.140999794006348,15.628000259399414,504231000
NVDA,2023-01-10,15.506999969482422,15.961999893188477,15.472000122070312,15.909000396728516,384101000
NVDA,2023-01-11,15.84000015258789,16.027999877929688,15.562999725341797,16.000999450683594,353285000
NVDA,2023-01-12,16.100000381469727,16.636999130249023,15.491999626159668,16.51099967956543,551409000
NVDA,2023-01-13,16.277999877929688,16.922000885009766,16.165000915527344,16.89900016784668,447287000
NVDA,2023-01-17,16.89900016784668,17.72800064086914,16.89900016784668,17.70199966430664,511102000
NVDA,2023-01-18,17.66699981689453,17.87299919128418,17.281999588012695,17.37700080871582,439624000
NVDA,2023-01-19,17.035999298095703,17.19700050354004,16.731000900268555,16.764999389648438,452932000
NVDA,2023-01-20,17.01099967956543,17.856000900268555,16.825000762939453,17.839000701904297,564967000
NVDA,2023-01-23,18.06399917602539,19.2450008392334,17.81800079345703,19.19300079345703,655163000
NVDA,2023-01-24,18.82699966430664,19.4950008392334,18.81999969482422,19.264999389648438,496204000
NVDA,2023-01-25,18.913000106811523,19.3700008392334,18.579999923706055,19.322999954223633,449537000
NVDA,2023-01-26,19.701000213623047,20.166000366210938,19.277999877929688,19.802000045776367,489535000
NVDA,2023-01-27,19.461999893188477,20.628000259399414,19.405000686645508,20.364999771118164,542142000
NVDA,2023-01-30,19.950000762939453,20.139999389648438,19.149999618530273,19.16200065612793,488611000
NVDA,2023-01-31,19.170000076293945,19.687000274658203,18.950000762939453,19.53700065612793,498017000
NVDA,2023-02-01,19.69099998474121,21.191999435424805,19.611000061035156,20.94300079345703,660477000
NVDA,2023-02-02,21.0,21.948999404907227,20.700000762939453,21.708999633789062,564276000
NVDA,2023-02-03,21.0,21.7450008392334,20.788999557495117,21.100000381469727,429366000
NVDA,2023-02-06,20.805999755859375,21.56999969482422,20.785999298095703,21.089000701904297,452197000
NVDA,2023-02-07,21.381999969482422,22.259000778198242,21.149999618530273,22.17300033569336,664150000
NVDA,2023-02-08,22.386999130249023,22.878000259399414,22.007999420166016,22.204999923706055,559651000
NVDA,2023-02-09,22.606000900268555,23.020000457763672,22.1200008392334,22.336999893188477,523876000
NVDA,2023-02-10,21.690000534057617,22.077999114990234,20.81100082397461,21.264999389648438,550737000
NVDA,2023-02-13,21.538000106811523,22.04800033569336,20.961999893188477,21.788000106811523,474919000
NVDA,2023-02-14,21.577999114990234,23.048999786376953,21.365999221801758,22.97100067138672,675474000
NVDA,2023-02-15,22.548999786376953,22.854999542236328,22.106000900268555,22.763999938964844,420575000
NVDA,2023-02-16,22.132999420166016,22.549999237060547,21.927000045776367,22.00200080871582,412026000
NVDA,2023-02-17,21.631000518798828,21.739999771118164,20.975000381469727,21.38800048828125,465888000
NVDA,2023-02-21,21.0,21.493999481201172,20.618000030517578,20.655000686645508,410015000
NVDA,2023-02-22,20.707000732421875,21.104000091552734,20.42099952697754,20.753999710083008,513184000
NVDA,2023-02-23,23.440000534057617,23.88800048828125,23.024999618530273,23.663999557495117,1117995000
NVDA,2023-02-24,23.225000381469727,23.474000930786133,22.94700050354004,23.285999298095703,589716000
NVDA,2023-02-27,23.670000076293945,23.8799991607666,23.45400047302246,23.500999450683594,452994000
NVDA,2023-02-28,23.371999740600586,23.825000762939453,23.20599937438965,23.215999603271484,455963000
NVDA,2023-03-01,23.191999435424805,23.256000518798828,22.507999420166016,22.697999954223633,460026000
NVDA,2023-03-02,22.488000869750977,23.3799991607666,22.43199920654297,23.31399917602539,389415000
NVDA,2023-03-03,23.31999969482422,23.899999618530273,23.1299991607666,23.889999389648438,412393000
NVDA,2023-03-06,23.891000747680664,24.24799919128418,23.48699951171875,23.554000854492188,437429000
NVDA,2023-03-07,23.600000381469727,24.125,23.240999221801758,23.288000106811523,515154000
NVDA,2023-03-08,23.48699951171875,24.200000762939453,23.423999786376953,24.180999755859375,513573000
NVDA,2023-03-09,24.174999237060547,24.45400047302246,23.382999420166016,23.43600082397461,501257000
NVDA,2023-03-10,23.409000396728516,23.62700080871582,22.72599983215332,22.96500015258789,474866000
NVDA,2023-03-13,22.75200080871582,23.29800033569336,22.297000885009766,22.965999603271484,421890000
NVDA,2023-03-14,23.496000289916992,24.2189998626709,23.459999084472656,24.062999725341797,474910000
NVDA,2023-03-15,23.76099967956543,24.285999298095703,23.360000610351562,24.22800064086914,524486000
NVDA,2023-03-16,24.027000427246094,25.58799934387207,23.893999099731445,25.541000366210938,583253000
NVDA,2023-03-17,25.98200035095215,26.39900016784668,25.667999267578125,25.725000381469727,848547000
NVDA,2023-03-20,25.614999771118164,26.02400016784668,25.1299991607666,25.899999618530273,432747000
NVDA,2023-03-21,26.18000030517578,26.392000198364258,25.381000518798828,26.198999404907227,547408000
NVDA,2023-03-22,26.424999237060547,27.589000701904297,26.23699951171875,26.468000411987305,797295000
NVDA,2023-03-23,27.114999771118164,27.499000549316406,26.690000534057617,27.19099998474121,564889000
NVDA,2023-03-24,27.0310001373291,27.16699981689453,26.354999542236328,26.77899932861328,454920000
NVDA,2023-03-27,26.836999893188477,27.0,26.364999771118164,26.5310001373291,361026000
NVDA,2023-03-28,26.44700050354004,26.51300048828125,25.850000381469727,26.40999984741211,356104000
NVDA,2023-03-29,26.825000762939453,27.077999114990234,26.597000122070312,26.983999252319336,393694000
NVDA,2023-03-30,27.229000091552734,27.499000549316406,27.101999282836914,27.382999420166016,364516000
NVDA,2023-03-31,27.139999389648438,27.833999633789062,27.104999542236328,27.777000427246094,433933000
NVDA,2023-04-03,27.509000778198242,28.0,27.336000442504883,27.96500015258789,398716000
NVDA,2023-04-04,27.965999603271484,28.0,27.30699920654297,27.452999114990234,368592000
NVDA,2023-04-05,26.82900047302246,26.99799919128418,26.395000457763672,26.881000518798828,515015000
NVDA,2023-04-06,26.583999633789062,27.079999923706055,26.427000045776367,27.03700065612793,397654000
NVDA,2023-04-10,26.822999954223633,27.621000289916992,26.66900062561035,27.57900047302246,395279000
NVDA,2023-04-11,27.724000930786133,27.790000915527344,27.125999450683594,27.16900062561035,314378000
NVDA,2023-04-12,27.3700008392334,27.468000411987305,26.447999954223633,26.4950008392334,446259000
NVDA,2023-04-13,26.733999252319336,26.886999130249023,26.32900047302246,26.46299934387207,353615000
NVDA,2023-04-14,26.503999710083008,26.882999420166016,26.219999313354492,26.757999420166016,395660000
NVDA,2023-04-17,26.565000534057617,27.006000518798828,26.433000564575195,27.00200080871582,321471000
NVDA,2023-04-18,27.533000946044922,28.110000610351562,27.35700035095215,27.66699981689453,604812000
NVDA,2023-04-19,27.361000061035156,28.0,27.23200035095215,27.930999755859375,358660000
NVDA,2023-04-20,27.67099952697754,28.030000686645508,27.0,27.104000091552734,427713000
NVDA,2023-04-21,26.95199966430664,27.183000564575195,26.722000122070312,27.118999481201172,345103000
NVDA,2023-04-24,27.01300048828125,27.365999221801758,26.67099952697754,27.04199981689453,339282000
NVDA,2023-04-25,27.077999114990234,27.246999740600586,26.225000381469727,26.240999221801758,378527000
NVDA,2023-04-26,27.00200080871582,27.329999923706055,26.704999923706055,26.95599937438965,406337000
NVDA,2023-04-27,27.363000869750977,27.4950008392334,26.625,27.22599983215332,377161000
NVDA,2023-04-28,27.225000381469727,27.757999420166016,27.070999145507812,27.749000549316406,292216000
NVDA,2023-05-01,27.84000015258789,29.058000564575195,27.780000686645508,28.90999984741211,570329000
NVDA,2023-05-02,28.68000030517578,28.836000442504883,28.08300018310547,28.209999084472656,402730000
NVDA,2023-05-03,27.84000015258789,28.367000579833984,27.472000122070312,27.802000045776367,383387000
NVDA,2023-05-04,27.650999069213867,27.858999252319336,27.239999771118164,27.562000274658203,321850000
NVDA,2023-05-05,27.826000213623047,28.7549991607666,27.731000900268555,28.68000030517578,361494000
NVDA,2023-05-08,28.52199935913086,29.219999313354492,28.350000381469727,29.150999069213867,344979000
NVDA,2023-05-09,28.89900016784668,28.972999572753906,28.450000762939453,28.570999145507812,314869000
NVDA,2023-05-10,29.0049991607666,29.113000869750977,28.461000442504883,28.885000228881836,369350000
NVDA,2023-05-11,28.895999908447266,28.950000762939453,28.246000289916992,28.577999114990234,322149000
NVDA,2023-05-12,28.52899932861328,28.780000686645508,28.04599952697754,28.34000015258789,274222000
NVDA,2023-05-15,28.507999420166016,28.9689998626709,28.152000427246094,28.952999114990234,293926000
NVDA,2023-05-16,28.840999603271484,29.8700008392334,28.832000732421875,29.21299934387207,449405000
NVDA,2023-05-17,29.583999633789062,30.198999404907227,29.43000030517578,30.17799949645996,432535000
NVDA,2023-05-18,30.40999984741211,31.827999114990234,30.31999969482422,31.67799949645996,748725000
NVDA,2023-05-19,31.535999298095703,31.579999923706055,30.916000366210938,31.263999938964844,473908000
NVDA,2023-05-22,30.900999069213867,31.520000457763672,30.68000030517578,31.176000595092773,372000000
NVDA,2023-05-23,31.0,31.288000106811523,30.631000518798828,30.687999725341797,356253000
NVDA,2023-05-24,30.209999084472656,30.60700035095215,29.805999755859375,30.538000106811523,721419000
NVDA,2023-05-25,38.52299880981445,39.47999954223633,36.6349983215332,37.97999954223633,1543911000
NVDA,2023-05-26,37.88999938964844,39.16999816894531,37.54999923706055,38.94599914550781,714397000
NVDA,2023-05-30,40.595001220703125,41.9379997253418,39.94900131225586,40.111000061035156,923401000
NVDA,2023-05-31,39.487998962402344,40.29499816894531,37.821998596191406,37.83399963378906,1002580000
NVDA,2023-06-01,38.48899841308594,40.04999923706055,38.34000015258789,39.77000045776367,635873000
NVDA,2023-06-02,40.09700012207031,40.5,39.05799865722656,39.32699966430664,482731000
NVDA,2023-06-05,38.909000396728516,39.564998626708984,38.707000732421875,39.17100143432617,396094000
NVDA,2023-06-06,38.83000183105469,39.15999984741211,38.14799880981445,38.65399932861328,388729000
NVDA,2023-06-07,38.915000915527344,39.499000549316406,37.35599899291992,37.474998474121094,511998000
NVDA,2023-06-08,37.7239990234375,38.86399841308594,37.505001068115234,38.5099983215332,417772000
NVDA,2023-06-09,39.0369987487793,39.71099853515625,38.56700134277344,38.77000045776367,427717000
NVDA,2023-06-12,39.20000076293945,39.529998779296875,38.61800003051758,39.481998443603516,388701000
NVDA,2023-06-13,40.18600082397461,41.10100173950195,39.7400016784668,41.02199935913086,613208000
NVDA,2023-06-14,40.82400131225586,43.0,40.551998138427734,42.99700164794922,740465000
NVDA,2023-06-15,42.60200119018555,43.28900146484375,42.14699935913086,42.65299987792969,568622000
NVDA,2023-06-16,43.45000076293945,43.72100067138672,42.6609992980957,42.69200134277344,655709000
NVDA,2023-06-20,42.99800109863281,43.9900016784668,42.67399978637695,43.80799865722656,451153000
NVDA,2023-06-21,43.500999450683594,43.6150016784668,42.08000183105469,43.04499816894531,551603000
NVDA,2023-06-22,42.25299835205078,43.42599868774414,42.23400115966797,43.025001525878906,417737000
NVDA,2023-06-23,42.4640007019043,42.808998107910156,42.01499938964844,42.20899963378906,358140000
NVDA,2023-06-26,42.46099853515625,42.763999938964844,40.099998474121094,40.63199996948242,594322000
NVDA,2023-06-27,40.79899978637695,41.939998626708984,40.448001861572266,41.875999450683594,462175000
NVDA,2023-06-28,40.65999984741211,41.845001220703125,40.518001556396484,41.117000579833984,582639000
NVDA,2023-06-29,41.55799865722656,41.599998474121094,40.599998474121094,40.821998596191406,380514000
NVDA,2023-06-30,41.68000030517578,42.54999923706055,41.500999450683594,42.301998138427734,501148000
NVDA,2023-07-03,42.516998291015625,42.89799880981445,42.20199966430664,42.41299819946289,198209000
NVDA,2023-07-05,42.1349983215332,43.176998138427734,42.084999084472656,42.31700134277344,323618000
NVDA,2023-07-06,41.84400177001953,42.17900085449219,41.34600067138672,42.10300064086914,303582000
NVDA,2023-07-07,42.321998596191406,43.2140007019043,42.18000030517578,42.50299835205078,355881000
NVDA,2023-07-10,42.65700149536133,42.81100082397461,41.64899826049805,42.18000030517578,353908000
NVDA,2023-07-11,42.48099899291992,42.757999420166016,42.06700134277344,42.404998779296875,298244000
NVDA,2023-07-12,43.03300094604492,43.935001373291016,42.777000427246094,43.902000427246094,481277000
NVDA,2023-07-13,44.518001556396484,46.154998779296875,44.492000579833984,45.97700119018555,478204000
NVDA,2023-07-14,46.58300018310547,48.0880012512207,45.060001373291016,45.46900177001953,772075000
NVDA,2023-07-17,46.28900146484375,46.49599838256836,45.262001037597656,46.46099853515625,510488000
NVDA,2023-07-18,46.70100021362305,47.895999908447266,45.73400115966797,47.49399948120117,569164000
NVDA,2023-07-19,47.4640007019043,47.81800079345703,46.742000579833984,47.07699966430664,427502000
NVDA,2023-07-20,46.50699996948242,47.08700180053711,45.0620002746582,45.52000045776367,537865000
NVDA,2023-07-21,45.78799819946289,45.86600112915039,44.099998474121094,44.308998107910156,963769000
NVDA,2023-07-24,44.73099899291992,45.10900115966797,44.040000915527344,44.61199951171875,382516000
NVDA,2023-07-25,44.941001892089844,46.18299865722656,44.92300033569336,45.67900085449219,348081000
NVDA,2023-07-26,46.020999908447266,46.053001403808594,44.630001068115234,45.45199966430664,364237000
NVDA,2023-07-27,46.51900100708008,47.39500045776367,45.75,45.900001525878906,455976000
NVDA,2023-07-28,46.667999267578125,47.027000427246094,46.38100051879883,46.75,331194000
NVDA,2023-07-31,46.75400161743164,47.130001068115234,46.50600051879883,46.729000091552734,251055000
NVDA,2023-08-01,46.459999084472656,46.900001525878906,46.027000427246094,46.50699996948242,237858000
NVDA,2023-08-02,45.83100128173828,45.84000015258789,43.387001037597656,44.26900100708008,530142000
NVDA,2023-08-03,43.79999923706055,45.11800003051758,43.79999923706055,44.51499938964844,324176000
NVDA,2023-08-04,44.98500061035156,45.641998291015625,44.393001556396484,44.68000030517578,362666000
NVDA,2023-08-07,45.111000061035156,45.540000915527344,44.5629997253418,45.41699981689453,322154000
NVDA,2023-08-08,44.85300064086914,45.242000579833984,44.055999755859375,44.66400146484375,353843000
NVDA,2023-08-09,44.27399826049805,44.3120002746582,42.13399887084961,42.55400085449219,586449000
NVDA,2023-08-10,42.15999984741211,43.57400131225586,41.834999084472656,42.38800048828125,492705000
NVDA,2023-08-11,41.750999450683594,42.018001556396484,40.638999938964844,40.85499954223633,533085000
NVDA,2023-08-14,40.486000061035156,43.79999923706055,40.31100082397461,43.75299835205078,690286000
NVDA,2023-08-15,44.560001373291016,45.268001556396484,43.709999084472656,43.939998626708984,676512000
NVDA,2023-08-16,44.52000045776367,44.67499923706055,43.40599822998047,43.486000061035156,527451000
NVDA,2023-08-17,43.970001220703125,44.0620002746582,43.000999450683594,43.34400177001953,452395000
NVDA,2023-08-18,42.6349983215332,43.577999114990234,41.65999984741211,43.29899978637695,583768000
NVDA,2023-08-21,44.49399948120117,47.064998626708984,44.22200012207031,46.96699905395508,692573000
NVDA,2023-08-22,48.1349983215332,48.1870002746582,45.33300018310547,45.667999267578125,755293000
NVDA,2023-08-23,45.86600112915039,47.20000076293945,45.20800018310547,47.11600112915039,779046000
NVDA,2023-08-24,50.215999603271484,50.26599884033203,47.159000396728516,47.16299819946289,1156044000
NVDA,2023-08-25,47.012001037597656,47.80500030517578,45.02399826049805,46.018001556396484,925341000
NVDA,2023-08-28,46.481998443603516,46.97999954223633,44.88800048828125,46.834999084472656,685192000
NVDA,2023-08-29,46.66600036621094,49.08100128173828,46.39099884033203,48.784000396728516,701397000
NVDA,2023-08-30,49.04399871826172,49.926998138427734,48.42499923706055,49.263999938964844,735206000
NVDA,2023-08-31,49.380001068115234,49.74399948120117,48.95800018310547,49.35499954223633,528570000
NVDA,2023-09-01,49.762001037597656,49.79999923706055,48.141998291015625,48.50899887084961,463830000
NVDA,2023-09-05,48.222999572753906,48.85100173950195,47.86000061035156,48.54800033569336,382653000
NVDA,2023-09-06,48.441001892089844,48.54899978637695,46.58000183105469,47.06100082397461,468670000
NVDA,2023-09-07,45.525001525878906,46.34400177001953,45.152000427246094,46.24100112915039,433330000
NVDA,2023-09-08,45.94200134277344,46.60599899291992,45.270999908447266,45.571998596191406,473069000
NVDA,2023-09-11,46.14799880981445,46.16299819946289,44.3120002746582,45.178001403808594,473966000
NVDA,2023-09-12,44.737998962402344,45.67300033569336,44.53099822998047,44.869998931884766,349256000
NVDA,2023-09-13,44.599998474121094,45.93000030517578,44.50299835205078,45.48500061035156,398355000
NVDA,2023-09-14,45.95000076293945,45.98699951171875,45.13100051879883,45.58100128173828,370097000
NVDA,2023-09-15,45.340999603271484,45.5989990234375,43.80799865722656,43.900001525878906,506831000
NVDA,2023-09-18,42.74800109863281,44.242000579833984,42.0,43.965999603271484,500271000
NVDA,2023-09-19,43.83300018310547,43.965999603271484,43.00199890136719,43.52000045776367,373064000
NVDA,2023-09-20,43.599998474121094,43.90299987792969,42.222999572753906,42.23899841308594,367108000
NVDA,2023-09-21,41.58300018310547,42.099998474121094,40.97999954223633,41.016998291015625,450736000
NVDA,2023-09-22,41.571998596191406,42.1150016784668,41.23099899291992,41.61000061035156,479236000
NVDA,2023-09-25,41.590999603271484,42.5359992980957,41.176998138427734,42.22200012207031,419091000
NVDA,2023-09-26,42.000999450683594,42.81999969482422,41.654998779296875,41.9109992980957,402282000
NVDA,2023-09-27,42.33000183105469,42.87200164794922,41.62900161743164,42.46799850463867,444935000
NVDA,2023-09-28,42.459999084472656,43.44599914550781,42.1150016784668,43.0890007019043,424663000
NVDA,2023-09-29,43.82699966430664,44.14400100708008,43.30699920654297,43.499000549316406,397830000
NVDA,2023-10-02,44.029998779296875,45.17499923706055,43.861000061035156,44.78200149536133,433298000
NVDA,2023-10-03,44.80799865722656,45.130001068115234,43.24599838256836,43.516998291015625,470850000
NVDA,2023-10-04,43.742000579833984,44.143001556396484,43.29199981689453,44.04100036621094,361821000
NVDA,2023-10-05,44.04999923706055,44.900001525878906,43.88800048828125,44.6879997253418,393483000
NVDA,2023-10-06,44.19300079345703,45.78900146484375,44.0260009765625,45.762001037597656,434436000
NVDA,2023-10-09,44.84199905395508,45.60499954223633,44.36800003051758,45.27299880981445,409675000
NVDA,2023-10-10,45.310001373291016,46.25899887084961,45.0880012512207,45.79800033569336,368582000
NVDA,2023-10-11,46.19599914550781,46.85900115966797,46.04999923706055,46.805999755859375,378137000
NVDA,2023-10-12,46.777000427246094,47.60900115966797,46.33000183105469,46.94499969482422,481325000
NVDA,2023-10-13,46.959999084472656,47.11600112915039,45.279998779296875,45.46099853515625,474115000
NVDA,2023-10-16,45.0629997253418,46.224998474121094,44.9119987487793,46.095001220703125,375099000
NVDA,2023-10-17,44.0,44.75400161743164,42.47999954223633,43.9379997253418,812333000
NVDA,2023-10-18,42.590999603271484,43.21900177001953,41.82500076293945,42.19599914550781,627294000
NVDA,2023-10-19,42.81100082397461,43.297000885009766,41.88199996948242,42.10100173950195,501233000
NVDA,2023-10-20,41.88999938964844,42.470001220703125,41.077999114990234,41.387001037597656,477266000
NVDA,2023-10-23,41.229000091552734,43.24800109863281,40.94499969482422,42.974998474121094,478530000
NVDA,2023-10-24,43.07699966430664,43.696998596191406,42.691001892089844,43.66299819946289,401463000
NVDA,2023-10-25,43.39799880981445,43.650001525878906,41.55500030517578,41.77899932861328,398379000
NVDA,2023-10-26,41.85300064086914,42.25600051879883,39.880001068115234,40.32600021362305,541001000
NVDA,2023-10-27,41.130001068115234,41.20600128173828,40.01499938964844,40.5,416784000
NVDA,2023-10-30,41.08700180053711,41.76599884033203,40.48099899291992,41.1609992980957,388028000
NVDA,2023-10-31,40.45000076293945,40.87900161743164,39.22999954223633,40.779998779296875,517969000
NVDA,2023-11-01,40.88399887084961,42.38100051879883,40.86899948120117,42.32500076293945,437593000
NVDA,2023-11-02,43.327999114990234,43.88399887084961,42.89400100708008,43.50600051879883,409172000
NVDA,2023-11-03,44.02000045776367,45.308998107910156,43.722999572753906,45.005001068115234,424610000
NVDA,2023-11-06,45.28499984741211,45.935001373291016,44.89899826049805,45.750999450683594,400733000
NVDA,2023-11-07,45.71900177001953,46.21799850463867,45.15800094604492,45.95500183105469,343165000
NVDA,2023-11-08,46.099998474121094,46.867000579833984,45.96799850463867,46.57400131225586,346719000
NVDA,2023-11-09,47.46699905395508,48.22999954223633,46.75,46.95000076293945,540496000
NVDA,2023-11-10,47.5,48.47200012207031,47.28300094604492,48.334999084472656,421245000
NVDA,2023-11-13,48.31999969482422,49.11600112915039,48.0989990234375,48.619998931884766,384136000
NVDA,2023-11-14,49.68000030517578,49.83399963378906,49.040000915527344,49.65599822998047,416954000
NVDA,2023-11-15,49.935001373291016,49.959999084472656,48.20000076293945,48.88800048828125,475497000
NVDA,2023-11-16,48.67900085449219,49.525001525878906,48.33000183105469,49.47999954223633,339756000
NVDA,2023-11-17,49.52399826049805,49.71699905395508,49.00699996948242,49.29800033569336,325205000
NVDA,2023-11-20,49.3120002746582,50.54800033569336,49.180999755859375,50.409000396728516,414120000
NVDA,2023-11-21,50.125999450683594,50.516998291015625,49.22200012207031,49.944000244140625,565747000
NVDA,2023-11-22,49.85200119018555,50.334999084472656,47.689998626708984,48.715999603271484,899420000
NVDA,2023-11-24,48.470001220703125,48.92100143432617,47.744998931884766,47.7760009765625,294645000
NVDA,2023-11-27,47.79999923706055,48.529998779296875,47.652000427246094,48.242000579833984,395662000
NVDA,2023-11-28,48.236000061035156,48.323001861572266,47.472999572753906,47.82099914550781,401491000
NVDA,2023-11-29,48.37900161743164,48.762001037597656,47.86000061035156,48.13999938964844,382005000
NVDA,2023-11-30,48.02399826049805,48.11000061035156,46.422000885009766,46.77000045776367,526247000
NVDA,2023-12-01,46.525001525878906,47.20000076293945,46.1870002746582,46.76499938964844,369317000
NVDA,2023-12-04,46.07699966430664,46.07699966430664,45.0099983215332,45.5099983215332,437543000
NVDA,2023-12-05,45.465999603271484,46.599998474121094,45.270999908447266,46.566001892089844,371718000
NVDA,2023-12-06,47.21500015258789,47.387001037597656,45.4119987487793,45.50299835205078,380590000
NVDA,2023-12-07,45.70000076293945,46.62900161743164,45.604000091552734,46.59600067138672,350823000
NVDA,2023-12-08,46.595001220703125,47.74100112915039,46.54999923706055,47.50600051879883,359224000
NVDA,2023-12-11,47.49100112915039,47.53099822998047,45.83000183105469,46.62699890136719,509728000
NVDA,2023-12-12,46.04600143432617,47.66600036621094,46.04600143432617,47.65700149536133,372387000
NVDA,2023-12-13,47.62900161743164,48.59400177001953,47.608001708984375,48.0880012512207,447792000
NVDA,2023-12-14,48.38999938964844,48.66999816894531,47.422000885009766,48.349998474121094,391232000
NVDA,2023-12-15,48.194000244140625,49.40399932861328,48.119998931884766,48.88999938964844,479948000
NVDA,2023-12-18,49.400001525878906,50.43299865722656,49.150001525878906,50.07699966430664,412587000
NVDA,2023-12-19,49.42399978637695,49.70000076293945,48.89500045776367,49.604000091552734,464444000
NVDA,2023-12-20,49.654998779296875,49.999000549316406,48.097999572753906,48.111000061035156,397894000
NVDA,2023-12-21,48.81100082397461,49.095001220703125,48.41899871826172,48.9900016784668,300425000
NVDA,2023-12-22,49.19499969482422,49.382999420166016,48.46699905395508,48.83000183105469,252507000
NVDA,2023-12-26,48.96799850463867,49.599998474121094,48.959999084472656,49.27899932861328,244200000
NVDA,2023-12-27,49.51100158691406,49.68000030517578,49.084999084472656,49.41699981689453,233648000
NVDA,2023-12-28,49.643001556396484,49.88399887084961,49.4119987487793,49.52199935913086,246587000
NVDA,2023-12-29,49.8129997253418,49.99700164794922,48.750999450683594,49.52199935913086,389293000
NVDA,2024-01-02,49.24399948120117,49.29499816894531,47.595001220703125,48.167999267578125,411254000
NVDA,2024-01-03,47.48500061035156,48.183998107910156,47.31999969482422,47.569000244140625,320896000
NVDA,2024-01-04,47.766998291015625,48.5,47.507999420166016,47.99800109863281,306535000
NVDA,2024-01-05,48.46200180053711,49.547000885009766,48.305999755859375,49.09700012207031,415039000
NVDA,2024-01-08,49.512001037597656,52.275001525878906,49.479000091552734,52.25299835205078,642510000
NVDA,2024-01-09,52.4010009765625,54.32500076293945,51.689998626708984,53.13999938964844,773100000
NVDA,2024-01-10,53.61600112915039,54.599998474121094,53.48899841308594,54.349998474121094,533796000
NVDA,2024-01-11,54.999000549316406,55.34600067138672,53.560001373291016,54.821998596191406,596759000
NVDA,2024-01-12,54.619998931884766,54.970001220703125,54.33000183105469,54.709999084472656,352994000
NVDA,2024-01-16,55.018001556396484,56.834999084472656,54.900001525878906,56.38199996948242,449580000
NVDA,2024-01-17,56.34700012207031,56.47100067138672,54.7400016784668,56.053001403808594,474394000
NVDA,2024-01-18,57.2599983215332,57.599998474121094,56.106998443603516,57.106998443603516,491650000
NVDA,2024-01-19,57.98899841308594,59.5,57.224998474121094,59.49100112915039,543501000
NVDA,2024-01-22,60.04899978637695,60.33100128173828,59.06999969482422,59.65399932861328,452955000
NVDA,2024-01-23,59.56999969482422,59.90999984741211,58.584999084472656,59.87300109863281,294654000
NVDA,2024-01-24,60.30400085449219,62.8489990234375,59.9379997253418,61.36199951171875,560271000
NVDA,2024-01-25,62.349998474121094,62.71900177001953,60.849998474121094,61.617000579833984,482777000
NVDA,2024-01-26,60.959999084472656,61.78300094604492,60.573001861572266,61.03099822998047,390309000
NVDA,2024-01-29,61.231998443603516,62.48899841308594,60.90700149536133,62.46500015258789,348733000
NVDA,2024-01-30,62.900001525878906,63.49300003051758,62.2599983215332,62.77399826049805,410735000
NVDA,2024-01-31,61.439998626708984,62.26900100708008,60.70000076293945,61.527000427246094,453795000
NVDA,2024-02-01,62.099998474121094,63.191001892089844,61.650001525878906,63.027000427246094,369146000
NVDA,2024-02-02,63.9739990234375,66.5999984741211,63.689998626708984,66.16000366210938,476578000
NVDA,2024-02-05,68.2249984741211,69.49700164794922,67.20500183105469,69.33200073242188,680078000
NVDA,2024-02-06,69.62999725341797,69.75399780273438,66.30000305175781,68.2229995727539,683111000
NVDA,2024-02-07,68.31900024414062,70.22000122070312,67.5999984741211,70.0989990234375,495575000
NVDA,2024-02-08,70.0739974975586,70.79399871826172,69.45500183105469,69.64099884033203,414422000
NVDA,2024-02-09,70.53299713134766,72.18499755859375,70.21199798583984,72.13300323486328,436637000
NVDA,2024-02-12,72.5999984741211,74.61100006103516,71.25,72.24800109863281,613710000
NVDA,2024-02-13,70.4000015258789,73.44999694824219,69.62000274658203,72.12799835205078,602580000
NVDA,2024-02-14,73.2020034790039,74.23600006103516,71.93800354003906,73.9000015258789,504917000
NVDA,2024-02-15,73.86900329589844,73.9749984741211,72.4000015258789,72.65799713134766,420122000
NVDA,2024-02-16,74.0999984741211,74.4020004272461,72.5009994506836,72.61299896240234,495327000
NVDA,2024-02-20,71.9469985961914,71.95600128173828,67.73400115966797,69.4520034790039,704833000
NVDA,2024-02-21,68.00599670410156,68.88800048828125,66.24800109863281,67.47200012207031,673755000
NVDA,2024-02-22,75.0250015258789,78.57499694824219,74.22000122070312,78.53800201416016,865100000
NVDA,2024-02-23,80.79000091552734,82.39399719238281,77.56999969482422,78.81700134277344,829388000
NVDA,2024-02-26,79.69999694824219,80.64600372314453,78.50499725341797,79.09200286865234,503973000
NVDA,2024-02-27,79.38099670410156,79.4800033569336,77.16200256347656,78.70099639892578,391705000
NVDA,2024-02-28,77.62000274658203,78.93299865722656,77.125,77.66300201416016,393110000
NVDA,2024-02-29,79.09400177001953,79.98999786376953,78.3499984741211,79.11199951171875,507289000
NVDA,2024-03-01,80.0,82.30000305175781,79.43499755859375,82.27899932861328,479135000
NVDA,2024-03-04,84.12999725341797,87.69499969482422,83.71900177001953,85.23699951171875,615616000
NVDA,2024-03-05,85.2699966430664,86.09700012207031,83.41699981689453,85.96399688720703,520639000
NVDA,2024-03-06,88.02200317382812,89.7239990234375,87.02999877929688,88.69999694824219,582520000
NVDA,2024-03-07,90.15799713134766,92.76699829101562,89.60199737548828,92.66899871826172,608119000
NVDA,2024-03-08,95.13800048828125,97.4000015258789,86.50599670410156,87.52799987792969,1142269000
NVDA,2024-03-11,86.42900085449219,88.7969970703125,84.16600036621094,85.77400207519531,678364000
NVDA,2024-03-12,88.04900360107422,91.95999908447266,86.1500015258789,91.91300201416016,668075000
NVDA,2024-03-13,91.05500030517578,91.50399780273438,88.43499755859375,90.88800048828125,635713000
NVDA,2024-03-14,89.5770034790039,90.64600372314453,86.5999984741211,87.94400024414062,602318000
NVDA,2024-03-15,86.93000030517578,89.5459976196289,86.25700378417969,87.83699798583984,642086000
NVDA,2024-03-18,90.38800048828125,92.40499877929688,87.08499908447266,88.45500183105469,668976000
NVDA,2024-03-19,86.69999694824219,90.54399871826172,85.01000213623047,89.39800262451172,672171000
NVDA,2024-03-20,89.7969970703125,90.41000366210938,88.2229995727539,90.37200164794922,479063000
NVDA,2024-03-21,92.30000305175781,92.64800262451172,90.40499877929688,91.43499755859375,480372000
NVDA,2024-03-22,91.14099884033203,94.77799987792969,90.83399963378906,94.28900146484375,586719000
NVDA,2024-03-25,93.94100189208984,96.76599884033203,93.51000213623047,95.00199890136719,552136000
NVDA,2024-03-26,95.85099792480469,96.375,92.50199890136719,92.56099700927734,513648000
NVDA,2024-03-27,93.11199951171875,93.23999786376953,89.12300109863281,90.25,586067000
NVDA,2024-03-28,90.0,91.30000305175781,89.19300079345703,90.35600280761719,435212000
JPM,2022-01-03,159.86000061035156,162.63999938964844,159.50999450683594,161.6999969482422,13120900
JPM,2022-01-04,164.30999755859375,168.5800018310547,164.22999572753906,167.8300018310547,20195800
JPM,2022-01-05,167.82000732421875,168.36000061035156,163.72999572753906,163.77999877929688,17539400
JPM,2022-01-06,166.91000366210938,167.3699951171875,163.8699951171875,165.52000427246094,14047500
JPM,2022-01-07,165.6699981689453,167.52999877929688,165.05999755859375,167.16000366210938,13913300
JPM,2022-01-10,169.07000732421875,169.30999755859375,165.52999877929688,167.32000732421875,12922500
JPM,2022-01-11,168.25999450683594,168.52000427246094,166.30999755859375,167.49000549316406,11854100
JPM,2022-01-12,168.4600067138672,169.58999633789062,167.17999267578125,168.44000244140625,12568000
JPM,2022-01-13,168.33999633789062,169.80999755859375,167.88999938964844,168.22999572753906,13623400
JPM,2022-01-14,160.75999450683594,161.02999877929688,156.89999389648438,157.88999938964844,40158400
JPM,2022-01-18,155.77999877929688,155.77999877929688,150.5399932861328,151.27000427246094,32324800
JPM,2022-01-19,151.57000732421875,152.22999572753906,148.5500030517578,148.92999267578125,22380000
JPM,2022-01-20,148.99000549316406,150.61000061035156,147.36000061035156,147.66000366210938,14860800
JPM,2022-01-21,147.5,147.50999450683594,144.27000427246094,145.0800018310547,20705400
JPM,2022-01-24,142.27999877929688,145.47999572753906,139.57000732421875,144.9499969482422,28471400
JPM,2022-01-25,143.64999389648438,146.85000610351562,140.7899932861328,146.52999877929688,18915900
JPM,2022-01-26,148.72000122070312,150.57000732421875,145.9600067138672,147.9199981689453,20709100
JPM,2022-01-27,149.4199981689453,150.3800048828125,144.1300048828125,145.30999755859375,17536800
JPM,2022-01-28,144.19000244140625,146.75999450683594,142.1699981689453,146.61000061035156,14117000
JPM,2022-01-31,145.63999938964844,148.7899932861328,144.6699981689453,148.60000610351562,13985700
JPM,2022-02-01,148.69000244140625,151.47000122070312,148.3000030517578,151.14999389648438,14584900
JPM,2022-02-02,150.5,150.94000244140625,148.07000732421875,149.94000244140625,12441100
JPM,2022-02-03,150.0,151.64999389648438,148.2899932861328,148.6999969482422,12474900
JPM,2022-02-04,149.10000610351562,153.5,148.77000427246094,152.55999755859375,16654400
JPM,2022-02-07,153.27000427246094,153.6199951171875,150.85000610351562,153.07000732421875,12572300
JPM,2022-02-08,155.0,158.47999572753906,154.8000030517578,155.9499969482422,20411400
JPM,2022-02-09,156.58999633789062,157.42999267578125,155.82000732421875,156.60000610351562,9131100
JPM,2022-02-10,156.66000366210938,159.02999877929688,155.22000122070312,155.9499969482422,16455600
JPM,2022-02-11,155.61000061035156,158.19000244140625,152.97000122070312,153.9199981689453,16830000
JPM,2022-02-14,152.72999572753906,153.67999267578125,150.32000732421875,152.49000549316406,17026500
JPM,2022-02-15,154.50999450683594,155.94000244140625,153.85000610351562,154.72000122070312,9500000
JPM,2022-02-16,153.74000549316406,156.10000610351562,153.74000549316406,155.0,9076500
JPM,2022-02-17,153.0,153.72999572753906,150.6699981689453,151.42999267578125,11367500
JPM,2022-02-18,152.1300048828125,154.13999938964844,151.1300048828125,152.13999938964844,11733300
JPM,2022-02-22,150.60000610351562,153.24000549316406,150.41000366210938,151.8699951171875,11333500
JPM,2022-02-23,153.1199951171875,153.3000030517578,147.97000122070312,148.69000244140625,11799000
JPM,2022-02-24,142.94000244140625,144.99000549316406,139.77999877929688,144.5500030517578,25655100
JPM,2022-02-25,145.25,150.1300048828125,144.91000366210938,147.97000122070312,18367700
JPM,2022-02-28,143.5500030517578,145.05999755859375,140.8800048828125,141.8000030517578,31315300
JPM,2022-03-01,140.0399932861328,140.47999572753906,133.5800018310547,136.4499969482422,36840400
JPM,2022-03-02,137.2899932861328,140.0399932861328,136.61000061035156,139.27999877929688,19405600
JPM,2022-03-03,139.83999633789062,140.97999572753906,137.05999755859375,138.2899932861328,16640800
JPM,2022-03-04,134.94000244140625,135.4199981689453,132.39999389648438,134.39999389648438,21016000
JPM,2022-03-07,132.1699981689453,132.69000244140625,128.9499969482422,129.2100067138672,27560100
JPM,2022-03-08,129.63999938964844,131.7899932861328,127.2699966430664,128.3000030517578,19207800
JPM,2022-03-09,132.89999389648438,135.24000549316406,132.44000244140625,133.44000244140625,17536200
JPM,2022-03-10,131.86000061035156,133.4499969482422,130.32000732421875,131.86000061035156,15604200
JPM,2022-03-11,132.49000549316406,134.0800018310547,128.4199981689453,128.88999938964844,20061800
JPM,2022-03-14,129.4600067138672,132.9199981689453,129.22999572753906,130.1699981689453,15786900
JPM,2022-03-15,131.8000030517578,133.5500030517578,131.1300048828125,132.47999572753906,15096600
JPM,2022-03-16,134.8699951171875,138.49000549316406,134.42999267578125,138.39999389648438,20354900
JPM,2022-03-17,136.86000061035156,140.19000244140625,135.9199981689453,140.14999389648438,17050500
JPM,2022-03-18,140.19000244140625,140.85000610351562,138.4600067138672,140.10000610351562,23656500
JPM,2022-03-21,140.35000610351562,140.75999450683594,138.72999572753906,139.64999389648438,12676100
JPM,2022-03-22,142.27000427246094,143.92999267578125,141.72000122070312,142.6199951171875,13548600
JPM,2022-03-23,140.97999572753906,141.58999633789062,139.1999969482422,139.77999877929688,12093200
JPM,2022-03-24,140.3000030517578,140.7100067138672,139.11000061035156,140.69000244140625,10017600
JPM,2022-03-25,141.08999633789062,143.17999267578125,140.8000030517578,141.9199981689453,8383500
JPM,2022-03-28,140.0,140.97000122070312,137.89999389648438,140.8699951171875,10818100
JPM,2022-03-29,143.35000610351562,143.60000610351562,140.24000549316406,141.17999267578125,11316500
JPM,2022-03-30,141.89999389648438,142.1199951171875,139.91000366210938,140.5399932861328,8771000
JPM,2022-03-31,139.8300018310547,140.35000610351562,136.25999450683594,136.32000732421875,17353900
JPM,2022-04-01,137.39999389648438,137.41000366210938,133.8000030517578,135.30999755859375,15721300
JPM,2022-04-04,134.1199951171875,136.94000244140625,132.88999938964844,135.91000366210938,17416400
JPM,2022-04-05,134.07000732421875,135.39999389648438,133.00999450683594,133.33999633789062,12110300
JPM,2022-04-06,131.5800018310547,132.55999755859375,130.9600067138672,131.49000549316406,12914700
JPM,2022-04-07,130.9499969482422,131.9199981689453,128.72999572753906,131.08999633789062,12994200
JPM,2022-04-08,131.6699981689453,133.89999389648438,131.49000549316406,133.49000549316406,13126900
JPM,2022-04-11,133.0,134.89999389648438,132.57000732421875,133.0,10466400
JPM,2022-04-12,132.13999938964844,134.5800018310547,130.6999969482422,131.5399932861328,12989900
JPM,2022-04-13,126.94000244140625,129.25,126.01000213623047,127.30000305175781,30838000
JPM,2022-04-14,126.5,128.3000030517578,125.0199966430664,126.12000274658203,18835200
JPM,2022-04-18,125.66999816894531,129.24000549316406,125.54000091552734,128.4600067138672,11834400
JPM,2022-04-19,128.4499969482422,131.32000732421875,128.22999572753906,131.1199951171875,15015400
JPM,2022-04-20,132.52000427246094,133.50999450683594,131.33999633789062,131.5800018310547,13430200
JPM,2022-04-21,132.22000122070312,132.80999755859375,129.9600067138672,130.55999755859375,12174200
JPM,2022-04-22,130.27999877929688,130.52000427246094,126.69000244140625,126.80999755859375,14318800
JPM,2022-04-25,126.01000213623047,127.12000274658203,123.11000061035156,126.7699966430664,17149000
JPM,2022-04-26,124.63999938964844,126.41000366210938,122.87000274658203,123.0199966430664,17209500
JPM,2022-04-27,122.33000183105469,123.55999755859375,121.22000122070312,121.41999816894531,17215200
JPM,2022-04-28,122.80999755859375,123.6500015258789,121.13999938964844,123.33999633789062,13015600
JPM,2022-04-29,123.05000305175781,123.61000061035156,118.9000015258789,119.36000061035156,14874800
JPM,2022-05-02,119.87999725341797,120.70999908447266,118.22000122070312,120.44999694824219,18545000
JPM,2022-05-03,121.52999877929688,124.16999816894531,120.77999877929688,123.02999877929688,15720900
JPM,2022-05-04,122.80000305175781,127.4000015258789,122.73999786376953,127.0999984741211,17128500
JPM,2022-05-05,125.25,126.0999984741211,122.16000366210938,123.91999816894531,15055400
JPM,2022-05-06,123.80000305175781,124.29000091552734,121.18000030517578,123.72000122070312,14417900
JPM,2022-05-09,122.11000061035156,123.33000183105469,120.5,121.86000061035156,14312300
JPM,2022-05-10,123.11000061035156,123.77999877929688,117.55999755859375,118.88999938964844,16382400
JPM,2022-05-11,119.30000305175781,122.88999938964844,117.94000244140625,118.13999938964844,14630300
JPM,2022-05-12,117.0,118.31999969482422,115.37000274658203,118.04000091552734,16318800
JPM,2022-05-13,119.41000366210938,120.25,117.95999908447266,119.08999633789062,10443200
JPM,2022-05-16,118.54000091552734,119.45999908447266,117.2300033569336,118.26000213623047,10269000
JPM,2022-05-17,121.04000091552734,122.97000122070312,120.80999755859375,122.18000030517578,11160200
JPM,2022-05-18,121.30000305175781,121.97000122070312,119.52999877929688,120.08999633789062,12664900
JPM,2022-05-19,118.19000244140625,119.6500015258789,117.62999725341797,118.30999755859375,12765800
JPM,2022-05-20,119.45999908447266,119.66999816894531,115.0199966430664,117.33999633789062,13150100
JPM,2022-05-23,120.45999908447266,126.56999969482422,120.44999694824219,124.5999984741211,24376700
JPM,2022-05-24,124.36000061035156,127.48999786376953,123.11000061035156,126.36000061035156,19324900
JPM,2022-05-25,126.27999877929688,127.86000061035156,125.16999816894531,127.23999786376953,12780400
JPM,2022-05-26,128.3699951171875,130.19000244140625,128.2100067138672,129.44000244140625,15990900
JPM,2022-05-27,130.16000366210938,131.27000427246094,129.13999938964844,131.27000427246094,11177800
JPM,2022-05-31,130.17999267578125,133.14999389648438,129.7100067138672,132.22999572753906,17015000
JPM,2022-06-01,132.8699951171875,132.8699951171875,128.6699981689453,129.91000366210938,10768000
JPM,2022-06-02,129.89999389648438,132.00999450683594,128.6699981689453,132.0,8374800
JPM,2022-06-03,131.2100067138672,131.77000427246094,129.99000549316406,130.16000366210938,8596000
JPM,2022-06-06,131.08999633789062,132.38999938964844,129.4600067138672,129.72999572753906,11323500
JPM,2022-06-07,128.8300018310547,130.32000732421875,128.6199951171875,130.07000732421875,6722200
JPM,2022-06-08,129.0,129.4499969482422,126.9000015258789,128.0,8422100
JPM,2022-06-09,127.37000274658203,128.10000610351562,125.2699966430664,125.30999755859375,13560100
JPM,2022-06-10,122.58999633789062,123.4000015258789,119.31999969482422,119.55000305175781,12945200
JPM,2022-06-13,116.86000061035156,117.94999694824219,115.05999755859375,115.98999786376953,16805600
JPM,2022-06-14,115.55000305175781,117.31999969482422,113.22000122070312,114.05999755859375,13357900
JPM,2022-06-15,115.62000274658203,116.94999694824219,113.16999816894531,115.41000366210938,14083500
JPM,2022-06-16,113.86000061035156,114.26000213623047,111.87000274658203,113.43000030517578,16724900
JPM,2022-06-17,113.54000091552734,114.62999725341797,112.16000366210938,113.02999877929688,30919900
JPM,2022-06-21,115.87000274658203,117.02999877929688,115.04000091552734,115.83000183105469,11680500
JPM,2022-06-22,114.87999725341797,116.19999694824219,114.38999938964844,115.18000030517578,9842700
JPM,2022-06-23,115.01000213623047,115.18000030517578,111.4800033569336,113.91999816894531,11851500
JPM,2022-06-24,113.2300033569336,117.81999969482422,112.83000183105469,117.31999969482422,14841100
JPM,2022-06-27,118.05999755859375,118.5,115.63999938964844,116.37999725341797,11280500
JPM,2022-06-28,117.66999816894531,119.29000091552734,115.5999984741211,115.81999969482422,11590900
JPM,2022-06-29,116.0,116.81999969482422,114.7300033569336,115.30000305175781,9338400
JPM,2022-06-30,113.16999816894531,114.08000183105469,110.93000030517578,112.61000061035156,15172600
JPM,2022-07-01,112.6500015258789,114.41999816894531,111.16000366210938,114.05000305175781,10573600
JPM,2022-07-05,110.7699966430664,112.70999908447266,109.30000305175781,112.62000274658203,12514200
JPM,2022-07-06,111.7300033569336,112.98999786376953,110.79000091552734,111.88999938964844,10656200
JPM,2022-07-07,113.5,114.9000015258789,113.4000015258789,114.72000122070312,10347400
JPM,2022-07-08,115.16000366210938,115.6500015258789,113.61000061035156,114.36000061035156,8807800
JPM,2022-07-11,113.55000305175781,114.2300033569336,112.22000122070312,112.86000061035156,7939500
JPM,2022-07-12,112.58000183105469,115.18000030517578,112.26000213623047,112.97000122070312,11250900
JPM,2022-07-13,111.75,112.4800033569336,110.37999725341797,111.91000366210938,12979900
JPM,2022-07-14,107.98999786376953,108.2300033569336,106.05999755859375,108.0,26204800
JPM,2022-07-15,109.16000366210938,113.87999725341797,107.66999816894531,112.94999694824219,18863900
JPM,2022-07-18,114.7699966430664,115.83999633789062,111.29000091552734,111.79000091552734,13977900
JPM,2022-07-19,113.12999725341797,114.94000244140625,112.66999816894531,114.55999755859375,11862300
JPM,2022-07-20,114.0999984741211,114.73999786376953,113.4800033569336,114.54000091552734,11667500
JPM,2022-07-21,114.44000244140625,115.52999877929688,113.37000274658203,115.31999969482422,11595900
JPM,2022-07-22,115.23999786376953,116.25,113.66999816894531,114.76000213623047,7645500
JPM,2022-07-25,115.83999633789062,116.45999908447266,114.7699966430664,115.22000122070312,9394000
JPM,2022-07-26,114.58000183105469,115.58000183105469,113.02999877929688,113.41999816894531,10675100
JPM,2022-07-27,114.01000213623047,115.73999786376953,113.30000305175781,115.23999786376953,9337400
JPM,2022-07-28,115.25,115.9800033569336,113.52999877929688,114.80999755859375,10384800
JPM,2022-07-29,115.58999633789062,116.5,114.79000091552734,115.36000061035156,12944500
JPM,2022-08-01,114.5,115.11000061035156,113.06999969482422,114.20999908447266,14740400
JPM,2022-08-02,113.91999816894531,114.4000015258789,112.2699966430664,112.43000030517578,14942900
JPM,2022-08-03,113.44999694824219,114.0999984741211,111.70999908447266,113.61000061035156,14394500
JPM,2022-08-04,112.8499984741211,113.31999969482422,111.0199966430664,112.36000061035156,18033900
JPM,2022-08-05,112.52999877929688,116.19000244140625,112.05000305175781,115.76000213623047,14174600
JPM,2022-08-08,116.25,116.69999694824219,114.18000030517578,114.3499984741211,10332500
JPM,2022-08-09,114.75,115.98999786376953,114.37000274658203,115.37999725341797,10233800
JPM,2022-08-10,117.95999908447266,119.37000274658203,117.5,118.38999938964844,12847300
JPM,2022-08-11,119.9000015258789,121.19999694824219,119.30999755859375,120.13999938964844,11684900
JPM,2022-08-12,120.66999816894531,122.25,119.44000244140625,122.12999725341797,9906700
JPM,2022-08-15,121.13999938964844,122.72000122070312,120.5999984741211,122.45999908447266,8456200
JPM,2022-08-16,122.29000091552734,124.23999786376953,121.87000274658203,123.62999725341797,9555000
JPM,2022-08-17,122.30000305175781,123.16000366210938,121.69000244140625,122.58999633789062,8149300
JPM,2022-08-18,122.23999786376953,122.47000122070312,120.55000305175781,121.63999938964844,9531800
JPM,2022-08-19,120.62000274658203,120.98999786376953,118.11000061035156,118.62999725341797,13464500
JPM,2022-08-22,116.75,117.16000366210938,115.5,116.66999816894531,8967600
JPM,2022-08-23,116.69000244140625,117.29000091552734,115.37999725341797,115.5199966430664,7607000
JPM,2022-08-24,115.29000091552734,116.41000366210938,114.44999694824219,115.80000305175781,9771300
JPM,2022-08-25,116.16000366210938,118.73999786376953,115.68000030517578,118.55000305175781,10758900
JPM,2022-08-26,119.45999908447266,119.98999786376953,114.5999984741211,114.66999816894531,11276200
JPM,2022-08-29,114.0,114.86000061035156,113.45999908447266,114.38999938964844,8117300
JPM,2022-08-30,115.0,115.58000183105469,113.36000061035156,114.41000366210938,10745400
JPM,2022-08-31,114.4800033569336,115.02999877929688,113.33999633789062,113.7300033569336,10738300
JPM,2022-09-01,113.29000091552734,114.62999725341797,111.91000366210938,114.51000213623047,9979800
JPM,2022-09-02,115.87000274658203,117.44999694824219,113.19000244140625,113.70999908447266,10666600
JPM,2022-09-06,114.33000183105469,114.75,112.06999969482422,113.73999786376953,9751900
JPM,2022-09-07,113.12999725341797,116.11000061035156,112.76000213623047,115.9000015258789,10647900
JPM,2022-09-08,115.27999877929688,118.79000091552734,114.62999725341797,118.5999984741211,11435000
JPM,2022-09-09,119.13999938964844,120.05000305175781,118.66999816894531,119.16999816894531,9299700
JPM,2022-09-12,120.62000274658203,121.55000305175781,119.79000091552734,120.58000183105469,8614600
JPM,2022-09-13,118.06999969482422,118.91999816894531,115.77999877929688,116.38999938964844,12904600
JPM,2022-09-14,116.69999694824219,117.83999633789062,114.87999725341797,116.12000274658203,9345700
JPM,2022-09-15,116.12000274658203,119.37999725341797,115.76000213623047,117.87000274658203,10821400
JPM,2022-09-16,117.38999938964844,117.4000015258789,115.37000274658203,117.08000183105469,14844100
JPM,2022-09-19,116.0,118.7300033569336,115.51000213623047,118.16000366210938,8201300
JPM,2022-09-20,117.41000366210938,117.69000244140625,114.63999938964844,115.83000183105469,9619000
JPM,2022-09-21,116.54000091552734,116.5999984741211,112.41999816894531,112.48999786376953,12606300
JPM,2022-09-22,113.37999725341797,113.5999984741211,111.06999969482422,111.20999908447266,11684500
JPM,2022-09-23,110.05000305175781,110.33999633789062,107.16000366210938,109.13999938964844,18138600
JPM,2022-09-26,108.0,109.61000061035156,106.05999755859375,106.79000091552734,15753600
JPM,2022-09-27,107.75,108.16999816894531,104.6500015258789,105.8499984741211,12793600
JPM,2022-09-28,105.94999694824219,108.7300033569336,105.63999938964844,107.98999786376953,12762600
JPM,2022-09-29,106.94999694824219,107.27999877929688,104.4000015258789,106.16000366210938,12713900
JPM,2022-09-30,106.05999755859375,107.62000274658203,104.4000015258789,104.5,15973400
JPM,2022-10-03,105.62000274658203,108.36000061035156,104.45999908447266,107.7300033569336,12248100
JPM,2022-10-04,110.61000061035156,112.98999786376953,109.86000061035156,112.7699966430664,16013600
JPM,2022-10-05,109.75,110.94999694824219,108.83000183105469,110.38999938964844,10943500
JPM,2022-10-06,109.45999908447266,110.19000244140625,107.94000244140625,108.13999938964844,11521400
JPM,2022-10-07,107.5199966430664,107.70999908447266,105.2699966430664,105.9800033569336,11681100
JPM,2022-10-10,106.7300033569336,107.30999755859375,104.5199966430664,104.98999786376953,8931700
JPM,2022-10-11,104.37000274658203,104.54000091552734,101.8499984741211,101.95999908447266,12739700
JPM,2022-10-12,101.80000305175781,104.7300033569336,101.27999877929688,103.61000061035156,13181000
JPM,2022-10-13,101.9800033569336,109.9000015258789,101.76000213623047,109.37000274658203,22398700
JPM,2022-10-14,111.95999908447266,115.23999786376953,110.72000122070312,111.19000244140625,33387100
JPM,2022-10-17,115.41000366210938,117.01000213623047,114.31999969482422,115.86000061035156,22276300
JPM,2022-10-18,119.66000366210938,120.13999938964844,116.95999908447266,118.83999633789062,21539700
JPM,2022-10-19,117.98999786376953,118.83000183105469,115.66999816894531,116.51000213623047,17072000
JPM,2022-10-20,117.16000366210938,118.70999908447266,115.6500015258789,116.12999725341797,12207400
JPM,2022-10-21,116.45999908447266,122.38999938964844,116.33000183105469,122.2300033569336,20593300
JPM,2022-10-24,122.06999969482422,123.0999984741211,121.33000183105469,122.37999725341797,12624200
JPM,2022-10-25,121.8499984741211,123.2699966430664,120.88999938964844,122.69999694824219,11289100
JPM,2022-10-26,123.0,125.19999694824219,122.87999725341797,124.11000061035156,11667000
JPM,2022-10-27,125.19999694824219,126.19999694824219,124.20999908447266,124.5999984741211,10727600
JPM,2022-10-28,125.29000091552734,126.27999877929688,124.05000305175781,126.08000183105469,11859500
JPM,2022-10-31,125.69999694824219,127.43000030517578,125.58999633789062,125.87999725341797,13295200
JPM,2022-11-01,126.87000274658203,128.27999877929688,126.33000183105469,128.14999389648438,13386900
JPM,2022-11-02,127.6500015258789,130.36000061035156,126.63999938964844,126.97000122070312,16546100
JPM,2022-11-03,126.30999755859375,128.17999267578125,125.91000366210938,127.19999694824219,12474400
JPM,2022-11-04,129.49000549316406,130.8300018310547,128.4600067138672,130.67999267578125,14953200
JPM,2022-11-07,131.0,132.2899932861328,130.47999572753906,131.3699951171875,12011200
JPM,2022-11-08,131.24000549316406,132.05999755859375,130.13999938964844,131.4499969482422,9884100
JPM,2022-11-09,131.32000732421875,131.42999267578125,129.22000122070312,129.74000549316406,9494000
JPM,2022-11-10,132.6300048828125,135.25,132.52999877929688,135.0800018310547,16351600
JPM,2022-11-11,135.19000244140625,136.1699981689453,133.77999877929688,135.3000030517578,10704700
JPM,2022-11-14,134.8000030517578,135.72999572753906,133.91000366210938,133.91000366210938,11085600
JPM,2022-11-15,134.67999267578125,135.7100067138672,131.60000610351562,132.94000244140625,14038300
JPM,2022-11-16,133.0,133.55999755859375,132.02999877929688,133.1199951171875,7893400
JPM,2022-11-17,132.0,132.88999938964844,131.27999877929688,132.5399932861328,8820200
JPM,2022-11-18,134.57000732421875,134.6699981689453,132.27999877929688,133.83999633789062,9468500
JPM,2022-11-21,133.74000549316406,134.55999755859375,132.75,133.0500030517578,7800500
JPM,2022-11-22,134.0,135.27000427246094,133.69000244140625,135.0399932861328,9185700
JPM,2022-11-23,134.94000244140625,136.5,134.86000061035156,136.47999572753906,7316200
JPM,2022-11-25,136.47999572753906,137.13999938964844,136.05999755859375,136.74000549316406,3220500
JPM,2022-11-28,136.07000732421875,136.7100067138672,134.19000244140625,134.35000610351562,9906900
JPM,2022-11-29,134.66000366210938,136.63999938964844,134.41000366210938,136.55999755859375,7925300
JPM,2022-11-30,136.08999633789062,138.17999267578125,133.19000244140625,138.17999267578125,14761200
JPM,2022-12-01,138.17999267578125,138.66000366210938,135.42999267578125,136.24000549316406,8858500
JPM,2022-12-02,134.49000549316406,135.35000610351562,133.33999633789062,135.16000366210938,8931900
JPM,2022-12-05,134.24000549316406,134.57000732421875,130.60000610351562,131.3699951171875,10154500
JPM,2022-12-06,133.38999938964844,135.11000061035156,129.8699951171875,131.58999633789062,13966700
JPM,2022-12-07,131.30999755859375,133.0800018310547,130.3300018310547,131.5,11739400
JPM,2022-12-08,132.3300018310547,132.97999572753906,131.42999267578125,132.8800048828125,8907300
JPM,2022-12-09,132.1999969482422,133.75999450683594,132.0,132.16000366210938,7957800
JPM,2022-12-12,132.39999389648438,134.64999389648438,131.60000610351562,134.2100067138672,8841600
JPM,2022-12-13,136.88999938964844,137.08999633789062,133.0800018310547,134.0800018310547,10025400
JPM,2022-12-14,133.77999877929688,135.7100067138672,132.75999450683594,133.41000366210938,9966100
JPM,2022-12-15,131.14999389648438,132.0800018310547,129.0500030517578,130.10000610351562,12087800
JPM,2022-12-16,129.14999389648438,129.89999389648438,128.42999267578125,129.2899932861328,21133700
JPM,2022-12-19,129.64999389648438,131.3300018310547,129.08999633789062,130.05999755859375,9017200
JPM,2022-12-20,130.97000122070312,132.0500030517578,130.1999969482422,130.69000244140625,8549900
JPM,2022-12-21,132.17999267578125,132.97999572753906,131.77000427246094,132.16000366210938,8051700
JPM,2022-12-22,131.10000610351562,131.3000030517578,128.41000366210938,130.66000366210938,8648200
JPM,2022-12-23,130.5800018310547,131.44000244140625,129.63999938964844,131.27999877929688,5091900
JPM,2022-12-27,131.57000732421875,132.22000122070312,130.5500030517578,131.74000549316406,5411000
JPM,2022-12-28,131.85000610351562,133.41000366210938,131.00999450683594,132.4600067138672,8827700
JPM,2022-12-29,132.92999267578125,133.27000427246094,132.30999755859375,133.22000122070312,6585200
JPM,2022-12-30,132.80999755859375,134.3300018310547,132.44000244140625,134.10000610351562,9292500
JPM,2023-01-03,135.24000549316406,136.74000549316406,133.88999938964844,135.1199951171875,11054800
JPM,2023-01-04,135.99000549316406,137.67999267578125,135.57000732421875,136.3800048828125,11687600
JPM,2023-01-05,135.66000366210938,135.7100067138672,133.6999969482422,135.35000610351562,8381300
JPM,2023-01-06,136.1300048828125,138.3800048828125,134.49000549316406,137.94000244140625,10029100
JPM,2023-01-09,138.60000610351562,138.8800048828125,136.8800048828125,137.3699951171875,8482300
JPM,2023-01-10,137.7899932861328,138.72000122070312,137.30999755859375,138.60000610351562,9048700
JPM,2023-01-11,138.89999389648438,139.75,138.10000610351562,139.6300048828125,8703700
JPM,2023-01-12,140.0,140.86000061035156,139.22000122070312,139.49000549316406,11001700
JPM,2023-01-13,135.60000610351562,143.49000549316406,134.8000030517578,143.00999450683594,20200000
JPM,2023-01-17,141.1699981689453,141.5399932861328,139.22999572753906,140.8000030517578,14292900
JPM,2023-01-18,138.9199981689453,140.72999572753906,136.41000366210938,136.57000732421875,13392600
JPM,2023-01-19,135.32000732421875,135.89999389648438,133.58999633789062,134.75,13303400
JPM,2023-01-20,135.16000366210938,135.49000549316406,133.5500030517578,135.0800018310547,13092500
JPM,2023-01-23,135.1199951171875,137.9600067138672,134.82000732421875,137.27000427246094,10487100
JPM,2023-01-24,136.4199981689453,140.2899932861328,135.0,138.4499969482422,6945000
JPM,2023-01-25,138.0500030517578,139.1199951171875,137.25,139.1199951171875,8967000
JPM,2023-01-26,139.4199981689453,140.05999755859375,138.36000061035156,139.97999572753906,7487600
JPM,2023-01-27,140.61000061035156,141.25999450683594,139.75,140.32000732421875,7489900
JPM,2023-01-30,139.22999572753906,140.08999633789062,138.91000366210938,139.1300048828125,6729300
JPM,2023-01-31,139.8800048828125,140.07000732421875,138.25,139.9600067138672,9188700
JPM,2023-02-01,138.2100067138672,140.8800048828125,138.1199951171875,139.58999633789062,8841800
JPM,2023-02-02,140.0,140.4600067138672,138.0,138.94000244140625,11822100
JPM,2023-02-03,138.17999267578125,142.3300018310547,138.1300048828125,141.08999633789062,11501200
JPM,2023-02-06,140.22999572753906,142.24000549316406,140.02999877929688,141.9199981689453,8406200
JPM,2023-02-07,141.3800048828125,144.33999633789062,141.17999267578125,143.64999389648438,10447900
JPM,2023-02-08,142.64999389648438,144.0399932861328,142.27999877929688,142.63999938964844,6958000
JPM,2023-02-09,143.1199951171875,143.33999633789062,139.8699951171875,140.4199981689453,6443100
JPM,2023-02-10,139.77999877929688,141.27999877929688,138.58999633789062,141.0399932861328,6582900
JPM,2023-02-13,141.3000030517578,142.72999572753906,140.74000549316406,142.57000732421875,7134600
JPM,2023-02-14,142.5,143.80999755859375,141.60000610351562,143.1999969482422,9249400
JPM,2023-02-15,141.61000061035156,143.88999938964844,141.3000030517578,143.8000030517578,6728300
JPM,2023-02-16,142.91000366210938,143.38999938964844,141.67999267578125,141.82000732421875,8165300
JPM,2023-02-17,140.97999572753906,142.8300018310547,140.07000732421875,142.24000549316406,7948800
JPM,2023-02-21,140.69000244140625,141.33999633789062,138.75,139.6300048828125,9996300
JPM,2023-02-22,138.9199981689453,139.42999267578125,137.44000244140625,138.55999755859375,11107500
JPM,2023-02-23,138.72999572753906,140.1699981689453,137.94000244140625,139.6699981689453,8068000
JPM,2023-02-24,139.11000061035156,141.36000061035156,138.92999267578125,140.92999267578125,9126900
JPM,2023-02-27,142.11000061035156,143.30999755859375,141.72000122070312,142.16000366210938,10014700
JPM,2023-02-28,142.94000244140625,143.75999450683594,141.89999389648438,143.35000610351562,11019800
JPM,2023-03-01,142.10000610351562,143.4600067138672,141.8000030517578,142.5500030517578,7139200
JPM,2023-03-02,142.24000549316406,142.42999267578125,139.5399932861328,141.07000732421875,11106800
JPM,2023-03-03,141.50999450683594,143.74000549316406,141.0800018310547,143.66000366210938,9513100
JPM,2023-03-06,143.44000244140625,144.0399932861328,142.66000366210938,142.82000732421875,9261300
JPM,2023-03-07,142.00999450683594,142.30999755859375,137.80999755859375,138.6199951171875,11747600
JPM,2023-03-08,138.0,138.58999633789062,136.88999938964844,137.8000030517578,10002500
JPM,2023-03-09,136.75999450683594,137.35000610351562,129.22000122070312,130.33999633789062,25888100
JPM,2023-03-10,128.9600067138672,135.25999450683594,127.81999969482422,133.64999389648438,37599700
JPM,2023-03-13,131.2100067138672,133.8800048828125,129.41000366210938,131.25,42901100
JPM,2023-03-14,135.27999877929688,135.52999877929688,131.2899932861328,134.6199951171875,29648100
JPM,2023-03-15,130.97999572753906,130.99000549316406,126.7300033569336,128.25999450683594,34280600
JPM,2023-03-16,128.00999450683594,131.9499969482422,126.0199966430664,130.75,24558500
JPM,2023-03-17,128.3800048828125,128.47999572753906,125.44999694824219,125.80999755859375,38396000
JPM,2023-03-20,126.98999786376953,129.47000122070312,126.01000213623047,127.13999938964844,22875500
JPM,2023-03-21,130.58999633789062,131.72999572753906,130.19000244140625,130.5500030517578,17807800
JPM,2023-03-22,130.55999755859375,130.66000366210938,127.08000183105469,127.18000030517578,17250200
JPM,2023-03-23,127.9000015258789,129.52999877929688,126.0199966430664,126.83999633789062,16677600
JPM,2023-03-24,125.62999725341797,125.68000030517578,123.11000061035156,124.91000366210938,22311100
JPM,2023-03-27,126.79000091552734,129.3800048828125,126.29000091552734,128.49000549316406,18853900
JPM,2023-03-28,128.7100067138672,129.33999633789062,127.73999786376953,128.8800048828125,10820500
JPM,2023-03-29,130.10000610351562,130.22000122070312,127.7699966430664,129.13999938964844,14595300
JPM,2023-03-30,129.9499969482422,130.1199951171875,127.6500015258789,128.75,12134700
JPM,2023-03-31,129.66000366210938,130.33999633789062,128.85000610351562,130.30999755859375,13105200
JPM,2023-04-03,129.91000366210938,131.44000244140625,129.41000366210938,130.16000366210938,11775400
JPM,2023-04-04,130.5,130.58999633789062,127.41000366210938,128.4199981689453,11579900
JPM,2023-04-05,126.80000305175781,128.14999389648438,126.45999908447266,127.61000061035156,9614700
JPM,2023-04-06,127.0,128.0800018310547,126.86000061035156,127.47000122070312,8760200
JPM,2023-04-10,126.54000091552734,128.22999572753906,126.22000122070312,127.88999938964844,9477300
JPM,2023-04-11,128.3000030517578,128.94000244140625,127.54000091552734,128.52000427246094,10516300
JPM,2023-04-12,129.17999267578125,130.42999267578125,128.05999755859375,128.5,11821000
JPM,2023-04-13,128.4600067138672,129.0399932861328,126.83000183105469,128.99000549316406,12450200
JPM,2023-04-14,135.14999389648438,139.1199951171875,134.89999389648438,138.72999572753906,43931300
JPM,2023-04-17,139.9499969482422,140.05999755859375,137.66000366210938,139.8300018310547,16050500
JPM,2023-04-18,140.27000427246094,141.77999877929688,139.02999877929688,141.39999389648438,13760100
JPM,2023-04-19,141.22999572753906,141.5,140.39999389648438,141.22000122070312,9158100
JPM,2023-04-20,139.91000366210938,141.42999267578125,139.83999633789062,140.80999755859375,10586200
JPM,2023-04-21,139.74000549316406,141.11000061035156,138.77999877929688,140.5399932861328,11842500
JPM,2023-04-24,140.4600067138672,141.10000610351562,140.0399932861328,140.72999572753906,7567500
JPM,2023-04-25,139.60000610351562,139.9600067138672,137.6300048828125,137.6699981689453,10629300
JPM,2023-04-26,137.6199951171875,137.80999755859375,134.0,135.22999572753906,14416100
JPM,2023-04-27,136.0,137.91000366210938,135.66000366210938,137.0500030517578,9041100
JPM,2023-04-28,136.55999755859375,138.32000732421875,135.6699981689453,138.24000549316406,9887300
JPM,2023-05-01,142.25999450683594,143.3699951171875,140.8300018310547,141.1999969482422,20415800
JPM,2023-05-02,141.39999389648438,142.41000366210938,138.42999267578125,138.9199981689453,14113400
JPM,2023-05-03,138.44000244140625,138.6699981689453,135.75999450683594,135.97999572753906,12930900
JPM,2023-05-04,134.9600067138672,135.72000122070312,131.80999755859375,134.1199951171875,17089200
JPM,2023-05-05,136.44000244140625,137.8800048828125,135.91000366210938,136.74000549316406,11261400
JPM,2023-05-08,137.49000549316406,137.97000122070312,136.47999572753906,137.07000732421875,7484900
JPM,2023-05-09,135.92999267578125,136.9499969482422,135.2100067138672,136.41000366210938,7343600
JPM,2023-05-10,137.9499969482422,138.05999755859375,134.8699951171875,136.47999572753906,8133400
JPM,2023-05-11,135.0,136.80999755859375,134.89999389648438,136.0500030517578,7057300
JPM,2023-05-12,136.82000732421875,136.99000549316406,133.1300048828125,134.10000610351562,9988600
JPM,2023-05-15,134.27000427246094,135.6699981689453,133.9600067138672,135.22999572753906,7639500
JPM,2023-05-16,135.4600067138672,135.94000244140625,133.9600067138672,134.32000732421875,6477200
JPM,2023-05-17,135.89999389648438,138.58999633789062,135.4600067138672,138.4499969482422,12711500
JPM,2023-05-18,138.27000427246094,139.72999572753906,137.75999450683594,139.5,10999600
JPM,2023-05-19,139.7899932861328,140.49000549316406,138.1300048828125,139.17999267578125,13492200
JPM,2023-05-22,141.0,141.63999938964844,137.66000366210938,138.02999877929688,11402500
JPM,2023-05-23,137.5399932861328,139.02999877929688,136.4600067138672,136.58999633789062,9514900
JPM,2023-05-24,135.39999389648438,136.35000610351562,135.0800018310547,135.33999633789062,8578000
JPM,2023-05-25,134.82000732421875,136.27000427246094,134.5800018310547,135.6699981689453,8472500
JPM,2023-05-26,136.11000061035156,137.60000610351562,135.6300048828125,136.94000244140625,8579900
JPM,2023-05-30,136.8000030517578,137.72000122070312,136.02000427246094,137.4600067138672,7399900
JPM,2023-05-31,136.72999572753906,136.83999633789062,134.39999389648438,135.7100067138672,14219900
JPM,2023-06-01,136.52000427246094,138.22999572753906,135.4499969482422,137.5800018310547,12248100
JPM,2023-06-02,139.55999755859375,141.47999572753906,139.33999633789062,140.47000122070312,12922500
JPM,2023-06-05,140.11000061035156,140.11000061035156,138.1300048828125,139.08999633789062,8511900
JPM,2023-06-06,138.67999267578125,140.10000610351562,138.2100067138672,139.33999633789062,9329500
JPM,2023-06-07,139.5500030517578,141.27000427246094,138.8300018310547,140.69000244140625,9281400
JPM,2023-06-08,140.6699981689453,140.88999938964844,139.47999572753906,140.72999572753906,7368100
JPM,2023-06-09,140.35000610351562,141.8000030517578,140.2100067138672,141.00999450683594,7249100
JPM,2023-06-12,141.07000732421875,141.32000732421875,139.75999450683594,141.0,7596600
JPM,2023-06-13,140.47999572753906,142.8699951171875,140.13999938964844,142.02000427246094,7701600
JPM,2023-06-14,143.0,143.61000061035156,140.6999969482422,141.49000549316406,9068700
JPM,2023-06-15,140.58999633789062,143.39999389648438,140.02999877929688,143.08999633789062,9343100
JPM,2023-06-16,143.0500030517578,143.97000122070312,142.5,143.25999450683594,13813500
JPM,2023-06-20,142.61000061035156,143.0,141.0399932861328,142.52999877929688,8428600
JPM,2023-06-21,142.89999389648438,144.02000427246094,141.69000244140625,142.32000732421875,9926500
JPM,2023-06-22,142.30999755859375,142.60000610351562,138.9499969482422,139.5800018310547,10075200
JPM,2023-06-23,138.5399932861328,139.17999267578125,137.6199951171875,138.85000610351562,9919500
JPM,2023-06-26,138.8699951171875,140.00999450683594,137.69000244140625,139.19000244140625,8429700
JPM,2023-06-27,139.0,139.83999633789062,138.5399932861328,139.1999969482422,8154000
JPM,2023-06-28,139.16000366210938,139.2100067138672,137.9600067138672,138.58999633789062,7558600
JPM,2023-06-29,140.07000732421875,143.55999755859375,139.85000610351562,143.42999267578125,15423200
JPM,2023-06-30,144.60000610351562,146.0,143.66000366210938,145.44000244140625,14212800
JPM,2023-07-03,146.19000244140625,147.47999572753906,146.0,146.61000061035156,8021600
JPM,2023-07-05,144.94000244140625,145.42999267578125,144.36000061035156,144.63999938964844,8934900
JPM,2023-07-06,143.02000427246094,143.38999938964844,141.44000244140625,143.2100067138672,9709500
JPM,2023-07-07,143.91000366210938,145.83999633789062,143.0,144.33999633789062,8981500
JPM,2023-07-10,144.5,145.99000549316406,144.5,145.14999389648438,9100100
JPM,2023-07-11,146.33999633789062,147.82000732421875,145.7100067138672,147.4199981689453,11260900
JPM,2023-07-12,147.4499969482422,149.8699951171875,147.0,148.14999389648438,11323200
JPM,2023-07-13,148.6999969482422,149.3699951171875,147.75,148.8699951171875,11234900
JPM,2023-07-14,151.5500030517578,152.88999938964844,148.41000366210938,149.77000427246094,27028400
JPM,2023-07-17,150.35000610351562,153.75,150.35000610351562,153.3800048828125,17262400
JPM,2023-07-18,153.3800048828125,154.39999389648438,152.82000732421875,153.66000366210938,13491700
JPM,2023-07-19,152.75,155.2100067138672,152.22000122070312,154.25,12510000
JPM,2023-07-20,154.52999877929688,156.58999633789062,154.41000366210938,156.14999389648438,9935900
JPM,2023-07-21,155.8000030517578,156.13999938964844,154.69000244140625,154.9499969482422,10636400
JPM,2023-07-24,154.97000122070312,158.7899932861328,154.72999572753906,158.0,14381400
JPM,2023-07-25,157.3000030517578,157.72000122070312,155.9600067138672,156.82000732421875,9944700
JPM,2023-07-26,156.7100067138672,158.25,156.27999877929688,157.75999450683594,8728600
JPM,2023-07-27,157.77000427246094,158.77999877929688,155.5500030517578,156.02000427246094,10778400
JPM,2023-07-28,157.27999877929688,157.60000610351562,156.44000244140625,156.91000366210938,9103800
JPM,2023-07-31,157.17999267578125,159.3800048828125,157.14999389648438,157.9600067138672,8892700
JPM,2023-08-01,157.42999267578125,158.0,156.14999389648438,157.17999267578125,6853900
JPM,2023-08-02,155.55999755859375,155.69000244140625,153.94000244140625,155.39999389648438,8299400
JPM,2023-08-03,155.0,156.9199981689453,154.35000610351562,156.35000610351562,6084000
JPM,2023-08-04,156.39999389648438,157.8000030517578,155.6999969482422,156.02000427246094,6209400
JPM,2023-08-07,156.60000610351562,157.6999969482422,156.60000610351562,156.75999450683594,7251800
JPM,2023-08-08,154.32000732421875,155.97999572753906,152.58999633789062,155.8800048828125,8623400
JPM,2023-08-09,155.32000732421875,155.52000427246094,153.47000122070312,153.7899932861328,6277800
JPM,2023-08-10,154.3800048828125,155.44000244140625,153.08999633789062,153.55999755859375,5995100
JPM,2023-08-11,153.02999877929688,154.52000427246094,152.6300048828125,154.4499969482422,5180700
JPM,2023-08-14,153.61000061035156,154.9199981689453,152.9199981689453,154.77000427246094,5044300
JPM,2023-08-15,152.85000610351562,153.27000427246094,150.22999572753906,150.8300018310547,10300300
JPM,2023-08-16,150.60000610351562,150.9600067138672,149.67999267578125,150.19000244140625,6978200
JPM,2023-08-17,150.8800048828125,151.25999450683594,148.39999389648438,148.6300048828125,9953900
JPM,2023-08-18,147.64999389648438,149.5,147.44000244140625,148.97000122070312,8517500
JPM,2023-08-21,149.64999389648438,150.10000610351562,148.02000427246094,149.47999572753906,8327000
JPM,2023-08-22,149.25999450683594,149.63999938964844,145.85000610351562,146.3800048828125,9673300
JPM,2023-08-23,146.35000610351562,147.58999633789062,145.4600067138672,147.3699951171875,7858000
JPM,2023-08-24,147.5,149.41000366210938,146.99000549316406,147.22999572753906,6534000
JPM,2023-08-25,147.27999877929688,148.6199951171875,145.85000610351562,147.0500030517578,6695500
JPM,2023-08-28,147.57000732421875,148.61000061035156,147.1300048828125,147.55999755859375,5094100
JPM,2023-08-29,147.7100067138672,148.85000610351562,147.17999267578125,148.75999450683594,6337000
JPM,2023-08-30,148.6199951171875,149.14999389648438,147.19000244140625,148.16000366210938,6277300
JPM,2023-08-31,148.25999450683594,148.35000610351562,145.9600067138672,146.3300018310547,10933900
JPM,2023-09-01,146.08999633789062,148.0800018310547,145.6999969482422,146.82000732421875,7903500
JPM,2023-09-05,147.16000366210938,148.2100067138672,145.00999450683594,145.1999969482422,7854700
JPM,2023-09-06,144.6999969482422,145.5399932861328,144.11000061035156,144.9600067138672,8629200
JPM,2023-09-07,144.1300048828125,145.27000427246094,143.38999938964844,143.72000122070312,8373700
JPM,2023-09-08,143.3699951171875,144.1199951171875,142.64999389648438,143.8300018310547,7107900
JPM,2023-09-11,144.75,145.0500030517578,143.69000244140625,144.4600067138672,6854200
JPM,2023-09-12,144.5,147.32000732421875,144.0500030517578,146.33999633789062,8363200
JPM,2023-09-13,147.33999633789062,147.6999969482422,145.82000732421875,146.41000366210938,8325900
JPM,2023-09-14,147.83999633789062,149.89999389648438,147.52000427246094,149.25,10034900
JPM,2023-09-15,148.9199981689453,149.72999572753906,148.30999755859375,148.80999755859375,19863400
JPM,2023-09-18,148.16000366210938,149.13999938964844,147.75,149.1199951171875,6512400
JPM,2023-09-19,149.5,149.72000122070312,147.2100067138672,148.92999267578125,7943400
JPM,2023-09-20,149.64999389648438,150.25,148.13999938964844,148.3000030517578,7332000
JPM,2023-09-21,147.5800018310547,148.85000610351562,146.6300048828125,147.13999938964844,8052400
JPM,2023-09-22,147.2899932861328,147.50999450683594,145.19000244140625,145.72999572753906,7071700
JPM,2023-09-25,145.35000610351562,146.52000427246094,143.6999969482422,146.4499969482422,7044700
JPM,2023-09-26,144.60000610351562,145.83999633789062,144.22999572753906,144.92999267578125,7468400
JPM,2023-09-27,145.19000244140625,146.08999633789062,144.50999450683594,145.77999877929688,6717800
JPM,2023-09-28,146.27999877929688,148.8699951171875,146.00999450683594,147.58999633789062,8868100
JPM,2023-09-29,148.60000610351562,148.75999450683594,144.86000061035156,145.02000427246094,11917800
JPM,2023-10-02,144.8300018310547,145.6199951171875,142.6300048828125,143.77000427246094,9170600
JPM,2023-10-03,143.1999969482422,143.58999633789062,142.35000610351562,142.7100067138672,9431100
JPM,2023-10-04,143.19000244140625,143.47000122070312,141.92999267578125,143.35000610351562,8128700
JPM,2023-10-05,142.0399932861328,143.10000610351562,140.8300018310547,142.89999389648438,8576200
JPM,2023-10-06,142.91000366210938,145.8800048828125,142.13999938964844,145.10000610351562,10270600
JPM,2023-10-09,143.66000366210938,145.39999389648438,143.5,144.77000427246094,6964900
JPM,2023-10-10,145.4199981689453,146.77000427246094,145.27999877929688,145.64999389648438,11288800
JPM,2023-10-11,146.50999450683594,147.22999572753906,145.02000427246094,146.14999389648438,8698200
JPM,2023-10-12,146.3000030517578,146.9600067138672,145.1300048828125,145.80999755859375,10484400
JPM,2023-10-13,148.5,153.11000061035156,147.83999633789062,148.0,29427000
JPM,2023-10-16,149.4499969482422,149.52000427246094,146.72000122070312,147.85000610351562,12663500
JPM,2023-10-17,147.57000732421875,149.30999755859375,146.7899932861328,147.52999877929688,11482700
JPM,2023-10-18,146.58999633789062,147.47999572753906,145.3699951171875,145.91000366210938,9620300
JPM,2023-10-19,145.47999572753906,147.02000427246094,144.8800048828125,145.2899932861328,11143600
JPM,2023-10-20,144.57000732421875,145.13999938964844,142.1199951171875,142.9499969482422,13332900
JPM,2023-10-23,142.94000244140625,143.67999267578125,140.72999572753906,141.0,10133400
JPM,2023-10-24,141.19000244140625,141.72999572753906,140.36000061035156,141.1699981689453,8881400
JPM,2023-10-25,140.57000732421875,141.17999267578125,139.50999450683594,140.39999389648438,8242600
JPM,2023-10-26,139.75999450683594,141.6699981689453,139.42999267578125,140.75999450683594,9109400
JPM,2023-10-27,138.9499969482422,139.10000610351562,135.19000244140625,135.69000244140625,17434700
JPM,2023-10-30,136.44000244140625,138.0399932861328,136.0399932861328,137.4199981689453,9855500
JPM,2023-10-31,137.7100067138672,139.24000549316406,137.47000122070312,139.05999755859375,9672500
JPM,2023-11-01,139.25,140.52999877929688,138.47000122070312,138.94000244140625,9432000
JPM,2023-11-02,140.08999633789062,141.47999572753906,139.22999572753906,141.4199981689453,10186200
JPM,2023-11-03,142.19000244140625,143.77000427246094,141.85000610351562,143.0,9538700
JPM,2023-11-06,143.1699981689453,144.19000244140625,142.7899932861328,144.0800018310547,7625100
JPM,2023-11-07,143.50999450683594,144.25999450683594,142.82000732421875,144.00999450683594,6297900
JPM,2023-11-08,144.11000061035156,144.83999633789062,143.6199951171875,144.72000122070312,7618200
JPM,2023-11-09,145.44000244140625,145.64999389648438,143.6999969482422,144.2899932861328,7992500
JPM,2023-11-10,144.94000244140625,146.47999572753906,144.0800018310547,146.42999267578125,7983300
JPM,2023-11-13,145.6999969482422,146.25,145.16000366210938,145.77999877929688,6676300
JPM,2023-11-14,146.67999267578125,149.25,146.52000427246094,148.44000244140625,9927700
JPM,2023-11-15,148.4600067138672,150.16000366210938,148.4600067138672,149.74000549316406,8365300
JPM,2023-11-16,150.08999633789062,151.52999877929688,150.08999633789062,151.4499969482422,8126200
JPM,2023-11-17,152.1999969482422,152.86000061035156,151.5399932861328,152.82000732421875,7812400
JPM,2023-11-20,152.0800018310547,153.75,151.9199981689453,153.2899932861328,7019000
JPM,2023-11-21,153.1999969482422,153.6300048828125,152.57000732421875,152.97000122070312,7083500
JPM,2023-11-22,153.41000366210938,153.8800048828125,152.89999389648438,153.3300018310547,5174500
JPM,2023-11-24,153.58999633789062,154.44000244140625,153.27999877929688,153.5399932861328,3496900
JPM,2023-11-27,153.42999267578125,153.52999877929688,152.7100067138672,153.19000244140625,6259100
JPM,2023-11-28,153.22000122070312,153.8699951171875,152.72000122070312,153.5399932861328,6582700
JPM,2023-11-29,154.1699981689453,155.6300048828125,154.0,154.32000732421875,9126100
JPM,2023-11-30,154.91000366210938,156.1300048828125,154.3800048828125,156.0800018310547,9869800
JPM,2023-12-01,155.82000732421875,157.86000061035156,155.82000732421875,156.83999633789062,8916000
JPM,2023-12-04,156.02000427246094,158.0500030517578,155.8800048828125,157.99000549316406,9607500
JPM,2023-12-05,157.25999450683594,158.5,156.97000122070312,157.97000122070312,9135600
JPM,2023-12-06,158.83999633789062,159.22000122070312,156.0,156.30999755859375,9366000
JPM,2023-12-07,156.69000244140625,157.30999755859375,156.14999389648438,156.7899932861328,8130900
JPM,2023-12-08,157.25999450683594,158.77999877929688,156.97999572753906,158.52000427246094,7369400
JPM,2023-12-11,158.52000427246094,159.3000030517578,158.14999389648438,159.10000610351562,8093900
JPM,2023-12-12,159.22999572753906,160.64999389648438,158.8800048828125,160.52000427246094,10223000
JPM,2023-12-13,160.52000427246094,162.02999877929688,159.77000427246094,161.05999755859375,12379100
JPM,2023-12-14,161.8300018310547,164.83999633789062,161.7100067138672,163.99000549316406,13643000
JPM,2023-12-15,163.0800018310547,165.27999877929688,162.38999938964844,165.22999572753906,20309300
JPM,2023-12-18,165.9199981689453,167.1300048828125,165.6300048828125,166.22999572753906,8469600
JPM,2023-12-19,166.0,168.47000122070312,165.5500030517578,168.4499969482422,10345700
JPM,2023-12-20,167.99000549316406,169.41000366210938,166.4499969482422,166.5500030517578,10734700
JPM,2023-12-21,166.83999633789062,168.08999633789062,165.67999267578125,167.5,7601700
JPM,2023-12-22,167.5,168.22999572753906,167.22999572753906,167.39999389648438,6576300
JPM,2023-12-26,167.4600067138672,168.77000427246094,167.17999267578125,168.38999938964844,4683600
JPM,2023-12-27,167.83999633789062,169.47000122070312,167.5800018310547,169.39999389648438,6428600
JPM,2023-12-28,169.35000610351562,170.66000366210938,169.0,170.3000030517578,6320100
JPM,2023-12-29,170.0,170.69000244140625,169.6300048828125,170.10000610351562,6435100
JPM,2024-01-02,169.08999633789062,172.1699981689453,168.91000366210938,172.0800018310547,9977400
JPM,2024-01-03,171.86000061035156,172.0399932861328,170.3699951171875,171.3300018310547,9852300
JPM,2024-01-04,170.63999938964844,173.35000610351562,170.5399932861328,171.41000366210938,11972500
JPM,2024-01-05,171.47000122070312,173.3800048828125,171.47000122070312,172.27000427246094,10066000
JPM,2024-01-08,172.02000427246094,172.36000061035156,169.49000549316406,172.02000427246094,11229900
JPM,2024-01-09,171.6199951171875,171.7899932861328,170.10000610351562,170.66000366210938,9923600
JPM,2024-01-10,170.0,171.0800018310547,168.9499969482422,171.02000427246094,9670200
JPM,2024-01-11,170.3300018310547,170.36000061035156,168.63999938964844,170.3000030517578,11919500
JPM,2024-01-12,173.8000030517578,176.30999755859375,168.89999389648438,169.0500030517578,19436500
JPM,2024-01-16,164.8699951171875,168.08999633789062,164.3000030517578,167.99000549316406,17206400
JPM,2024-01-17,167.33999633789062,169.07000732421875,166.49000549316406,167.08999633789062,11107500
JPM,2024-01-18,167.1199951171875,167.52999877929688,165.24000549316406,167.4199981689453,9382300
JPM,2024-01-19,167.5500030517578,170.57000732421875,167.0800018310547,170.30999755859375,13115700
JPM,2024-01-22,170.4600067138672,171.97999572753906,169.7100067138672,170.11000061035156,12837500
JPM,2024-01-23,169.6699981689453,169.75,168.44000244140625,168.99000549316406,8360800
JPM,2024-01-24,169.36000061035156,171.00999450683594,168.86000061035156,170.5,9967100
JPM,2024-01-25,172.30999755859375,172.99000549316406,170.91000366210938,172.94000244140625,8873500
JPM,2024-01-26,172.61000061035156,173.05999755859375,171.77999877929688,172.27999877929688,7443000
JPM,2024-01-29,172.24000549316406,172.83999633789062,171.3000030517578,172.72999572753906,6971200
JPM,2024-01-30,172.8300018310547,176.75999450683594,172.8300018310547,176.27000427246094,10822100
JPM,2024-01-31,176.1999969482422,178.3000030517578,174.33999633789062,174.36000061035156,11521800
JPM,2024-02-01,173.63999938964844,174.83999633789062,171.42999267578125,173.72999572753906,9354800
JPM,2024-02-02,173.3000030517578,175.82000732421875,173.25999450683594,174.72999572753906,8607600
JPM,2024-02-05,173.86000061035156,175.08999633789062,172.9199981689453,174.5,7820200
JPM,2024-02-06,174.61000061035156,175.8699951171875,173.75999450683594,175.10000610351562,6764800
JPM,2024-02-07,175.69000244140625,175.8699951171875,173.9600067138672,175.42999267578125,7225500
JPM,2024-02-08,175.0,175.30999755859375,173.57000732421875,174.8000030517578,6060300
JPM,2024-02-09,175.0,175.10000610351562,173.6699981689453,175.00999450683594,6296700
JPM,2024-02-12,174.77999877929688,176.80999755859375,173.6999969482422,175.7899932861328,8539300
JPM,2024-02-13,175.32000732421875,176.22999572753906,172.6199951171875,174.25999450683594,8397600
JPM,2024-02-14,175.07000732421875,176.10000610351562,174.4199981689453,176.02999877929688,7056700
JPM,2024-02-15,176.14999389648438,180.2100067138672,176.14999389648438,179.8699951171875,8723400
JPM,2024-02-16,179.61000061035156,179.97999572753906,178.16000366210938,179.02999877929688,8152600
JPM,2024-02-20,179.19000244140625,180.4600067138672,178.41000366210938,179.72999572753906,9668000
JPM,2024-02-21,179.9499969482422,180.99000549316406,178.52000427246094,180.89999389648438,7024000
JPM,2024-02-22,181.82000732421875,183.4199981689453,181.24000549316406,183.07000732421875,9296500
JPM,2024-02-23,183.80999755859375,185.1999969482422,183.19000244140625,183.99000549316406,7105800
JPM,2024-02-26,183.75,184.4600067138672,182.47999572753906,183.36000061035156,7145400
JPM,2024-02-27,183.30999755859375,183.5399932861328,182.24000549316406,183.4499969482422,5717100
JPM,2024-02-28,183.42999267578125,185.1999969482422,182.9600067138672,184.3800048828125,6131600
JPM,2024-02-29,185.66000366210938,186.42999267578125,183.85000610351562,186.05999755859375,9643000
JPM,2024-03-01,185.6999969482422,186.44000244140625,185.10000610351562,185.2899932861328,6311800
JPM,2024-03-04,184.7100067138672,187.58999633789062,184.27000427246094,186.67999267578125,7063600
JPM,2024-03-05,186.36000061035156,189.3000030517578,186.36000061035156,188.5500030517578,6617800
JPM,2024-03-06,189.25,190.07000732421875,187.6300048828125,189.52999877929688,7572900
JPM,2024-03-07,189.91000366210938,190.5,186.6300048828125,187.8699951171875,7618300
JPM,2024-03-08,188.44000244140625,190.4600067138672,187.9199981689453,188.22000122070312,6172200
JPM,2024-03-11,187.27999877929688,188.44000244140625,186.22000122070312,188.2899932861328,5762600
JPM,2024-03-12,188.9499969482422,190.16000366210938,187.91000366210938,189.83999633789062,5708400
JPM,2024-03-13,190.36000061035156,191.72999572753906,189.83999633789062,191.3800048828125,7795500
JPM,2024-03-14,191.02999877929688,191.6300048828125,187.10000610351562,187.97000122070312,10310900
JPM,2024-03-15,186.47999572753906,190.94000244140625,186.47999572753906,190.3000030517578,17214200
JPM,2024-03-18,190.6300048828125,192.6999969482422,189.88999938964844,192.66000366210938,9013800
JPM,2024-03-19,192.7100067138672,193.92999267578125,192.3800048828125,193.7899932861328,8478700
JPM,2024-03-20,194.19000244140625,196.55999755859375,193.61000061035156,196.3300018310547,9367000
JPM,2024-03-21,196.52000427246094,199.42999267578125,196.3300018310547,199.05999755859375,11203800
JPM,2024-03-22,199.00999450683594,200.47999572753906,196.5399932861328,196.6199951171875,8108800
JPM,2024-03-25,196.60000610351562,196.94000244140625,194.36000061035156,194.82000732421875,8620000
JPM,2024-03-26,194.58999633789062,196.66000366210938,194.05999755859375,195.72999572753906,5961500
JPM,2024-03-27,196.5,199.60000610351562,196.3800048828125,199.52000427246094,8725800
JPM,2024-03-28,199.49000549316406,200.72000122070312,198.5399932861328,200.3000030517578,8628300
TSLA,2022-01-03,382.5833435058594,400.3566589355469,378.67999267578125,399.9266662597656,103931400
TSLA,2022-01-04,396.51666259765625,402.6666564941406,374.3500061035156,383.1966552734375,100248300
TSLA,2022-01-05,382.2166748046875,390.11334228515625,360.336669921875,362.7066650390625,80119800
TSLA,2022-01-06,359.0,362.6666564941406,340.1666564941406,354.8999938964844,90336600
TSLA,2022-01-07,360.1233215332031,360.30999755859375,336.6666564941406,342.32000732421875,84164700
TSLA,2022-01-10,333.3333435058594,353.0333251953125,326.6666564941406,352.7066650390625,91815000
TSLA,2022-01-11,351.22332763671875,358.6166687011719,346.2733459472656,354.79998779296875,66063300
TSLA,2022-01-12,359.6166687011719,371.61334228515625,357.5299987792969,368.739990234375,83739000
TSLA,2022-01-13,369.69000244140625,371.8666687011719,342.17999267578125,343.85333251953125,97209900
TSLA,2022-01-14,339.9599914550781,350.6666564941406,337.7933349609375,349.8699951171875,72924300
TSLA,2022-01-18,342.2033386230469,356.92999267578125,338.6866760253906,343.5033264160156,66743400
TSLA,2022-01-19,347.2366638183594,351.5566711425781,331.6666564941406,331.8833312988281,75442500
TSLA,2022-01-20,336.57666015625,347.2200012207031,331.3333435058594,332.0899963378906,70488600
TSLA,2022-01-21,332.11334228515625,334.8500061035156,313.5,314.6333312988281,103416000
TSLA,2022-01-24,301.586669921875,311.1700134277344,283.8233337402344,310.0,151565700
TSLA,2022-01-25,304.73333740234375,317.086669921875,301.07000732421875,306.1333312988281,86595900
TSLA,2022-01-26,317.4766540527344,329.2300109863281,302.0,312.4700012207031,104867400
TSLA,2022-01-27,311.1199951171875,311.7966613769531,276.3333435058594,276.3666687011719,147109500
TSLA,2022-01-28,277.1866760253906,285.8333435058594,264.0033264160156,282.1166687011719,134789100
TSLA,2022-01-31,290.9033203125,312.663330078125,287.3500061035156,312.239990234375,104436000
TSLA,2022-02-01,311.7366638183594,314.5666809082031,301.6666564941406,310.4166564941406,73138200
TSLA,2022-02-02,309.3933410644531,310.5,296.4700012207031,301.88665771484375,66792900
TSLA,2022-02-03,294.0,312.3333435058594,293.50665283203125,297.0466613769531,78855600
TSLA,2022-02-04,299.0733337402344,312.1666564941406,293.72332763671875,307.7733459472656,73625400
TSLA,2022-02-07,307.92999267578125,315.92333984375,300.9033203125,302.4466552734375,60994500
TSLA,2022-02-08,301.84332275390625,308.7633361816406,298.26666259765625,307.3333435058594,50729100
TSLA,2022-02-09,311.6666564941406,315.42333984375,306.6666564941406,310.6666564941406,52259400
TSLA,2022-02-10,302.7900085449219,314.60333251953125,298.8999938964844,301.51666259765625,66126900
TSLA,2022-02-11,303.2099914550781,305.32000732421875,283.5666809082031,286.6666564941406,79645800
TSLA,2022-02-14,287.19000244140625,299.6266784667969,284.3833312988281,291.9200134277344,67756500
TSLA,2022-02-15,300.0,307.6666564941406,297.7933349609375,307.4766540527344,57286200
TSLA,2022-02-16,304.6833190917969,308.80999755859375,300.4033203125,307.7966613769531,51294300
TSLA,2022-02-17,304.4200134277344,306.1666564941406,291.3666687011719,292.1166687011719,55178400
TSLA,2022-02-18,295.3333435058594,295.6233215332031,279.2033386230469,285.6600036621094,68501700
TSLA,2022-02-22,278.0433349609375,285.57666015625,267.0333251953125,273.84332275390625,83288100
TSLA,2022-02-23,276.80999755859375,278.4333190917969,253.52000427246094,254.67999267578125,95256900
TSLA,2022-02-24,233.4633331298828,267.49334716796875,233.3333282470703,266.92333984375,135322200
TSLA,2022-02-25,269.74334716796875,273.1666564941406,260.79998779296875,269.9566650390625,76067700
TSLA,2022-02-28,271.6700134277344,292.28668212890625,271.57000732421875,290.1433410644531,99006900
TSLA,2022-03-01,289.8933410644531,296.6266784667969,284.59332275390625,288.1233215332031,74766900
TSLA,2022-03-02,290.7099914550781,295.49334716796875,281.42333984375,293.2966613769531,74643300
TSLA,2022-03-03,292.92333984375,295.4800109863281,277.5333251953125,279.7633361816406,61623600
TSLA,2022-03-04,283.0333251953125,285.2166748046875,275.0533447265625,279.42999267578125,66999600
TSLA,2022-03-07,285.4333190917969,288.71331787109375,268.19000244140625,268.1933288574219,72494100
TSLA,2022-03-08,265.1766662597656,283.3299865722656,260.72332763671875,274.79998779296875,80399100
TSLA,2022-03-09,279.82666015625,286.85333251953125,277.336669921875,286.3233337402344,59184000
TSLA,2022-03-10,283.8166809082031,284.8166809082031,270.1199951171875,279.4333190917969,58648500
TSLA,2022-03-11,280.0666809082031,281.26666259765625,264.5899963378906,265.1166687011719,67037100
TSLA,2022-03-14,260.2033386230469,266.8999938964844,252.01333618164062,255.4566650390625,71152200
TSLA,2022-03-15,258.42333984375,268.5233459472656,252.19000244140625,267.2966613769531,66841200
TSLA,2022-03-16,269.6666564941406,280.6666564941406,267.4200134277344,280.07666015625,84028800
TSLA,2022-03-17,276.9966735839844,291.6666564941406,275.239990234375,290.5333251953125,66582900
TSLA,2022-03-18,291.4966735839844,302.6166687011719,289.1300048828125,301.7966613769531,100414200
TSLA,2022-03-21,304.99334716796875,314.2833251953125,302.36334228515625,307.0533447265625,81981600
TSLA,2022-03-22,310.0,332.6199951171875,307.25,331.32666015625,105868500
TSLA,2022-03-23,326.64666748046875,346.8999938964844,325.4666748046875,333.03668212890625,120676200
TSLA,2022-03-24,336.57666015625,341.4966735839844,329.6000061035156,337.97332763671875,68920800
TSLA,2022-03-25,336.0,340.6000061035156,332.44000244140625,336.8800048828125,62031600
TSLA,2022-03-28,355.0333251953125,365.9599914550781,351.20001220703125,363.9466552734375,102506100
TSLA,2022-03-29,369.3299865722656,371.5899963378906,357.7033386230469,366.5233459472656,73614900
TSLA,2022-03-30,363.72332763671875,371.3166809082031,361.3333435058594,364.663330078125,59865000
TSLA,2022-03-31,364.8566589355469,367.71331787109375,358.8800048828125,359.20001220703125,48992700
TSLA,2022-04-01,360.3833312988281,364.9166564941406,355.5466613769531,361.5299987792969,54263100
TSLA,2022-04-04,363.1266784667969,383.3033447265625,357.510009765625,381.8166809082031,82035900
TSLA,2022-04-05,378.76666259765625,384.2900085449219,362.4333190917969,363.7533264160156,80075100
TSLA,2022-04-06,357.8233337402344,359.6666564941406,342.5666809082031,348.586669921875,89348400
TSLA,2022-04-07,350.7966613769531,358.86334228515625,340.5133361816406,352.4200134277344,79447200
TSLA,2022-04-08,347.7366638183594,349.4800109863281,340.8133239746094,341.8299865722656,55013700
TSLA,2022-04-11,326.79998779296875,336.15667724609375,324.8800048828125,325.30999755859375,59357100
TSLA,2022-04-12,332.5466613769531,340.39666748046875,325.5333251953125,328.98333740234375,65976000
TSLA,2022-04-13,327.02667236328125,342.0799865722656,324.3666687011719,340.7900085449219,55121100
TSLA,2022-04-14,333.0966796875,337.57000732421875,327.39666748046875,328.3333435058594,58422300
TSLA,2022-04-18,329.6766662597656,338.3066711425781,324.4700012207031,334.7633361816406,51715200
TSLA,2022-04-19,335.0199890136719,344.9800109863281,331.77667236328125,342.7166748046875,49847700
TSLA,2022-04-20,343.3333435058594,344.6666564941406,325.0833435058594,325.73333740234375,70711200
TSLA,2022-04-21,358.24334716796875,364.0733337402344,332.1400146484375,336.260009765625,105416400
TSLA,2022-04-22,338.3033447265625,344.95001220703125,331.3333435058594,335.01666259765625,69696600
TSLA,2022-04-25,326.3233337402344,336.2066650390625,325.1000061035156,332.67333984375,68341200
TSLA,2022-04-26,331.80999755859375,333.3333435058594,291.6666564941406,292.1400146484375,136133700
TSLA,2022-04-27,299.52667236328125,306.0,292.4533386230469,293.836669921875,76956300
TSLA,2022-04-28,299.99334716796875,300.0,273.8999938964844,292.5033264160156,124948500
TSLA,2022-04-29,300.75,311.4666748046875,290.0,290.2533264160156,88133100
TSLA,2022-05-02,286.92333984375,302.1199951171875,282.6766662597656,300.9800109863281,75781500
TSLA,2022-05-03,301.05999755859375,308.02667236328125,296.1966552734375,303.0833435058594,63709500
TSLA,2022-05-04,301.3133239746094,318.5,295.09332275390625,317.5400085449219,81643800
TSLA,2022-05-05,313.00665283203125,315.20001220703125,285.8999938964844,291.09332275390625,92519100
TSLA,2022-05-06,295.6666564941406,296.0,281.03668212890625,288.54998779296875,72903000
TSLA,2022-05-09,278.8166809082031,281.8766784667969,260.3833312988281,262.3699951171875,90810300
TSLA,2022-05-10,273.10333251953125,275.1199951171875,258.0833435058594,266.67999267578125,84401700
TSLA,2022-05-11,265.0,269.92333984375,242.39999389648438,244.6666717529297,97224600
TSLA,2022-05-12,233.6666717529297,253.22000122070312,226.6666717529297,242.6666717529297,140313000
TSLA,2022-05-13,257.82666015625,262.45001220703125,250.52333068847656,256.5299987792969,92150700
TSLA,2022-05-16,255.72000122070312,256.586669921875,239.69667053222656,241.4566650390625,86098500
TSLA,2022-05-17,249.1199951171875,254.82666015625,242.9499969482422,253.8699951171875,80236200
TSLA,2022-05-18,248.17333984375,253.5,233.60333251953125,236.60333251953125,87811800
TSLA,2022-05-19,235.6666717529297,244.6666717529297,231.3699951171875,236.47332763671875,90296700
TSLA,2022-05-20,237.99667358398438,240.52667236328125,211.0,221.3000030517578,144973200
TSLA,2022-05-23,218.33999633789062,226.65333557128906,212.68666076660156,224.96665954589844,88903500
TSLA,2022-05-24,217.8433380126953,217.97332763671875,206.85667419433594,209.3866729736328,89092500
TSLA,2022-05-25,207.9499969482422,223.10667419433594,207.6699981689453,219.60000610351562,92139300
TSLA,2022-05-26,220.47332763671875,239.55667114257812,217.8866729736328,235.91000366210938,106003200
TSLA,2022-05-27,241.0833282470703,253.26666259765625,240.17666625976562,253.2100067138672,89295000
TSLA,2022-05-31,257.9466552734375,259.6000061035156,244.7433319091797,252.75332641601562,101914500
TSLA,2022-06-01,251.72000122070312,257.32666015625,243.63999938964844,246.7899932861328,77247900
TSLA,2022-06-02,244.1566619873047,264.2099914550781,242.06666564941406,258.3333435058594,93473100
TSLA,2022-06-03,243.22666931152344,247.79666137695312,233.4166717529297,234.51666259765625,112393800
TSLA,2022-06-06,244.35333251953125,244.86666870117188,234.35000610351562,238.27999877929688,84204600
TSLA,2022-06-07,234.0,239.99667358398438,230.0933380126953,238.8866729736328,72808500
TSLA,2022-06-08,240.086669921875,249.9633331298828,239.17666625976562,241.86666870117188,76210500
TSLA,2022-06-09,249.33999633789062,255.54666137695312,239.32666015625,239.7066650390625,96491400
TSLA,2022-06-10,235.1566619873047,239.5,227.913330078125,232.22999572753906,97536600
TSLA,2022-06-13,223.1666717529297,226.63333129882812,214.68333435058594,215.73666381835938,102767400
TSLA,2022-06-14,218.2866668701172,226.3300018310547,211.73666381835938,220.88999938964844,97988700
TSLA,2022-06-15,220.9166717529297,235.663330078125,218.14999389648438,233.0,119131800
TSLA,2022-06-16,222.73666381835938,225.1666717529297,208.69332885742188,213.10000610351562,107390700
TSLA,2022-06-17,213.43333435058594,220.97000122070312,213.19667053222656,216.75999450683594,92641800
TSLA,2022-06-21,224.60333251953125,243.57666015625,224.3333282470703,237.0366668701172,122793000
TSLA,2022-06-22,234.50332641601562,246.8333282470703,233.82666015625,236.086669921875,101107500
TSLA,2022-06-23,237.9066619873047,239.31666564941406,228.6366729736328,235.07000732421875,104202600
TSLA,2022-06-24,237.47000122070312,246.06666564941406,236.086669921875,245.7066650390625,95770800
TSLA,2022-06-27,249.36666870117188,252.07000732421875,242.56666564941406,244.9199981689453,89178300
TSLA,2022-06-28,244.48333740234375,249.97000122070312,232.3433380126953,232.663330078125,90391200
TSLA,2022-06-29,230.5,231.17333984375,222.27333068847656,228.49000549316406,82897200
TSLA,2022-06-30,224.50999450683594,229.4566650390625,218.8633270263672,224.47332763671875,94600500
TSLA,2022-07-01,227.0,230.22999572753906,222.1199951171875,227.26333618164062,74460300
TSLA,2022-07-05,223.0,233.14666748046875,216.1666717529297,233.06666564941406,84581100
TSLA,2022-07-06,230.77999877929688,234.56333923339844,227.18666076660156,231.73333740234375,71853600
TSLA,2022-07-07,233.9199981689453,245.3633270263672,232.2100067138672,244.5433349609375,81930600
TSLA,2022-07-08,242.3333282470703,254.97999572753906,241.16000366210938,250.76333618164062,101854200
TSLA,2022-07-11,252.10333251953125,253.06333923339844,233.6266632080078,234.3433380126953,99241200
TSLA,2022-07-12,236.84666442871094,239.77333068847656,228.3699951171875,233.07000732421875,87930900
TSLA,2022-07-13,225.5,242.05999755859375,225.03334045410156,237.0399932861328,97954500
TSLA,2022-07-14,234.89666748046875,238.65333557128906,229.3333282470703,238.31333923339844,78557400
TSLA,2022-07-15,240.0,243.6233367919922,236.88999938964844,240.06666564941406,69683100
TSLA,2022-07-18,244.93666076660156,250.51666259765625,239.60333251953125,240.54666137695312,82537500
TSLA,2022-07-19,245.0,247.13999938964844,236.97666931152344,245.52999877929688,80890200
TSLA,2022-07-20,246.78334045410156,250.663330078125,243.48333740234375,247.5,88864200
TSLA,2022-07-21,255.10667419433594,273.26666259765625,254.86666870117188,271.7066650390625,142032300
TSLA,2022-07-22,276.2200012207031,280.78668212890625,270.71331787109375,272.24334716796875,103472700
TSLA,2022-07-25,272.2166748046875,274.14666748046875,267.3999938964844,268.4333190917969,64073400
TSLA,2022-07-26,266.5133361816406,267.30999755859375,256.2633361816406,258.8599853515625,66820800
TSLA,2022-07-27,263.80999755859375,275.9266662597656,261.7900085449219,274.82000732421875,88110000
TSLA,2022-07-28,280.0666809082031,283.29998779296875,272.79998779296875,280.8999938964844,84723000
TSLA,2022-07-29,280.70001220703125,298.32000732421875,279.1000061035156,297.1499938964844,95313000
TSLA,2022-08-01,301.27667236328125,311.8766784667969,295.0,297.27667236328125,117042900
TSLA,2022-08-02,294.0033264160156,307.8333435058594,292.6666564941406,300.586669921875,95577600
TSLA,2022-08-03,305.0,309.54998779296875,301.1499938964844,307.39666748046875,80091000
TSLA,2022-08-04,311.0,313.6066589355469,305.0,308.6333312988281,72256200
TSLA,2022-08-05,302.6700134277344,304.6066589355469,285.5433349609375,288.1700134277344,113172900
TSLA,2022-08-08,295.0,305.20001220703125,289.086669921875,290.42333984375,98994000
TSLA,2022-08-09,290.2933349609375,292.39666748046875,279.35333251953125,283.3333435058594,86244600
TSLA,2022-08-10,297.0666809082031,297.510009765625,283.3699951171875,294.3566589355469,94918800
TSLA,2022-08-11,296.5133361816406,298.2366638183594,285.8333435058594,286.6300048828125,70155000
TSLA,2022-08-12,289.4166564941406,300.1600036621094,285.0333251953125,300.0299987792969,79657200
TSLA,2022-08-15,301.78668212890625,313.1333312988281,301.2300109863281,309.32000732421875,89359200
TSLA,2022-08-16,311.6666564941406,314.6666564941406,302.8833312988281,306.5633239746094,88136400
TSLA,2022-08-17,303.39666748046875,309.65667724609375,300.0333251953125,303.9966735839844,68766000
TSLA,2022-08-18,306.0,306.5,301.85333251953125,302.8699951171875,47500500
TSLA,2022-08-19,299.0,300.3599853515625,292.5,296.6666564941406,61395300
TSLA,2022-08-22,291.913330078125,292.3999938964844,286.2966613769531,289.913330078125,55843200
TSLA,2022-08-23,291.4533386230469,298.82666015625,287.92333984375,296.4533386230469,63984900
TSLA,2022-08-24,297.5633239746094,303.64666748046875,296.5,297.0966796875,57259800
TSLA,2022-08-25,302.3599853515625,302.9599914550781,291.6000061035156,296.07000732421875,53230000
TSLA,2022-08-26,297.42999267578125,302.0,287.4700012207031,288.0899963378906,57163900
TSLA,2022-08-29,282.8299865722656,287.739990234375,280.70001220703125,284.82000732421875,41864700
TSLA,2022-08-30,287.8699951171875,288.4800109863281,272.6499938964844,277.70001220703125,50541800
TSLA,2022-08-31,280.6199951171875,281.25,271.80999755859375,275.6099853515625,52107300
TSLA,2022-09-01,272.5799865722656,277.5799865722656,266.1499938964844,277.1600036621094,54287000
TSLA,2022-09-02,281.07000732421875,282.3500061035156,269.0799865722656,270.2099914550781,50890100
TSLA,2022-09-06,272.67999267578125,275.989990234375,265.739990234375,274.4200134277344,55860000
TSLA,2022-09-07,273.1000061035156,283.8399963378906,272.2699890136719,283.70001220703125,50028900
TSLA,2022-09-08,281.29998779296875,289.5,279.760009765625,289.260009765625,53713100
TSLA,2022-09-09,291.6700134277344,299.8500061035156,291.25,299.67999267578125,54338100
TSLA,2022-09-12,300.7200012207031,305.489990234375,300.3999938964844,304.4200134277344,48674600
TSLA,2022-09-13,292.8999938964844,297.3999938964844,290.3999938964844,292.1300048828125,68229600
TSLA,2022-09-14,292.239990234375,306.0,291.6400146484375,302.6099853515625,72628700
TSLA,2022-09-15,301.8299865722656,309.1199951171875,300.7200012207031,303.75,64795500
TSLA,2022-09-16,299.6099853515625,303.7099914550781,295.6000061035156,303.3500061035156,87087800
TSLA,2022-09-19,300.0899963378906,309.8399963378906,297.79998779296875,309.07000732421875,60231200
TSLA,2022-09-20,306.9100036621094,313.3299865722656,305.5799865722656,308.7300109863281,61642800
TSLA,2022-09-21,308.2900085449219,313.79998779296875,300.6300048828125,300.79998779296875,62555700
TSLA,2022-09-22,299.8599853515625,301.2900085449219,285.82000732421875,288.5899963378906,70545400
TSLA,2022-09-23,283.0899963378906,284.5,272.82000732421875,275.3299865722656,63748400
TSLA,2022-09-26,271.8299865722656,284.0899963378906,270.30999755859375,276.010009765625,58076900
TSLA,2022-09-27,283.8399963378906,288.6700134277344,277.510009765625,282.94000244140625,61925200
TSLA,2022-09-28,283.0799865722656,289.0,277.57000732421875,287.80999755859375,54664800
TSLA,2022-09-29,282.760009765625,283.6499938964844,265.7799987792969,268.2099914550781,77620600
TSLA,2022-09-30,266.1499938964844,275.57000732421875,262.4700012207031,265.25,67726600
TSLA,2022-10-03,254.5,255.16000366210938,241.00999450683594,242.39999389648438,98363500
TSLA,2022-10-04,250.52000427246094,257.5,242.00999450683594,249.44000244140625,109578500
TSLA,2022-10-05,245.00999450683594,246.6699981689453,233.27000427246094,240.80999755859375,86982700
TSLA,2022-10-06,239.44000244140625,244.5800018310547,235.35000610351562,238.1300048828125,69298400
TSLA,2022-10-07,233.94000244140625,234.57000732421875,222.02000427246094,223.07000732421875,83916800
TSLA,2022-10-10,223.92999267578125,226.99000549316406,218.36000061035156,222.9600067138672,67925000
TSLA,2022-10-11,220.9499969482422,225.75,215.0,216.5,77013200
TSLA,2022-10-12,215.3300018310547,219.3000030517578,211.50999450683594,217.24000549316406,66860700
TSLA,2022-10-13,208.3000030517578,222.99000549316406,206.22000122070312,221.72000122070312,91483000
TSLA,2022-10-14,224.00999450683594,226.25999450683594,204.16000366210938,204.99000549316406,94124500
TSLA,2022-10-17,210.0399932861328,221.86000061035156,209.4499969482422,219.35000610351562,79428800
TSLA,2022-10-18,229.5,229.82000732421875,217.25,220.19000244140625,75891900
TSLA,2022-10-19,219.8000030517578,222.92999267578125,217.77999877929688,222.0399932861328,66571500
TSLA,2022-10-20,208.27999877929688,215.5500030517578,202.0,207.27999877929688,117798100
TSLA,2022-10-21,206.4199981689453,214.66000366210938,203.8000030517578,214.44000244140625,75713800
TSLA,2022-10-24,205.82000732421875,213.5,198.58999633789062,211.25,100446800
TSLA,2022-10-25,210.10000610351562,224.35000610351562,210.0,222.4199981689453,96507900
TSLA,2022-10-26,219.39999389648438,230.60000610351562,218.1999969482422,224.63999938964844,85012500
TSLA,2022-10-27,229.77000427246094,233.80999755859375,222.85000610351562,225.08999633789062,61638800
TSLA,2022-10-28,225.39999389648438,228.86000061035156,216.35000610351562,228.52000427246094,69152400
TSLA,2022-10-31,226.19000244140625,229.85000610351562,221.94000244140625,227.5399932861328,61554300
TSLA,2022-11-01,234.0500030517578,237.39999389648438,227.27999877929688,227.82000732421875,62688800
TSLA,2022-11-02,226.0399932861328,227.8699951171875,214.82000732421875,214.97999572753906,63070300
TSLA,2022-11-03,211.36000061035156,221.1999969482422,210.13999938964844,215.30999755859375,56538800
TSLA,2022-11-04,222.60000610351562,223.8000030517578,203.0800018310547,207.47000122070312,98622200
TSLA,2022-11-07,208.64999389648438,208.89999389648438,196.66000366210938,197.0800018310547,93916500
TSLA,2022-11-08,194.02000427246094,195.1999969482422,186.75,191.3000030517578,128803400
TSLA,2022-11-09,190.77999877929688,195.88999938964844,177.1199951171875,177.58999633789062,127062700
TSLA,2022-11-10,189.89999389648438,191.0,180.02999877929688,190.72000122070312,132703000
TSLA,2022-11-11,186.0,196.52000427246094,182.58999633789062,195.97000122070312,114403600
TSLA,2022-11-14,192.77000427246094,195.72999572753906,186.33999633789062,190.9499969482422,92226600
TSLA,2022-11-15,195.8800048828125,200.82000732421875,192.05999755859375,194.4199981689453,91293800
TSLA,2022-11-16,191.50999450683594,192.57000732421875,185.66000366210938,186.9199981689453,66567600
TSLA,2022-11-17,183.9600067138672,186.16000366210938,180.89999389648438,183.1699981689453,64336000
TSLA,2022-11-18,185.0500030517578,185.19000244140625,176.5500030517578,180.19000244140625,76048900
TSLA,2022-11-21,175.85000610351562,176.77000427246094,167.5399932861328,167.8699951171875,92882700
TSLA,2022-11-22,168.6300048828125,170.9199981689453,166.19000244140625,169.91000366210938,78452300
TSLA,2022-11-23,173.57000732421875,183.6199951171875,172.5,183.1999969482422,109536700
TSLA,2022-11-25,185.05999755859375,185.1999969482422,180.6300048828125,182.86000061035156,50672700
TSLA,2022-11-28,179.9600067138672,188.5,179.0,182.9199981689453,92905200
TSLA,2022-11-29,184.99000549316406,186.3800048828125,178.75,180.8300018310547,83357100
TSLA,2022-11-30,182.42999267578125,194.75999450683594,180.6300048828125,194.6999969482422,109186400
TSLA,2022-12-01,197.0800018310547,198.9199981689453,191.8000030517578,194.6999969482422,80046200
TSLA,2022-12-02,191.77999877929688,196.25,191.11000061035156,194.86000061035156,73645900
TSLA,2022-12-05,189.44000244140625,191.27000427246094,180.5500030517578,182.4499969482422,93122700
TSLA,2022-12-06,181.22000122070312,183.64999389648438,175.3300018310547,179.82000732421875,92150800
TSLA,2022-12-07,175.02999877929688,179.3800048828125,172.22000122070312,174.0399932861328,84213300
TSLA,2022-12-08,172.1999969482422,175.1999969482422,169.05999755859375,173.44000244140625,97624500
TSLA,2022-12-09,173.83999633789062,182.5,173.36000061035156,179.0500030517578,104872300
TSLA,2022-12-12,176.10000610351562,177.3699951171875,167.52000427246094,167.82000732421875,109794500
TSLA,2022-12-13,174.8699951171875,175.0500030517578,156.91000366210938,160.9499969482422,175862700
TSLA,2022-12-14,159.25,161.6199951171875,155.30999755859375,156.8000030517578,140682300
TSLA,2022-12-15,153.44000244140625,160.92999267578125,153.27999877929688,157.6699981689453,122334500
TSLA,2022-12-16,159.63999938964844,160.99000549316406,150.0399932861328,150.22999572753906,139032200
TSLA,2022-12-19,154.0,155.25,145.82000732421875,149.8699951171875,139390600
TSLA,2022-12-20,146.0500030517578,148.47000122070312,137.66000366210938,137.8000030517578,159563300
TSLA,2022-12-21,139.33999633789062,141.25999450683594,135.88999938964844,137.57000732421875,145417400
TSLA,2022-12-22,136.0,136.6300048828125,122.26000213623047,125.3499984741211,210090300
TSLA,2022-12-23,126.37000274658203,128.6199951171875,121.0199966430664,123.1500015258789,166989700
TSLA,2022-12-27,117.5,119.66999816894531,108.76000213623047,109.0999984741211,208643400
TSLA,2022-12-28,110.3499984741211,116.2699966430664,108.23999786376953,112.70999908447266,221070500
TSLA,2022-12-29,120.38999938964844,123.56999969482422,117.5,121.81999969482422,221923300
TSLA,2022-12-30,119.94999694824219,124.4800033569336,119.75,123.18000030517578,157777300
TSLA,2023-01-03,118.47000122070312,118.80000305175781,104.63999938964844,108.0999984741211,231402800
TSLA,2023-01-04,109.11000061035156,114.58999633789062,107.5199966430664,113.63999938964844,180389000
TSLA,2023-01-05,110.51000213623047,111.75,107.16000366210938,110.33999633789062,157986300
TSLA,2023-01-06,103.0,114.38999938964844,101.80999755859375,113.05999755859375,220911100
TSLA,2023-01-09,118.95999908447266,123.5199966430664,117.11000061035156,119.7699966430664,190284000
TSLA,2023-01-10,121.06999969482422,122.76000213623047,114.91999816894531,118.8499984741211,167642500
TSLA,2023-01-11,122.08999633789062,125.94999694824219,120.51000213623047,123.22000122070312,183810800
TSLA,2023-01-12,122.55999755859375,124.12999725341797,117.0,123.55999755859375,169400900
TSLA,2023-01-13,116.55000305175781,122.62999725341797,115.5999984741211,122.4000015258789,180714100
TSLA,2023-01-17,125.69999694824219,131.6999969482422,125.0199966430664,131.49000549316406,186477000
TSLA,2023-01-18,136.55999755859375,136.67999267578125,127.01000213623047,128.77999877929688,195680300
TSLA,2023-01-19,127.26000213623047,129.99000549316406,124.30999755859375,127.16999816894531,170291900
TSLA,2023-01-20,128.67999267578125,133.50999450683594,127.3499984741211,133.4199981689453,138858100
TSLA,2023-01-23,135.8699951171875,145.3800048828125,134.27000427246094,143.75,203119200
TSLA,2023-01-24,143.0,146.5,141.10000610351562,143.88999938964844,158699100
TSLA,2023-01-25,141.91000366210938,146.41000366210938,138.07000732421875,144.42999267578125,192734300
TSLA,2023-01-26,159.97000122070312,161.4199981689453,154.75999450683594,160.27000427246094,234815100
TSLA,2023-01-27,162.42999267578125,180.67999267578125,161.1699981689453,177.89999389648438,306590600
TSLA,2023-01-30,178.0500030517578,179.77000427246094,166.5,166.66000366210938,230878800
TSLA,2023-01-31,164.57000732421875,174.3000030517578,162.77999877929688,173.22000122070312,196813500
TSLA,2023-02-01,173.88999938964844,183.80999755859375,169.92999267578125,181.41000366210938,213806300
TSLA,2023-02-02,187.3300018310547,196.75,182.61000061035156,188.27000427246094,217448300
TSLA,2023-02-03,183.9499969482422,199.0,183.69000244140625,189.97999572753906,232662000
TSLA,2023-02-06,193.00999450683594,198.1699981689453,189.9199981689453,194.75999450683594,186188100
TSLA,2023-02-07,196.42999267578125,197.5,189.5500030517578,196.80999755859375,186010300
TSLA,2023-02-08,196.10000610351562,203.0,194.30999755859375,201.2899932861328,180673600
TSLA,2023-02-09,207.77999877929688,214.0,204.77000427246094,207.32000732421875,215431400
TSLA,2023-02-10,202.22999572753906,206.1999969482422,192.88999938964844,196.88999938964844,204754100
TSLA,2023-02-13,194.4199981689453,196.3000030517578,187.61000061035156,194.63999938964844,172475500
TSLA,2023-02-14,191.94000244140625,209.82000732421875,189.44000244140625,209.25,216455700
TSLA,2023-02-15,211.75999450683594,214.66000366210938,206.11000061035156,214.24000549316406,181006400
TSLA,2023-02-16,210.77999877929688,217.64999389648438,201.83999633789062,202.0399932861328,229586500
TSLA,2023-02-17,199.99000549316406,208.44000244140625,197.5,208.30999755859375,213738500
TSLA,2023-02-21,204.99000549316406,209.7100067138672,197.22000122070312,197.3699951171875,180018600
TSLA,2023-02-22,197.92999267578125,201.99000549316406,191.77999877929688,200.86000061035156,191828500
TSLA,2023-02-23,203.91000366210938,205.13999938964844,196.3300018310547,202.07000732421875,146360000
TSLA,2023-02-24,196.3300018310547,197.6699981689453,192.8000030517578,196.8800048828125,142228100
TSLA,2023-02-27,202.02999877929688,209.4199981689453,201.25999450683594,207.6300048828125,161028300
TSLA,2023-02-28,210.58999633789062,211.22999572753906,203.75,205.7100067138672,153144900
TSLA,2023-03-01,206.2100067138672,207.1999969482422,198.52000427246094,202.77000427246094,156852800
TSLA,2023-03-02,186.74000549316406,193.75,186.00999450683594,190.89999389648438,181500700
TSLA,2023-03-03,194.8000030517578,200.47999572753906,192.8800048828125,197.7899932861328,154193300
TSLA,2023-03-06,198.5399932861328,198.60000610351562,192.3000030517578,193.80999755859375,128100100
TSLA,2023-03-07,191.3800048828125,194.1999969482422,186.10000610351562,187.7100067138672,148125800
TSLA,2023-03-08,185.0399932861328,186.5,180.0,182.0,151897800
TSLA,2023-03-09,180.25,185.17999267578125,172.50999450683594,172.9199981689453,170023800
TSLA,2023-03-10,175.1300048828125,178.2899932861328,168.44000244140625,173.44000244140625,191488900
TSLA,2023-03-13,167.4600067138672,177.35000610351562,163.91000366210938,174.47999572753906,167790300
TSLA,2023-03-14,177.30999755859375,183.8000030517578,177.13999938964844,183.25999450683594,143717900
TSLA,2023-03-15,180.8000030517578,182.33999633789062,176.02999877929688,180.4499969482422,145995600
TSLA,2023-03-16,180.3699951171875,185.80999755859375,178.83999633789062,184.1300048828125,121136800
TSLA,2023-03-17,184.52000427246094,186.22000122070312,177.3300018310547,180.1300048828125,133197100
TSLA,2023-03-20,178.0800018310547,186.44000244140625,176.35000610351562,183.25,129684400
TSLA,2023-03-21,188.27999877929688,198.0,188.0399932861328,197.5800018310547,153391400
TSLA,2023-03-22,199.3000030517578,200.66000366210938,190.9499969482422,191.14999389648438,150376400
TSLA,2023-03-23,195.25999450683594,199.30999755859375,188.64999389648438,192.22000122070312,144193900
TSLA,2023-03-24,191.64999389648438,192.36000061035156,187.14999389648438,190.41000366210938,116312400
TSLA,2023-03-27,194.4199981689453,197.38999938964844,189.94000244140625,191.80999755859375,120851600
TSLA,2023-03-28,192.0,192.35000610351562,185.42999267578125,189.19000244140625,98654600
TSLA,2023-03-29,193.1300048828125,195.2899932861328,189.44000244140625,193.8800048828125,123660000
TSLA,2023-03-30,195.5800018310547,197.3300018310547,194.4199981689453,195.27999877929688,110252200
TSLA,2023-03-31,197.52999877929688,207.7899932861328,197.1999969482422,207.4600067138672,170222100
TSLA,2023-04-03,199.91000366210938,202.69000244140625,192.1999969482422,194.77000427246094,169545900
TSLA,2023-04-04,197.32000732421875,198.74000549316406,190.32000732421875,192.5800018310547,126463800
TSLA,2023-04-05,190.52000427246094,190.67999267578125,183.75999450683594,185.52000427246094,133882500
TSLA,2023-04-06,183.0800018310547,186.38999938964844,179.74000549316406,185.05999755859375,123857900
TSLA,2023-04-10,179.94000244140625,185.10000610351562,176.11000061035156,184.50999450683594,142154600
TSLA,2023-04-11,186.69000244140625,189.19000244140625,185.64999389648438,186.7899932861328,115770900
TSLA,2023-04-12,190.74000549316406,191.5800018310547,180.30999755859375,180.5399932861328,150256300
TSLA,2023-04-13,182.9600067138672,186.5,180.94000244140625,185.89999389648438,112933000
TSLA,2023-04-14,183.9499969482422,186.27999877929688,182.00999450683594,185.0,96438700
TSLA,2023-04-17,186.32000732421875,189.69000244140625,182.69000244140625,187.0399932861328,116662200
TSLA,2023-04-18,187.14999389648438,187.69000244140625,183.5800018310547,184.30999755859375,92067000
TSLA,2023-04-19,179.10000610351562,183.5,177.64999389648438,180.58999633789062,125732700
TSLA,2023-04-20,166.1699981689453,169.6999969482422,160.55999755859375,162.99000549316406,210970800
TSLA,2023-04-21,164.8000030517578,166.0,161.32000732421875,165.0800018310547,123539000
TSLA,2023-04-24,164.64999389648438,165.64999389648438,158.61000061035156,162.5500030517578,140006600
TSLA,2023-04-25,159.82000732421875,163.47000122070312,158.75,160.6699981689453,121999300
TSLA,2023-04-26,160.2899932861328,160.6699981689453,153.13999938964844,153.75,153364100
TSLA,2023-04-27,152.63999938964844,160.47999572753906,152.3699951171875,160.19000244140625,127015200
TSLA,2023-04-28,160.89999389648438,165.0,157.32000732421875,164.30999755859375,122515800
TSLA,2023-05-01,163.1699981689453,163.27999877929688,158.8300018310547,161.8300018310547,109015000
TSLA,2023-05-02,161.8800048828125,165.49000549316406,158.92999267578125,160.30999755859375,128259700
TSLA,2023-05-03,160.00999450683594,165.0,159.91000366210938,160.61000061035156,119728000
TSLA,2023-05-04,162.7100067138672,162.9499969482422,159.64999389648438,161.1999969482422,95108500
TSLA,2023-05-05,163.97000122070312,170.7899932861328,163.50999450683594,170.05999755859375,107607300
TSLA,2023-05-08,173.72000122070312,173.8000030517578,169.19000244140625,171.7899932861328,112249400
TSLA,2023-05-09,168.9499969482422,169.82000732421875,166.55999755859375,169.14999389648438,88965000
TSLA,2023-05-10,172.5500030517578,174.42999267578125,166.67999267578125,168.5399932861328,119840700
TSLA,2023-05-11,168.6999969482422,173.57000732421875,166.7899932861328,172.0800018310547,103889900
TSLA,2023-05-12,176.07000732421875,177.3800048828125,167.22999572753906,167.97999572753906,157849600
TSLA,2023-05-15,167.66000366210938,169.75999450683594,164.5500030517578,166.35000610351562,105592500
TSLA,2023-05-16,165.64999389648438,169.52000427246094,164.35000610351562,166.52000427246094,98288800
TSLA,2023-05-17,168.41000366210938,174.5,167.19000244140625,173.86000061035156,125473600
TSLA,2023-05-18,174.22000122070312,177.05999755859375,172.4499969482422,176.88999938964844,109520300
TSLA,2023-05-19,177.1699981689453,181.9499969482422,176.30999755859375,180.13999938964844,136196700
TSLA,2023-05-22,180.6999969482422,189.32000732421875,180.11000061035156,188.8699951171875,132001400
TSLA,2023-05-23,186.1999969482422,192.9600067138672,185.25999450683594,185.77000427246094,156952100
TSLA,2023-05-24,182.22999572753906,184.22000122070312,178.22000122070312,182.89999389648438,137605100
TSLA,2023-05-25,186.5399932861328,186.77999877929688,180.5800018310547,184.47000122070312,96870700
TSLA,2023-05-26,184.6199951171875,198.60000610351562,184.52999877929688,193.1699981689453,162061500
TSLA,2023-05-30,200.10000610351562,204.47999572753906,197.52999877929688,201.16000366210938,128818700
TSLA,2023-05-31,199.77999877929688,203.9499969482422,195.1199951171875,203.92999267578125,150711700
TSLA,2023-06-01,202.58999633789062,209.8000030517578,199.3699951171875,207.52000427246094,148029900
TSLA,2023-06-02,210.14999389648438,217.25,209.75,213.97000122070312,164398400
TSLA,2023-06-05,217.8000030517578,221.2899932861328,214.52000427246094,217.61000061035156,151143100
TSLA,2023-06-06,216.13999938964844,221.91000366210938,212.52999877929688,221.30999755859375,146911600
TSLA,2023-06-07,228.0,230.8300018310547,223.1999969482422,224.57000732421875,185710800
TSLA,2023-06-08,224.22000122070312,235.22999572753906,223.00999450683594,234.86000061035156,164489700
TSLA,2023-06-09,249.07000732421875,252.4199981689453,242.02000427246094,244.39999389648438,200242400
TSLA,2023-06-12,247.94000244140625,250.97000122070312,244.58999633789062,249.8300018310547,150337900
TSLA,2023-06-13,253.50999450683594,259.67999267578125,251.33999633789062,258.7099914550781,162384300
TSLA,2023-06-14,260.1700134277344,261.57000732421875,250.5,256.7900085449219,170575500
TSLA,2023-06-15,248.39999389648438,258.95001220703125,247.2899932861328,255.89999389648438,160171200
TSLA,2023-06-16,258.9200134277344,263.6000061035156,257.2099914550781,260.5400085449219,167915600
TSLA,2023-06-20,261.5,274.75,261.1199951171875,274.45001220703125,165611200
TSLA,2023-06-21,275.1300048828125,276.989990234375,257.7799987792969,259.4599914550781,211797100
TSLA,2023-06-22,250.77000427246094,265.0,248.25,264.6099853515625,166875900
TSLA,2023-06-23,259.2900085449219,262.45001220703125,252.8000030517578,256.6000061035156,177460800
TSLA,2023-06-26,250.07000732421875,258.3699951171875,240.6999969482422,241.0500030517578,179990600
TSLA,2023-06-27,243.24000549316406,250.38999938964844,240.85000610351562,250.2100067138672,164968200
TSLA,2023-06-28,249.6999969482422,259.8800048828125,248.88999938964844,256.239990234375,159770800
TSLA,2023-06-29,258.0299987792969,260.739990234375,253.61000061035156,257.5,131283400
TSLA,2023-06-30,260.6000061035156,264.45001220703125,259.8900146484375,261.7699890136719,112620800
TSLA,2023-07-03,276.489990234375,284.25,275.1099853515625,279.82000732421875,119685900
TSLA,2023-07-05,278.82000732421875,283.8500061035156,277.6000061035156,282.4800109863281,131530900
TSLA,2023-07-06,278.0899963378906,279.9700012207031,272.8800048828125,276.5400085449219,120332100
TSLA,2023-07-07,278.42999267578125,280.7799987792969,273.7699890136719,274.42999267578125,113879200
TSLA,2023-07-10,276.4700012207031,277.5199890136719,265.1000061035156,269.6099853515625,119425400
TSLA,2023-07-11,268.6499938964844,270.8999938964844,266.3699951171875,269.7900085449219,91972400
TSLA,2023-07-12,276.3299865722656,276.5199890136719,271.4599914550781,271.989990234375,95672100
TSLA,2023-07-13,274.5899963378906,279.45001220703125,270.6000061035156,277.8999938964844,112681500
TSLA,2023-07-14,277.010009765625,285.29998779296875,276.30999755859375,281.3800048828125,120062400
TSLA,2023-07-17,286.6300048828125,292.2300109863281,283.57000732421875,290.3800048828125,131569600
TSLA,2023-07-18,290.1499938964844,295.260009765625,286.010009765625,293.3399963378906,112120300
TSLA,2023-07-19,296.0400085449219,299.2900085449219,289.5199890136719,291.260009765625,142355400
TSLA,2023-07-20,279.55999755859375,280.92999267578125,261.20001220703125,262.8999938964844,175158300
TSLA,2023-07-21,268.0,268.0,255.8000030517578,260.0199890136719,161796100
TSLA,2023-07-24,255.85000610351562,269.8500061035156,254.1199951171875,269.05999755859375,136508500
TSLA,2023-07-25,272.3800048828125,272.8999938964844,265.0,265.2799987792969,112757300
TSLA,2023-07-26,263.25,268.0400085449219,261.75,264.3500061035156,95856200
TSLA,2023-07-27,268.30999755859375,269.1300048828125,255.3000030517578,255.7100067138672,103697300
TSLA,2023-07-28,259.8599853515625,267.25,258.2300109863281,266.44000244140625,111446000
TSLA,2023-07-31,267.4800109863281,269.0799865722656,263.7799987792969,267.42999267578125,84582200
TSLA,2023-08-01,266.260009765625,266.4700012207031,260.25,261.07000732421875,83166000
TSLA,2023-08-02,255.57000732421875,259.5199890136719,250.49000549316406,254.11000061035156,101752900
TSLA,2023-08-03,252.0399932861328,260.489990234375,252.0,259.32000732421875,97569100
TSLA,2023-08-04,260.9700012207031,264.7699890136719,253.11000061035156,253.86000061035156,99539900
TSLA,2023-08-07,251.4499969482422,253.64999389648438,242.75999450683594,251.4499969482422,111097900
TSLA,2023-08-08,247.4499969482422,250.9199981689453,245.00999450683594,249.6999969482422,96642200
TSLA,2023-08-09,250.8699951171875,251.10000610351562,241.89999389648438,242.19000244140625,101596300
TSLA,2023-08-10,245.39999389648438,251.8000030517578,243.0,245.33999633789062,109498600
TSLA,2023-08-11,241.77000427246094,243.7899932861328,238.02000427246094,242.64999389648438,99038600
TSLA,2023-08-14,235.6999969482422,240.66000366210938,233.75,239.75999450683594,98595300
TSLA,2023-08-15,238.72999572753906,240.5,232.61000061035156,232.9600067138672,88197600
TSLA,2023-08-16,228.02000427246094,233.97000122070312,225.3800048828125,225.60000610351562,112484500
TSLA,2023-08-17,226.05999755859375,226.74000549316406,218.8300018310547,219.22000122070312,120718400
TSLA,2023-08-18,214.1199951171875,217.5800018310547,212.36000061035156,215.49000549316406,136276600
TSLA,2023-08-21,221.5500030517578,232.1300048828125,220.5800018310547,231.27999877929688,135702700
TSLA,2023-08-22,240.25,240.82000732421875,229.5500030517578,233.19000244140625,130442800
TSLA,2023-08-23,229.33999633789062,238.97999572753906,229.2899932861328,236.86000061035156,101077600
TSLA,2023-08-24,238.66000366210938,238.9199981689453,228.17999267578125,230.0399932861328,99777400
TSLA,2023-08-25,231.30999755859375,239.0,230.35000610351562,238.58999633789062,106612200
TSLA,2023-08-28,242.5800018310547,244.3800048828125,235.35000610351562,238.82000732421875,107673700
TSLA,2023-08-29,238.5800018310547,257.4800109863281,237.77000427246094,257.17999267578125,134047600
TSLA,2023-08-30,254.1999969482422,260.510009765625,250.58999633789062,256.8999938964844,121988400
TSLA,2023-08-31,255.97999572753906,261.17999267578125,255.0500030517578,258.0799865722656,108861700
TSLA,2023-09-01,257.260009765625,259.0799865722656,242.00999450683594,245.00999450683594,132541600
TSLA,2023-09-05,245.0,258.0,244.86000061035156,256.489990234375,129469600
TSLA,2023-09-06,255.13999938964844,255.38999938964844,245.05999755859375,251.9199981689453,116959800
TSLA,2023-09-07,245.07000732421875,252.80999755859375,243.27000427246094,251.49000549316406,115312900
TSLA,2023-09-08,251.22000122070312,256.5199890136719,246.6699981689453,248.5,118367700
TSLA,2023-09-11,264.2699890136719,274.8500061035156,260.6099853515625,273.5799865722656,174667900
TSLA,2023-09-12,270.760009765625,278.3900146484375,266.6000061035156,267.4800109863281,135999900
TSLA,2023-09-13,270.07000732421875,274.9800109863281,268.1000061035156,271.29998779296875,111673700
TSLA,2023-09-14,271.32000732421875,276.7099914550781,270.4200134277344,276.0400085449219,107709800
TSLA,2023-09-15,277.54998779296875,278.9800109863281,271.0,274.3900146484375,133692300
TSLA,2023-09-18,271.1600036621094,271.44000244140625,263.760009765625,265.2799987792969,101543300
TSLA,2023-09-19,264.3500061035156,267.8500061035156,261.20001220703125,266.5,103704000
TSLA,2023-09-20,267.0400085449219,273.92999267578125,262.4599914550781,262.5899963378906,122514600
TSLA,2023-09-21,257.8500061035156,260.8599853515625,254.2100067138672,255.6999969482422,119951500
TSLA,2023-09-22,257.3999938964844,257.7900085449219,244.47999572753906,244.8800048828125,127524100
TSLA,2023-09-25,243.3800048828125,247.10000610351562,238.30999755859375,246.99000549316406,104636600
TSLA,2023-09-26,242.97999572753906,249.5500030517578,241.66000366210938,244.1199951171875,101993600
TSLA,2023-09-27,244.25999450683594,245.3300018310547,234.5800018310547,240.5,136597200
TSLA,2023-09-28,240.02000427246094,247.5500030517578,238.64999389648438,246.3800048828125,117058900
TSLA,2023-09-29,250.0,254.77000427246094,246.35000610351562,250.22000122070312,128522700
TSLA,2023-10-02,244.80999755859375,254.27999877929688,242.6199951171875,251.60000610351562,123810400
TSLA,2023-10-03,248.61000061035156,250.02000427246094,244.4499969482422,246.52999877929688,101985300
TSLA,2023-10-04,248.13999938964844,261.8599853515625,247.60000610351562,261.1600036621094,129721600
TSLA,2023-10-05,260.0,263.6000061035156,256.25,260.04998779296875,119159200
TSLA,2023-10-06,253.97999572753906,261.6499938964844,250.64999389648438,260.5299987792969,118121800
TSLA,2023-10-09,255.30999755859375,261.3599853515625,252.0500030517578,259.6700134277344,101377900
TSLA,2023-10-10,257.75,268.94000244140625,257.6499938964844,263.6199951171875,122656000
TSLA,2023-10-11,266.20001220703125,268.6000061035156,260.8999938964844,262.989990234375,103706300
TSLA,2023-10-12,262.9200134277344,265.4100036621094,256.6300048828125,258.8699951171875,111508100
TSLA,2023-10-13,258.8999938964844,259.6000061035156,250.22000122070312,251.1199951171875,102073800
TSLA,2023-10-16,250.0500030517578,255.39999389648438,248.47999572753906,253.9199981689453,88917200
TSLA,2023-10-17,250.10000610351562,257.17999267578125,247.0800018310547,254.85000610351562,93562900
TSLA,2023-10-18,252.6999969482422,254.6300048828125,242.0800018310547,242.67999267578125,125147800
TSLA,2023-10-19,225.9499969482422,230.61000061035156,216.77999877929688,220.11000061035156,170772700
TSLA,2023-10-20,217.00999450683594,218.86000061035156,210.4199981689453,211.99000549316406,138010100
TSLA,2023-10-23,210.0,216.97999572753906,202.50999450683594,212.0800018310547,150683400
TSLA,2023-10-24,216.5,222.0500030517578,214.11000061035156,216.52000427246094,118231100
TSLA,2023-10-25,215.8800048828125,220.10000610351562,212.1999969482422,212.4199981689453,107065100
TSLA,2023-10-26,211.32000732421875,214.8000030517578,204.8800048828125,205.75999450683594,115112600
TSLA,2023-10-27,210.60000610351562,212.41000366210938,205.77000427246094,207.3000030517578,94881200
TSLA,2023-10-30,209.27999877929688,210.8800048828125,194.6699981689453,197.36000061035156,136448200
TSLA,2023-10-31,196.1199951171875,202.8000030517578,194.07000732421875,200.83999633789062,118068300
TSLA,2023-11-01,204.0399932861328,205.99000549316406,197.85000610351562,205.66000366210938,121661700
TSLA,2023-11-02,212.97000122070312,219.1999969482422,211.4499969482422,218.50999450683594,125987600
TSLA,2023-11-03,221.14999389648438,226.3699951171875,218.39999389648438,219.9600067138672,119534800
TSLA,2023-11-06,223.97999572753906,226.32000732421875,215.0,219.27000427246094,117335800
TSLA,2023-11-07,219.97999572753906,223.1199951171875,215.72000122070312,222.17999267578125,116900100
TSLA,2023-11-08,223.14999389648438,224.14999389648438,217.63999938964844,222.11000061035156,106584800
TSLA,2023-11-09,219.75,220.8000030517578,206.67999267578125,209.97999572753906,142110500
TSLA,2023-11-10,210.02999877929688,215.3800048828125,205.69000244140625,214.64999389648438,130994000
TSLA,2023-11-13,215.60000610351562,225.39999389648438,211.61000061035156,223.7100067138672,140447600
TSLA,2023-11-14,235.02999877929688,238.13999938964844,230.72000122070312,237.41000366210938,149771600
TSLA,2023-11-15,239.2899932861328,246.6999969482422,236.4499969482422,242.83999633789062,150354000
TSLA,2023-11-16,239.49000549316406,240.8800048828125,230.9600067138672,233.58999633789062,136816800
TSLA,2023-11-17,232.0,237.38999938964844,226.5399932861328,234.3000030517578,142532800
TSLA,2023-11-20,234.0399932861328,237.10000610351562,231.02000427246094,235.60000610351562,116320100
TSLA,2023-11-21,235.0399932861328,243.6199951171875,233.33999633789062,241.1999969482422,122288000
TSLA,2023-11-22,242.0399932861328,244.00999450683594,231.39999389648438,234.2100067138672,117950600
TSLA,2023-11-24,233.75,238.75,232.3300018310547,235.4499969482422,65125200
TSLA,2023-11-27,236.88999938964844,238.3300018310547,232.10000610351562,236.0800018310547,112031800
TSLA,2023-11-28,236.67999267578125,247.0,234.00999450683594,246.72000122070312,148549900
TSLA,2023-11-29,249.2100067138672,252.75,242.75999450683594,244.13999938964844,135401300
TSLA,2023-11-30,245.13999938964844,245.22000122070312,236.91000366210938,240.0800018310547,132353200
TSLA,2023-12-01,233.13999938964844,240.19000244140625,231.89999389648438,238.8300018310547,121331700
TSLA,2023-12-04,235.75,239.3699951171875,233.2899932861328,235.5800018310547,104099800
TSLA,2023-12-05,233.8699951171875,246.66000366210938,233.6999969482422,238.72000122070312,137971100
TSLA,2023-12-06,242.9199981689453,246.57000732421875,239.1699981689453,239.3699951171875,126436200
TSLA,2023-12-07,241.5500030517578,244.0800018310547,236.97999572753906,242.63999938964844,107142300
TSLA,2023-12-08,240.27000427246094,245.27000427246094,239.27000427246094,243.83999633789062,103126800
TSLA,2023-12-11,242.74000549316406,243.44000244140625,237.4499969482422,239.74000549316406,97913900
TSLA,2023-12-12,238.5500030517578,238.99000549316406,233.8699951171875,237.00999450683594,95328300
TSLA,2023-12-13,234.19000244140625,240.3000030517578,228.1999969482422,239.2899932861328,146286300
TSLA,2023-12-14,241.22000122070312,253.8800048828125,240.7899932861328,251.0500030517578,160829200
TSLA,2023-12-15,251.2100067138672,254.1300048828125,248.3000030517578,253.5,135932800
TSLA,2023-12-18,253.77999877929688,258.739990234375,251.36000061035156,252.0800018310547,116416500
TSLA,2023-12-19,253.47999572753906,258.3399963378906,253.00999450683594,257.2200012207031,106737400
TSLA,2023-12-20,256.4100036621094,259.8399963378906,247.0,247.13999938964844,125097000
TSLA,2023-12-21,251.89999389648438,254.8000030517578,248.5500030517578,254.5,109594200
TSLA,2023-12-22,256.760009765625,258.2200012207031,251.3699951171875,252.5399932861328,93370100
TSLA,2023-12-26,254.49000549316406,257.9700012207031,252.91000366210938,256.6099853515625,86892400
TSLA,2023-12-27,258.3500061035156,263.3399963378906,257.5199890136719,261.44000244140625,106494400
TSLA,2023-12-28,263.6600036621094,265.1300048828125,252.7100067138672,253.17999267578125,113619900
TSLA,2023-12-29,255.10000610351562,255.19000244140625,247.42999267578125,248.47999572753906,100891600
TSLA,2024-01-02,250.0800018310547,251.25,244.41000366210938,248.4199981689453,104654200
TSLA,2024-01-03,244.97999572753906,245.67999267578125,236.32000732421875,238.4499969482422,121082600
TSLA,2024-01-04,239.25,242.6999969482422,237.72999572753906,237.92999267578125,102629300
TSLA,2024-01-05,236.86000061035156,240.1199951171875,234.89999389648438,237.49000549316406,92488900
TSLA,2024-01-08,236.13999938964844,241.25,235.3000030517578,240.4499969482422,85166600
TSLA,2024-01-09,238.11000061035156,238.9600067138672,232.0399932861328,234.9600067138672,96705700
TSLA,2024-01-10,235.10000610351562,235.5,231.2899932861328,233.94000244140625,91628500
TSLA,2024-01-11,230.57000732421875,230.92999267578125,225.3699951171875,227.22000122070312,105873600
TSLA,2024-01-12,220.0800018310547,225.33999633789062,217.14999389648438,218.88999938964844,123043800
TSLA,2024-01-16,215.10000610351562,223.49000549316406,212.17999267578125,219.91000366210938,115355000
TSLA,2024-01-17,214.86000061035156,215.6699981689453,212.00999450683594,215.5500030517578,103164400
TSLA,2024-01-18,216.8800048828125,217.4499969482422,208.74000549316406,211.8800048828125,108595400
TSLA,2024-01-19,209.99000549316406,213.19000244140625,207.55999755859375,212.19000244140625,102260300
TSLA,2024-01-22,212.25999450683594,217.8000030517578,206.27000427246094,208.8000030517578,117952500
TSLA,2024-01-23,211.3000030517578,215.64999389648438,207.75,209.13999938964844,106605900
TSLA,2024-01-24,211.8800048828125,212.72999572753906,206.77000427246094,207.8300018310547,123369900
TSLA,2024-01-25,189.6999969482422,193.0,180.05999755859375,182.6300048828125,198076800
TSLA,2024-01-26,185.5,186.77999877929688,182.10000610351562,183.25,107343200
TSLA,2024-01-29,185.6300048828125,191.47999572753906,183.6699981689453,190.92999267578125,125013100
TSLA,2024-01-30,195.3300018310547,196.36000061035156,190.61000061035156,191.58999633789062,109982300
TSLA,2024-01-31,187.0,193.97000122070312,185.85000610351562,187.2899932861328,103221400
TSLA,2024-02-01,188.5,189.8800048828125,184.27999877929688,188.86000061035156,91843300
TSLA,2024-02-02,185.0399932861328,188.69000244140625,182.0,187.91000366210938,110612700
TSLA,2024-02-05,184.25999450683594,184.67999267578125,175.00999450683594,181.05999755859375,134294400
TSLA,2024-02-06,177.2100067138672,186.49000549316406,177.11000061035156,185.10000610351562,122676000
TSLA,2024-02-07,188.17999267578125,189.7899932861328,182.67999267578125,187.5800018310547,111535200
TSLA,2024-02-08,189.0,191.6199951171875,185.5800018310547,189.55999755859375,83034000
TSLA,2024-02-09,190.17999267578125,194.1199951171875,189.47999572753906,193.57000732421875,84476300
TSLA,2024-02-12,192.11000061035156,194.72999572753906,187.27999877929688,188.1300048828125,95498600
TSLA,2024-02-13,183.99000549316406,187.25999450683594,182.11000061035156,184.02000427246094,86759500
TSLA,2024-02-14,185.3000030517578,188.88999938964844,183.35000610351562,188.7100067138672,81203000
TSLA,2024-02-15,189.16000366210938,200.8800048828125,188.86000061035156,200.4499969482422,120831800
TSLA,2024-02-16,202.05999755859375,203.1699981689453,197.39999389648438,199.9499969482422,111346700
TSLA,2024-02-20,196.1300048828125,198.60000610351562,189.1300048828125,193.75999450683594,104545800
TSLA,2024-02-21,193.36000061035156,199.44000244140625,191.9499969482422,194.77000427246094,103500300
TSLA,2024-02-22,194.0,198.32000732421875,191.36000061035156,197.41000366210938,92739500
TSLA,2024-02-23,195.30999755859375,197.57000732421875,191.5,191.97000122070312,78841900
TSLA,2024-02-26,192.2899932861328,201.77999877929688,192.0,199.39999389648438,111747100
TSLA,2024-02-27,204.0399932861328,205.60000610351562,198.25999450683594,199.72999572753906,108645400
TSLA,2024-02-28,200.4199981689453,205.3000030517578,198.44000244140625,202.0399932861328,99806200
TSLA,2024-02-29,204.17999267578125,205.27999877929688,198.4499969482422,201.8800048828125,85907000
TSLA,2024-03-01,200.52000427246094,204.52000427246094,198.5,202.63999938964844,82243100
TSLA,2024-03-04,198.72999572753906,199.75,186.72000122070312,188.13999938964844,134334900
TSLA,2024-03-05,183.0500030517578,184.58999633789062,177.57000732421875,180.74000549316406,119660800
TSLA,2024-03-06,179.99000549316406,181.5800018310547,173.6999969482422,176.5399932861328,107920900
TSLA,2024-03-07,174.35000610351562,180.0399932861328,173.6999969482422,178.64999389648438,102129000
TSLA,2024-03-08,181.5,182.72999572753906,174.6999969482422,175.33999633789062,85544600
TSLA,2024-03-11,175.4499969482422,182.8699951171875,174.8000030517578,177.77000427246094,85391500
TSLA,2024-03-12,177.77000427246094,179.42999267578125,172.41000366210938,177.5399932861328,87391700
TSLA,2024-03-13,173.0500030517578,176.0500030517578,169.14999389648438,169.47999572753906,106524500
TSLA,2024-03-14,167.77000427246094,171.1699981689453,160.50999450683594,162.5,126325700
TSLA,2024-03-15,163.16000366210938,165.17999267578125,160.75999450683594,163.57000732421875,97146800
TSLA,2024-03-18,170.02000427246094,174.72000122070312,165.89999389648438,173.8000030517578,108214400
TSLA,2024-03-19,172.36000061035156,172.82000732421875,167.4199981689453,171.32000732421875,77271400
TSLA,2024-03-20,173.0,176.25,170.82000732421875,175.66000366210938,83846700
TSLA,2024-03-21,176.38999938964844,178.17999267578125,171.8000030517578,172.82000732421875,73178000
TSLA,2024-03-22,166.69000244140625,171.1999969482422,166.3000030517578,170.8300018310547,75580600
TSLA,2024-03-25,168.75999450683594,175.24000549316406,168.72999572753906,172.6300048828125,74228600
TSLA,2024-03-26,178.5800018310547,184.25,177.3800048828125,177.6699981689453,113186200
TSLA,2024-03-27,181.41000366210938,181.91000366210938,176.0,179.8300018310547,81804000
TSLA,2024-03-28,177.4499969482422,179.57000732421875,175.3000030517578,175.7899932861328,77654800
